order_id_new,calc_created,order_try_id_new,metered_price,upfront_price,distance,duration,gps_confidence,entered_by,b_state,dest_change_number,prediction_price_type,predicted_distance,predicted_duration,change_reason_pricing,ticket_id_new,rider_app_version,order_state,order_try_state,driver_app_version,driver_device_uid_new,device_name,eu_indicator,overpaid_ride_ticket,fraud_score,date,time,day_of_week,day_of_week_nr,month,year,is_invalid_ride,fraud_score_status,overcharge_status,hour,distance_km,predicted_distance_km,duration_min,predicted_duration_min,metered_price_eur,upfront_price_eur,hinna_muutus,hinna_muutus_eur,päeva_periood,speed_kmh,kiiruse_anomaalia,duration_difference,distance_difference,speed_grupp,weekday,device_brand,rider_app_group,driver_app_group,Koond seadmed,duration_diff_grupp,duration_min_grupp,distance_km_grupp,distance_grupp,duration_grupp
1095,2020-02-12 18:17:24,1095,6000.0,,2875,536,0,client,finished,1,prediction,3752.0,710.0,,2602,CA.4.27,finished,finished,DA.4.16,1081,TECNO MOBILE LIMITED TECNO CA7,0,0,0.0,2020-02-12,18:17:24,Wednesday,3,2,2020,False,Missing,NO OVERCHARGE,18,2.875,3.752,8.933333333333334,11.833333333333334,60.0,,,,lõuna,19.309701492537314,False,-2.9000000000000004,-0.8769999999999998,2–150 km/h,Wednesday,TECNO,CA.4,DA.4,TECNO,"(-5.0, 0.0]","(5.0, 10.0]","(2.0, 5.0]","(2.0, 5.0]","(5.0, 10.0]"
1649,2020-02-17 16:29:51,1649,27951.78,,18420,4090,0,client,finished,1,prediction,10441.0,2096.0,,3224,CA.5.36,finished,finished,DA.4.39,1384,Foxconn TG-L800S,0,1,0.0,2020-02-17,16:29:51,Monday,1,2,2020,False,Missing,NO OVERCHARGE,16,18.42,10.441,68.16666666666667,34.93333333333333,279.51779999999997,,,,lõuna,16.21320293398533,False,33.23333333333334,7.979000000000001,2–150 km/h,Monday,FOXCONN,CA.5,DA.4,Other,"(30.0, 60.0]","(60.0, inf]","(10.0, 20.0]","(15.0, 20.0]","(60.0, inf]"
1651,2020-02-17 16:29:00,1651,6856.6,,10135,1844,1,client,finished,1,prediction,10752.0,2181.0,,3220,CI.4.18,finished,finished,DA.4.39,1260,TECNO F3,0,0,0.0,2020-02-17,16:29:00,Monday,1,2,2020,False,Missing,NO OVERCHARGE,16,10.135,10.752,30.733333333333334,36.35,68.566,,,,lõuna,19.786334056399134,False,-5.616666666666667,-0.6170000000000009,2–150 km/h,Monday,TECNO,CI.4,DA.4,TECNO,"(-10.0, -5.0]","(30.0, 60.0]","(10.0, 20.0]","(10.0, 15.0]","(30.0, 60.0]"
1652,2020-02-17 16:24:09,1652,6871.7,,10341,1742,1,client,finished,1,prediction,10159.0,2097.0,,3222,CI.4.18,finished,finished,DA.4.37,493,Itel S12,0,0,0.0,2020-02-17,16:24:09,Monday,1,2,2020,False,Missing,NO OVERCHARGE,16,10.341,10.159,29.033333333333335,34.95,68.717,,,,lõuna,21.37060849598163,False,-5.916666666666668,0.1819999999999986,2–150 km/h,Monday,ITEL,CI.4,DA.4,Itel,"(-10.0, -5.0]","(20.0, 30.0]","(10.0, 20.0]","(10.0, 15.0]","(20.0, 30.0]"
1653,2020-02-17 16:46:58,1653,6790.02,,3675,1079,1,client,finished,1,prediction,4205.0,866.0,,3226,CA.5.43,finished,finished,DA.4.39,412,TECNO MOBILE LIMITED TECNO LA7,0,0,0.0,2020-02-17,16:46:58,Monday,1,2,2020,False,Missing,NO OVERCHARGE,16,3.675,4.205,17.983333333333334,14.433333333333334,67.9002,,,,lõuna,12.261353104726599,False,3.5500000000000007,-0.5300000000000002,2–150 km/h,Monday,TECNO,CA.5,DA.4,TECNO,"(0.0, 5.0]","(10.0, 20.0]","(2.0, 5.0]","(2.0, 5.0]","(15.0, 20.0]"
1655,2020-02-17 17:42:53,1655,8556.96,,3505,2126,1,client,finished,1,prediction,3001.0,620.0,,3241,CI.4.17,finished,finished,DA.4.39,1176,TECNO MOBILE LIMITED TECNO CA7,0,0,0.0,2020-02-17,17:42:53,Monday,1,2,2020,False,Missing,NO OVERCHARGE,17,3.505,3.001,35.43333333333333,10.333333333333334,85.5696,,,,lõuna,5.935089369708373,False,25.099999999999994,0.504,2–150 km/h,Monday,TECNO,CI.4,DA.4,TECNO,"(20.0, 30.0]","(30.0, 60.0]","(2.0, 5.0]","(2.0, 5.0]","(30.0, 60.0]"
1656,2020-02-17 17:16:03,1656,31043.74,,22326,2376,0,client,finished,1,prediction,7486.0,1180.0,,3251,CA.5.43,finished,finished,DA.4.39,1437,Samsung SM-G935U,0,0,0.0,2020-02-17,17:16:03,Monday,1,2,2020,False,Missing,NO OVERCHARGE,17,22.326,7.486,39.6,19.666666666666668,310.4374,,,,lõuna,33.82727272727273,False,19.933333333333334,14.84,2–150 km/h,Monday,SAMSUNG,CA.5,DA.4,Samsung,"(10.0, 20.0]","(30.0, 60.0]","(20.0, 30.0]","(20.0, inf]","(30.0, 60.0]"
1657,2020-02-17 18:26:30,1657,20016.72,,9906,5235,1,client,finished,1,prediction,10279.0,1914.0,,4337,CI.4.09,finished,finished,DA.4.23,932,TECNO K7,0,0,-12.0,2020-02-17,18:26:30,Monday,1,2,2020,False,Negative,NO OVERCHARGE,18,9.906,10.279,87.25,31.9,200.1672,,,,lõuna,6.8121489971346705,False,55.35,-0.37299999999999933,2–150 km/h,Monday,TECNO,CI.4,DA.4,TECNO,"(30.0, 60.0]","(60.0, inf]","(5.0, 10.0]","(5.0, 10.0]","(60.0, inf]"
1659,2020-02-17 18:30:45,1659,16907.46,,12330,2351,1,client,finished,1,prediction,11091.0,1817.0,,3596,CA.5.42,finished,finished,DA.4.39,289,Samsung SM-G532F,0,0,0.0,2020-02-17,18:30:45,Monday,1,2,2020,False,Missing,NO OVERCHARGE,18,12.33,11.091,39.18333333333333,30.283333333333335,169.0746,,,,lõuna,18.880476393024246,False,8.899999999999995,1.2390000000000008,2–150 km/h,Monday,SAMSUNG,CA.5,DA.4,Samsung,"(5.0, 10.0]","(30.0, 60.0]","(10.0, 20.0]","(10.0, 15.0]","(30.0, 60.0]"
1660,2020-02-17 18:50:56,1660,17517.24,,12248,2723,1,client,finished,1,prediction,11934.0,1848.0,,3252,CA.5.27,finished,finished,DA.4.37,1825,Samsung SM-G388F,0,1,0.0,2020-02-17,18:50:56,Monday,1,2,2020,False,Missing,NO OVERCHARGE,18,12.248,11.934,45.38333333333333,30.8,175.1724,,,,lõuna,16.192728608152773,False,14.583333333333332,0.31400000000000006,2–150 km/h,Monday,SAMSUNG,CA.5,DA.4,Samsung,"(10.0, 20.0]","(30.0, 60.0]","(10.0, 20.0]","(10.0, 15.0]","(30.0, 60.0]"
1661,2020-02-17 18:47:27,1661,15882.24,,12124,1895,1,client,finished,1,prediction,6413.0,1270.0,,3231,CA.5.08,finished,finished,DA.4.39,578,TECNO MOBILE LIMITED TECNO LA7,0,0,0.0,2020-02-17,18:47:27,Monday,1,2,2020,False,Missing,NO OVERCHARGE,18,12.124,6.413,31.583333333333332,21.166666666666668,158.8224,,,,lõuna,23.03240105540897,False,10.416666666666664,5.711,2–150 km/h,Monday,TECNO,CA.5,DA.4,TECNO,"(10.0, 20.0]","(30.0, 60.0]","(10.0, 20.0]","(10.0, 15.0]","(30.0, 60.0]"
1663,2020-02-17 19:17:43,1663,13602.24,,9216,2075,0,client,finished,1,prediction,3613.0,759.0,,3443,CA.5.44,finished,finished,DA.4.31,754,TECNO W2,0,1,0.0,2020-02-17,19:17:43,Monday,1,2,2020,False,Missing,NO OVERCHARGE,19,9.216,3.613,34.583333333333336,12.65,136.0224,,,,õhtu,15.98920481927711,False,21.933333333333337,5.603,2–150 km/h,Monday,TECNO,CA.5,DA.4,TECNO,"(20.0, 30.0]","(30.0, 60.0]","(5.0, 10.0]","(5.0, 10.0]","(30.0, 60.0]"
1666,2020-02-17 20:17:04,1666,29339.46,,21992,1750,0,client,finished,1,prediction,10087.0,1484.0,,3243,CA.5.44,finished,finished,DA.4.39,487,TECNO MOBILE LIMITED TECNO B1p,0,1,0.0,2020-02-17,20:17:04,Monday,1,2,2020,False,Missing,NO OVERCHARGE,20,21.992,10.087,29.166666666666668,24.733333333333334,293.39459999999997,,,,õhtu,45.24068571428572,False,4.433333333333334,11.905000000000001,2–150 km/h,Monday,TECNO,CA.5,DA.4,TECNO,"(0.0, 5.0]","(20.0, 30.0]","(20.0, 30.0]","(20.0, inf]","(20.0, 30.0]"
1670,2020-02-17 20:53:59,1670,11110.26,,8357,1138,1,client,finished,1,prediction,6755.0,793.0,,3245,CI.4.14,finished,finished,DA.4.39,640,Samsung SM-G610F,0,0,0.0,2020-02-17,20:53:59,Monday,1,2,2020,False,Missing,NO OVERCHARGE,20,8.357,6.755,18.966666666666665,13.216666666666667,111.1026,,,,õhtu,26.436906854130054,False,5.749999999999998,1.6019999999999994,2–150 km/h,Monday,SAMSUNG,CI.4,DA.4,Samsung,"(5.0, 10.0]","(10.0, 20.0]","(5.0, 10.0]","(5.0, 10.0]","(15.0, 20.0]"
1671,2020-02-17 21:00:50,1671,7555.5,,4175,1251,0,client,finished,1,prediction,868.0,257.0,,3244,CA.5.21,finished,finished,DA.4.39,1354,TECNO MOBILE LIMITED TECNO B1p,0,0,0.0,2020-02-17,21:00:50,Monday,1,2,2020,False,Missing,NO OVERCHARGE,21,4.175,0.868,20.85,4.283333333333333,75.555,,,,õhtu,12.014388489208633,False,16.56666666666667,3.307,2–150 km/h,Monday,TECNO,CA.5,DA.4,TECNO,"(10.0, 20.0]","(20.0, 30.0]","(2.0, 5.0]","(2.0, 5.0]","(20.0, 30.0]"
1672,2020-02-17 21:07:58,1672,33996.74,,25637,1148,0,client,finished,1,prediction,9683.0,1299.0,,27,CA.4.58,finished,finished,DI.3.34,44,"iPhone9,4",0,0,0.0,2020-02-17,21:07:58,Monday,1,2,2020,False,Missing,NO OVERCHARGE,21,25.637,9.683,19.133333333333333,21.65,339.9674,,,,õhtu,80.39477351916378,False,-2.5166666666666657,15.954,2–150 km/h,Monday,APPLE,CA.4,DI.3,Apple,"(-5.0, 0.0]","(10.0, 20.0]","(20.0, 30.0]","(20.0, inf]","(15.0, 20.0]"
1675,2020-02-17 22:40:08,1675,7228.02,,5011,665,1,client,finished,1,prediction,6755.0,939.0,,3246,CA.5.38,finished,finished,DA.4.34,756,OPPO A37fw,0,0,0.0,2020-02-17,22:40:08,Monday,1,2,2020,False,Missing,NO OVERCHARGE,22,5.011,6.755,11.083333333333334,15.65,72.28020000000001,,,,õhtu,27.127218045112784,False,-4.566666666666666,-1.7439999999999998,2–150 km/h,Monday,OPPO,CA.5,DA.4,Oppo,"(-5.0, 0.0]","(10.0, 20.0]","(5.0, 10.0]","(5.0, 10.0]","(10.0, 15.0]"
1676,2020-02-17 23:37:19,1676,37753.24,,27726,1305,0,client,finished,1,prediction,13313.0,1444.0,,3248,CA.5.32,finished,finished,DA.4.39,1988,Samsung SHV-E330L,0,0,0.0,2020-02-17,23:37:19,Monday,1,2,2020,False,Missing,NO OVERCHARGE,23,27.726,13.313,21.75,24.066666666666666,377.5324,,,,õhtu,76.48551724137931,False,-2.3166666666666664,14.412999999999998,2–150 km/h,Monday,SAMSUNG,CA.5,DA.4,Samsung,"(-5.0, 0.0]","(20.0, 30.0]","(20.0, 30.0]","(20.0, inf]","(20.0, 30.0]"
1678,2020-02-17 23:52:15,1678,20088.26,,17003,1083,0,client,finished,1,prediction,6887.0,1019.0,,3288,CA.5.42,finished,finished,DA.4.39,1354,TECNO MOBILE LIMITED TECNO B1p,0,1,0.0,2020-02-17,23:52:15,Monday,1,2,2020,False,Missing,NO OVERCHARGE,23,17.003,6.887,18.05,16.983333333333334,200.8826,,,,õhtu,56.5196675900277,False,1.0666666666666664,10.116,2–150 km/h,Monday,TECNO,CA.5,DA.4,TECNO,"(0.0, 5.0]","(10.0, 20.0]","(10.0, 20.0]","(15.0, 20.0]","(15.0, 20.0]"
1681,2020-02-18 07:31:57,1681,14677.5,,5972,4257,1,client,finished,1,prediction,9461.0,1511.0,,3267,CA.5.30,finished,finished,DA.4.39,1850,INFINIX MOBILITY LIMITED Infinix X624B,0,0,0.0,2020-02-18,07:31:57,Tuesday,2,2,2020,False,Missing,NO OVERCHARGE,7,5.972,9.461,70.95,25.183333333333334,146.775,,,,hommik,5.05031712473573,False,45.766666666666666,-3.489,2–150 km/h,Tuesday,INFINIX,CA.5,DA.4,Infinix,"(30.0, 60.0]","(60.0, inf]","(5.0, 10.0]","(5.0, 10.0]","(60.0, inf]"
1683,2020-02-18 06:49:14,1683,30644.0,,21894,2520,0,client,finished,1,prediction,10061.0,2080.0,,3283,CI.4.18,finished,finished,DA.4.31,922,Samsung SM-J600FN,0,1,0.0,2020-02-18,06:49:14,Tuesday,2,2,2020,False,Missing,NO OVERCHARGE,6,21.894,10.061,42.0,34.666666666666664,306.44,,,,öö,31.27714285714286,False,7.333333333333336,11.832999999999998,2–150 km/h,Tuesday,SAMSUNG,CI.4,DA.4,Samsung,"(5.0, 10.0]","(30.0, 60.0]","(20.0, 30.0]","(20.0, inf]","(30.0, 60.0]"
1685,2020-02-18 06:03:49,1685,2000.0,,0,41,1,client,finished,1,prediction,6409.0,1089.0,,3254,CI.4.14,finished,finished,DA.4.39,1407,TECNO F3,0,0,0.0,2020-02-18,06:03:49,Tuesday,2,2,2020,True,Missing,NO OVERCHARGE,6,0.0,6.409,0.6833333333333333,18.15,20.0,,,,öö,0.0,False,-17.466666666666665,-6.409,<2 km/h,Tuesday,TECNO,CI.4,DA.4,TECNO,,"(0.0, 5.0]",,,"(0.0, 5.0]"
1686,2020-02-18 06:47:56,1686,7755.78,,4693,1110,1,client,finished,1,prediction,2729.0,536.0,,3274,CI.4.18,finished,finished,DA.4.37,1772,Itel W6002,0,0,0.0,2020-02-18,06:47:56,Tuesday,2,2,2020,False,Missing,NO OVERCHARGE,6,4.693,2.729,18.5,8.933333333333334,77.5578,,,,öö,15.22054054054054,False,9.566666666666666,1.9639999999999995,2–150 km/h,Tuesday,ITEL,CI.4,DA.4,Itel,"(5.0, 10.0]","(10.0, 20.0]","(2.0, 5.0]","(2.0, 5.0]","(15.0, 20.0]"
1687,2020-02-18 06:31:01,1687,3113.3,,4464,760,1,client,finished,1,prediction,5077.0,942.0,,3260,CA.5.42,finished,finished,DA.4.39,1407,TECNO F3,0,0,0.0,2020-02-18,06:31:01,Tuesday,2,2,2020,False,Missing,NO OVERCHARGE,6,4.464,5.077,12.666666666666666,15.7,31.133000000000003,,,,öö,21.145263157894735,False,-3.033333333333333,-0.6129999999999995,2–150 km/h,Tuesday,TECNO,CA.5,DA.4,TECNO,"(-5.0, 0.0]","(10.0, 20.0]","(2.0, 5.0]","(2.0, 5.0]","(10.0, 15.0]"
1689,2020-02-18 06:49:58,1689,6000.0,,3054,452,1,client,finished,1,prediction,7593.0,1277.0,,3262,CA.5.44,finished,finished,DA.4.37,1062,TECNO WX3,0,0,0.0,2020-02-18,06:49:58,Tuesday,2,2,2020,False,Missing,NO OVERCHARGE,6,3.054,7.593,7.533333333333333,21.283333333333335,60.0,,,,öö,24.323893805309734,False,-13.750000000000002,-4.539,2–150 km/h,Tuesday,TECNO,CA.5,DA.4,TECNO,,"(5.0, 10.0]","(2.0, 5.0]","(2.0, 5.0]","(5.0, 10.0]"
1692,2020-02-18 07:36:06,1692,13101.96,,8998,1910,1,client,finished,1,prediction,8187.0,1396.0,,3278,CI.4.18,finished,finished,DA.4.39,2099,HMD Global Nokia 2.2,0,0,0.0,2020-02-18,07:36:06,Tuesday,2,2,2020,False,Missing,NO OVERCHARGE,7,8.998,8.187,31.833333333333332,23.266666666666666,131.0196,,,,hommik,16.95958115183246,False,8.566666666666666,0.8109999999999999,2–150 km/h,Tuesday,NOKIA,CI.4,DA.4,Other,"(5.0, 10.0]","(30.0, 60.0]","(5.0, 10.0]","(5.0, 10.0]","(30.0, 60.0]"
1695,2020-02-18 09:02:50,1695,23001.48,,17374,2296,0,client,finished,1,prediction,8741.0,1299.0,,3280,CA.5.37,finished,finished,DA.4.37,453,TECNO MOBILE LIMITED TECNO B1,0,0,0.0,2020-02-18,09:02:50,Tuesday,2,2,2020,False,Missing,NO OVERCHARGE,9,17.374,8.741,38.266666666666666,21.65,230.0148,,,,hommik,27.241463414634147,False,16.616666666666667,8.633,2–150 km/h,Tuesday,TECNO,CA.5,DA.4,TECNO,"(10.0, 20.0]","(30.0, 60.0]","(10.0, 20.0]","(15.0, 20.0]","(30.0, 60.0]"
1696,2020-02-18 08:27:54,1696,2000.0,,978,247,1,client,finished,1,prediction,950.0,183.0,,3275,CA.5.44,finished,finished,DA.4.37,321,Itel S12,0,0,0.0,2020-02-18,08:27:54,Tuesday,2,2,2020,False,Missing,NO OVERCHARGE,8,0.978,0.95,4.116666666666666,3.05,20.0,,,,hommik,14.25425101214575,False,1.0666666666666664,0.028000000000000025,2–150 km/h,Tuesday,ITEL,CA.5,DA.4,Itel,"(0.0, 5.0]","(0.0, 5.0]","(0.0, 2.0]","(0.0, 2.0]","(0.0, 5.0]"
1697,2020-02-18 08:59:27,1697,4338.4,,6600,946,1,client,finished,1,prediction,5810.0,885.0,,3281,CA.5.44,finished,finished,DA.4.37,2113,HMD Global Nokia 2.2,0,0,0.0,2020-02-18,08:59:27,Tuesday,2,2,2020,False,Missing,NO OVERCHARGE,8,6.6,5.81,15.766666666666667,14.75,43.38399999999999,,,,hommik,25.116279069767444,False,1.0166666666666675,0.79,2–150 km/h,Tuesday,NOKIA,CA.5,DA.4,Other,"(0.0, 5.0]","(10.0, 20.0]","(5.0, 10.0]","(5.0, 10.0]","(15.0, 20.0]"
1698,2020-02-18 09:59:37,1698,37948.46,,25697,3179,1,client,finished,5,prediction,25346.0,2138.0,client_destination_changed,3390,CA.5.43,finished,finished,DA.4.39,617,TECNO MOBILE LIMITED TECNO CC7,0,0,0.0,2020-02-18,09:59:37,Tuesday,2,2,2020,False,Missing,NO OVERCHARGE,9,25.697,25.346,52.983333333333334,35.63333333333333,379.4846,,,,hommik,29.10009436929852,False,17.35,0.3509999999999991,2–150 km/h,Tuesday,TECNO,CA.5,DA.4,TECNO,"(10.0, 20.0]","(30.0, 60.0]","(20.0, 30.0]","(20.0, inf]","(30.0, 60.0]"
1699,2020-02-18 09:35:40,1699,33079.46,,24413,1699,0,client,finished,1,prediction,13602.0,1967.0,,3282,CA.5.44,finished,finished,DA.4.39,1384,Foxconn TG-L800S,0,1,0.0,2020-02-18,09:35:40,Tuesday,2,2,2020,False,Missing,NO OVERCHARGE,9,24.413,13.602,28.316666666666666,32.78333333333333,330.7946,,,,hommik,51.72854620364921,False,-4.466666666666665,10.811,2–150 km/h,Tuesday,FOXCONN,CA.5,DA.4,Other,"(-5.0, 0.0]","(20.0, 30.0]","(20.0, 30.0]","(20.0, inf]","(20.0, 30.0]"
1701,2020-02-18 09:45:32,1701,6000.0,,2313,564,1,client,finished,1,prediction,2313.0,481.0,,3344,CA.5.43,finished,finished,DA.4.39,1331,Samsung SM-A207F,0,0,0.0,2020-02-18,09:45:32,Tuesday,2,2,2020,False,Missing,NO OVERCHARGE,9,2.313,2.313,9.4,8.016666666666667,60.0,,,,hommik,14.763829787234044,False,1.3833333333333329,0.0,2–150 km/h,Tuesday,SAMSUNG,CA.5,DA.4,Samsung,"(0.0, 5.0]","(5.0, 10.0]","(2.0, 5.0]","(2.0, 5.0]","(5.0, 10.0]"
1702,2020-02-18 11:41:19,1702,21315.48,,8209,6778,1,client,finished,1,prediction,748.0,173.0,,3302,CA.5.44,finished,finished,DA.4.34,756,OPPO A37fw,0,0,0.0,2020-02-18,11:41:19,Tuesday,2,2,2020,False,Missing,NO OVERCHARGE,11,8.209,0.748,112.96666666666667,2.8833333333333333,213.1548,,,,hommik,4.360047211566834,False,110.08333333333333,7.460999999999999,2–150 km/h,Tuesday,OPPO,CA.5,DA.4,Oppo,"(60.0, inf]","(60.0, inf]","(5.0, 10.0]","(5.0, 10.0]","(60.0, inf]"
1704,2020-02-18 10:47:29,1704,7962.72,,5504,825,1,client,finished,1,prediction,5411.0,743.0,,3368,CI.4.09,finished,finished,DA.4.39,1962,Samsung SM-G570F,0,0,0.0,2020-02-18,10:47:29,Tuesday,2,2,2020,False,Missing,NO OVERCHARGE,10,5.504,5.411,13.75,12.383333333333333,79.6272,,,,hommik,24.017454545454548,False,1.3666666666666671,0.09299999999999997,2–150 km/h,Tuesday,SAMSUNG,CI.4,DA.4,Samsung,"(0.0, 5.0]","(10.0, 20.0]","(5.0, 10.0]","(5.0, 10.0]","(10.0, 15.0]"
1705,2020-02-18 10:57:05,1705,14813.76,,12423,1165,0,client,finished,1,prediction,5738.0,1074.0,,3289,CI.4.18,finished,finished,DA.4.37,1762,TECNO MOBILE LIMITED TECNO B1,0,1,0.0,2020-02-18,10:57:05,Tuesday,2,2,2020,False,Missing,NO OVERCHARGE,10,12.423,5.738,19.416666666666668,17.9,148.1376,,,,hommik,38.388669527897,False,1.5166666666666693,6.685,2–150 km/h,Tuesday,TECNO,CI.4,DA.4,TECNO,"(0.0, 5.0]","(10.0, 20.0]","(10.0, 20.0]","(10.0, 15.0]","(15.0, 20.0]"
1706,2020-02-18 11:27:19,1706,16381.26,,11650,2398,1,client,finished,1,prediction,10625.0,1677.0,,3294,CA.5.43,finished,finished,DA.4.39,1332,HMD Global Nokia 2.2,0,0,0.0,2020-02-18,11:27:19,Tuesday,2,2,2020,False,Missing,NO OVERCHARGE,11,11.65,10.625,39.96666666666667,27.95,163.8126,,,,hommik,17.48957464553795,False,12.01666666666667,1.0250000000000004,2–150 km/h,Tuesday,NOKIA,CA.5,DA.4,Other,"(10.0, 20.0]","(30.0, 60.0]","(10.0, 20.0]","(10.0, 15.0]","(30.0, 60.0]"
1708,2020-02-18 11:27:32,1708,6072.24,,1987,1517,0,client,finished,1,prediction,1206.0,214.0,,3300,CA.5.44,finished,finished,DA.4.39,1088,INFINIX MOBILITY LIMITED Infinix X624B,0,1,0.0,2020-02-18,11:27:32,Tuesday,2,2,2020,False,Missing,NO OVERCHARGE,11,1.987,1.206,25.283333333333335,3.566666666666667,60.7224,,,,hommik,4.715359261700725,False,21.71666666666667,0.7810000000000001,2–150 km/h,Tuesday,INFINIX,CA.5,DA.4,Infinix,"(20.0, 30.0]","(20.0, 30.0]","(0.0, 2.0]","(0.0, 2.0]","(20.0, 30.0]"
1715,2020-02-18 13:10:28,1716,2000.0,,0,0,0,client,finished,1,prediction,7395.0,1458.0,,3312,CA.5.04,finished,finished,DA.4.37,503,TECNO F3,0,1,0.0,2020-02-18,13:10:28,Tuesday,2,2,2020,True,Missing,NO OVERCHARGE,13,0.0,7.395,0.0,24.3,20.0,,,,lõuna,,False,-24.3,-7.395,,Tuesday,TECNO,CA.5,DA.4,TECNO,,"(-5.0, 0.0]",,,
1717,2020-02-18 13:46:13,1717,22515.22,,16063,3174,1,client,finished,1,prediction,14025.0,2123.0,,3370,CA.5.44,finished,finished,DA.4.39,668,TECNO K7,0,1,0.0,2020-02-18,13:46:13,Tuesday,2,2,2020,False,Missing,NO OVERCHARGE,13,16.063,14.025,52.9,35.38333333333333,225.15220000000002,,,,lõuna,18.21890359168242,False,17.516666666666666,2.0379999999999985,2–150 km/h,Tuesday,TECNO,CA.5,DA.4,TECNO,"(10.0, 20.0]","(30.0, 60.0]","(10.0, 20.0]","(15.0, 20.0]","(30.0, 60.0]"
1718,2020-02-18 13:16:59,1718,4884.9,,7296,1182,0,client,finished,1,prediction,2946.0,334.0,,3308,CA.5.42,finished,finished,DA.4.39,1297,TECNO MOBILE LIMITED TECNO KA7,0,0,0.0,2020-02-18,13:16:59,Tuesday,2,2,2020,False,Missing,NO OVERCHARGE,13,7.296,2.946,19.7,5.566666666666666,48.849,,,,lõuna,22.221319796954315,False,14.133333333333333,4.35,2–150 km/h,Tuesday,TECNO,CA.5,DA.4,TECNO,"(10.0, 20.0]","(10.0, 20.0]","(5.0, 10.0]","(5.0, 10.0]","(15.0, 20.0]"
1719,2020-02-18 13:46:22,1719,11494.02,,7325,1853,1,client,finished,1,prediction,5246.0,787.0,,3313,CI.4.14,finished,finished,DA.4.35,264,Samsung SM-A8000,0,0,-1910.0,2020-02-18,13:46:22,Tuesday,2,2,2020,False,Negative,NO OVERCHARGE,13,7.325,5.246,30.883333333333333,13.116666666666667,114.9402,,,,lõuna,14.23097679438748,False,17.766666666666666,2.0789999999999997,2–150 km/h,Tuesday,SAMSUNG,CI.4,DA.4,Samsung,"(10.0, 20.0]","(30.0, 60.0]","(5.0, 10.0]","(5.0, 10.0]","(30.0, 60.0]"
1720,2020-02-18 14:38:28,1720,22334.76,,14364,4315,0,client,finished,1,prediction,12969.0,2078.0,,3321,CA.5.42,finished,finished,DA.4.34,1072,TECNO MOBILE LIMITED TECNO KA7,0,0,0.0,2020-02-18,14:38:28,Tuesday,2,2,2020,False,Missing,NO OVERCHARGE,14,14.364,12.969,71.91666666666667,34.63333333333333,223.34759999999997,,,,lõuna,11.983870220162224,False,37.28333333333334,1.3950000000000014,2–150 km/h,Tuesday,TECNO,CA.5,DA.4,TECNO,"(30.0, 60.0]","(60.0, inf]","(10.0, 20.0]","(10.0, 15.0]","(60.0, inf]"
1721,2020-02-18 15:18:59,1721,13638.0,,2120,5580,0,client,finished,1,prediction,9527.0,1298.0,,3349,CA.5.43,finished,finished,DA.4.39,2099,HMD Global Nokia 2.2,0,0,0.0,2020-02-18,15:18:59,Tuesday,2,2,2020,False,Missing,NO OVERCHARGE,15,2.12,9.527,93.0,21.633333333333333,136.38,,,,lõuna,1.367741935483871,False,71.36666666666667,-7.406999999999999,<2 km/h,Tuesday,NOKIA,CA.5,DA.4,Other,"(60.0, inf]","(60.0, inf]","(2.0, 5.0]","(2.0, 5.0]","(60.0, inf]"
1722,2020-02-18 15:03:49,1722,84751.98,,53522,4615,0,client,finished,1,prediction,15272.0,2354.0,,3323,CA.4.69,finished,finished,DA.4.16,266,Samsung SM-J400F,0,0,0.0,2020-02-18,15:03:49,Tuesday,2,2,2020,False,Missing,NO OVERCHARGE,15,53.522,15.272,76.91666666666667,39.233333333333334,847.5197999999999,,,,lõuna,41.750639219934996,False,37.68333333333334,38.25,2–150 km/h,Tuesday,SAMSUNG,CA.4,DA.4,Samsung,"(30.0, 60.0]","(60.0, inf]","(50.0, 100.0]","(20.0, inf]","(60.0, inf]"
1726,2020-02-18 15:46:56,1726,7860.96,,4016,1496,0,client,finished,1,prediction,9257.0,1680.0,,3343,CA.5.43,finished,finished,DA.4.39,1558,TECNO MOBILE LIMITED TECNO CF7,0,0,0.0,2020-02-18,15:46:56,Tuesday,2,2,2020,False,Missing,NO OVERCHARGE,15,4.016,9.257,24.933333333333334,28.0,78.6096,,,,lõuna,9.664171122994652,False,-3.0666666666666664,-5.241,2–150 km/h,Tuesday,TECNO,CA.5,DA.4,TECNO,"(-5.0, 0.0]","(20.0, 30.0]","(2.0, 5.0]","(2.0, 5.0]","(20.0, 30.0]"
1727,2020-02-18 15:42:55,1728,17223.78,,13124,2136,0,client,finished,1,prediction,9689.0,1706.0,,4099,CA.5.44,finished,finished,DA.4.39,687,TECNO-C9,0,0,-226.0,2020-02-18,15:42:55,Tuesday,2,2,2020,False,Negative,NO OVERCHARGE,15,13.124,9.689,35.6,28.433333333333334,172.2378,,,,lõuna,22.119101123595506,False,7.166666666666668,3.4350000000000005,2–150 km/h,Tuesday,TECNO,CA.5,DA.4,TECNO,"(5.0, 10.0]","(30.0, 60.0]","(10.0, 20.0]","(10.0, 15.0]","(30.0, 60.0]"
1728,2020-02-18 15:35:08,1727,21680.0,,38685,2644,0,client,finished,1,prediction,12932.0,2604.0,,3325,CA.5.38,finished,finished,DA.4.39,1267,TECNO MOBILE LIMITED TECNO B1p,0,1,0.0,2020-02-18,15:35:08,Tuesday,2,2,2020,False,Missing,NO OVERCHARGE,15,38.685,12.932,44.06666666666667,43.4,216.8,,,,lõuna,52.67246596066566,False,0.6666666666666714,25.753,2–150 km/h,Tuesday,TECNO,CA.5,DA.4,TECNO,"(0.0, 5.0]","(30.0, 60.0]","(30.0, 50.0]","(20.0, inf]","(30.0, 60.0]"
1730,2020-02-18 15:35:50,1730,8015.28,,5506,849,1,client,finished,1,prediction,1868.0,353.0,,3330,CI.4.18,finished,finished,DA.4.39,509,INFINIX MOBILITY LIMITED Infinix X624B,0,0,0.0,2020-02-18,15:35:50,Tuesday,2,2,2020,False,Missing,NO OVERCHARGE,15,5.506,1.868,14.15,5.883333333333334,80.1528,,,,lõuna,23.346996466431097,False,8.266666666666666,3.638,2–150 km/h,Tuesday,INFINIX,CI.4,DA.4,Infinix,"(5.0, 10.0]","(10.0, 20.0]","(5.0, 10.0]","(5.0, 10.0]","(10.0, 15.0]"
1739,2020-02-18 15:59:35,1739,12369.48,,11356,417,0,client,finished,1,prediction,2158.0,484.0,,3516,CA.5.44,finished,finished,DA.4.16,1967,TECNO-J8,0,1,0.0,2020-02-18,15:59:35,Tuesday,2,2,2020,False,Missing,NO OVERCHARGE,15,11.356,2.158,6.95,8.066666666666666,123.6948,,,,lõuna,98.03741007194245,False,-1.1166666666666663,9.198,2–150 km/h,Tuesday,TECNO,CA.5,DA.4,TECNO,"(-5.0, 0.0]","(5.0, 10.0]","(10.0, 20.0]","(10.0, 15.0]","(5.0, 10.0]"
1742,2020-02-18 16:54:28,1742,6000.0,,16,6,1,client,finished,1,prediction,6113.0,1117.0,,3336,CI.4.18,finished,finished,DA.4.39,1244,TECNO MOBILE LIMITED TECNO LA7,0,0,0.0,2020-02-18,16:54:28,Tuesday,2,2,2020,False,Missing,NO OVERCHARGE,16,0.016,6.113,0.1,18.616666666666667,60.0,,,,lõuna,9.6,False,-18.516666666666666,-6.097,2–150 km/h,Tuesday,TECNO,CI.4,DA.4,TECNO,,"(0.0, 5.0]","(0.0, 2.0]","(0.0, 2.0]","(0.0, 5.0]"
1745,2020-02-18 17:09:47,1745,6000.0,,65,31,1,client,finished,1,prediction,5308.0,927.0,,3339,CI.4.09,finished,finished,DA.4.35,1902,TECNO MOBILE LIMITED TECNO CF7,0,0,12.0,2020-02-18,17:09:47,Tuesday,2,2,2020,False,Positive,NO OVERCHARGE,17,0.065,5.308,0.5166666666666667,15.45,60.0,,,,lõuna,7.548387096774193,False,-14.933333333333332,-5.242999999999999,2–150 km/h,Tuesday,TECNO,CI.4,DA.4,TECNO,,"(0.0, 5.0]","(0.0, 2.0]","(0.0, 2.0]","(0.0, 5.0]"
1746,2020-02-18 17:58:03,1746,53794.78,,36488,2476,0,client,finished,1,prediction,9771.0,1899.0,,3358,CA.5.44,finished,finished,DA.4.39,687,TECNO-C9,0,1,-226.0,2020-02-18,17:58:03,Tuesday,2,2,2020,False,Negative,NO OVERCHARGE,17,36.488,9.771,41.266666666666666,31.65,537.9478,,,,lõuna,53.05201938610663,False,9.616666666666667,26.717,2–150 km/h,Tuesday,TECNO,CA.5,DA.4,TECNO,"(5.0, 10.0]","(30.0, 60.0]","(30.0, 50.0]","(20.0, inf]","(30.0, 60.0]"
1748,2020-02-18 19:17:25,1748,9926.22,,6705,1330,0,client,finished,1,prediction,7394.0,1291.0,,3377,CI.4.18,finished,finished,DA.4.34,1152,TECNO MOBILE LIMITED TECNO BA2,0,0,0.0,2020-02-18,19:17:25,Tuesday,2,2,2020,False,Missing,NO OVERCHARGE,19,6.705,7.394,22.166666666666668,21.516666666666666,99.26219999999999,,,,õhtu,18.14887218045113,False,0.6500000000000021,-0.6890000000000001,2–150 km/h,Tuesday,TECNO,CI.4,DA.4,TECNO,"(0.0, 5.0]","(20.0, 30.0]","(5.0, 10.0]","(5.0, 10.0]","(20.0, 30.0]"
1749,2020-02-18 20:02:30,1749,15789.72,,10752,2517,1,client,finished,1,prediction,10726.0,1682.0,,3350,CI.4.12,finished,finished,DA.4.39,571,Samsung SM-G900H,0,0,0.0,2020-02-18,20:02:30,Tuesday,2,2,2020,False,Missing,NO OVERCHARGE,20,10.752,10.726,41.95,28.033333333333335,157.8972,,,,õhtu,15.378307508939214,False,13.916666666666668,0.0259999999999998,2–150 km/h,Tuesday,SAMSUNG,CI.4,DA.4,Samsung,"(10.0, 20.0]","(30.0, 60.0]","(10.0, 20.0]","(10.0, 15.0]","(30.0, 60.0]"
1751,2020-02-18 20:28:26,1751,37893.04,,26977,2117,0,client,finished,1,prediction,10020.0,1465.0,,3373,CA.5.44,finished,finished,DA.4.34,1689,Itel itel P12,0,1,0.0,2020-02-18,20:28:26,Tuesday,2,2,2020,False,Missing,NO OVERCHARGE,20,26.977,10.02,35.28333333333333,24.416666666666668,378.9304,,,,õhtu,45.87491733585262,False,10.866666666666664,16.957,2–150 km/h,Tuesday,ITEL,CA.5,DA.4,Itel,"(10.0, 20.0]","(30.0, 60.0]","(20.0, 30.0]","(20.0, inf]","(30.0, 60.0]"
1752,2020-02-18 20:20:44,1752,27601.85,,19136,1018,0,client,finished,1,prediction,8592.0,1057.0,,3353,CA.5.36,finished,finished,DA.4.39,2093,Samsung SM-G925F,0,1,0.0,2020-02-18,20:20:44,Tuesday,2,2,2020,False,Missing,NO OVERCHARGE,20,19.136,8.592,16.966666666666665,17.616666666666667,276.01849999999996,,,,õhtu,67.67151277013753,False,-0.6500000000000021,10.543999999999999,2–150 km/h,Tuesday,SAMSUNG,CA.5,DA.4,Samsung,"(-5.0, 0.0]","(10.0, 20.0]","(10.0, 20.0]","(15.0, 20.0]","(15.0, 20.0]"
1757,2020-02-18 22:39:22,1757,6000.0,,2904,363,1,client,finished,1,prediction,3312.0,532.0,,3362,CA.5.00,finished,finished,DA.4.39,1011,Samsung SM-N9100,0,1,0.0,2020-02-18,22:39:22,Tuesday,2,2,2020,False,Missing,NO OVERCHARGE,22,2.904,3.312,6.05,8.866666666666667,60.0,,,,õhtu,28.8,False,-2.8166666666666673,-0.4079999999999999,2–150 km/h,Tuesday,SAMSUNG,CA.5,DA.4,Samsung,"(-5.0, 0.0]","(5.0, 10.0]","(2.0, 5.0]","(2.0, 5.0]","(5.0, 10.0]"
1761,2020-02-19 03:07:12,1761,16192.5,,14066,1128,0,client,finished,1,prediction,7913.0,1096.0,,3365,CA.5.36,finished,finished,DA.4.37,1019,ITEL MOBILE LIMITED itel A23A,0,1,0.0,2020-02-19,03:07:12,Wednesday,3,2,2020,False,Missing,NO OVERCHARGE,3,14.066,7.913,18.8,18.266666666666666,161.925,,,,öö,44.89148936170213,False,0.533333333333335,6.1530000000000005,2–150 km/h,Wednesday,ITEL,CA.5,DA.4,Itel,"(0.0, 5.0]","(10.0, 20.0]","(10.0, 20.0]","(10.0, 15.0]","(15.0, 20.0]"
1762,2020-02-19 03:14:22,1762,26279.76,,19891,1889,0,client,finished,1,prediction,10048.0,1155.0,,3366,CA.5.43,finished,finished,DI.3.28,167,"iPhone8,1",0,1,0.0,2020-02-19,03:14:22,Wednesday,3,2,2020,False,Missing,NO OVERCHARGE,3,19.891,10.048,31.483333333333334,19.25,262.7976,,,,öö,37.9076760190577,False,12.233333333333334,9.842999999999998,2–150 km/h,Wednesday,APPLE,CA.5,DI.3,Apple,"(10.0, 20.0]","(30.0, 60.0]","(10.0, 20.0]","(15.0, 20.0]","(30.0, 60.0]"
1764,2020-02-19 04:27:35,1764,24086.28,,18508,1957,0,client,finished,1,prediction,4602.0,726.0,,3369,CA.5.38,finished,finished,DA.4.39,1632,TECNO K7,0,1,0.0,2020-02-19,04:27:35,Wednesday,3,2,2020,False,Missing,NO OVERCHARGE,4,18.508,4.602,32.61666666666667,12.1,240.8628,,,,öö,34.046397547266224,False,20.516666666666666,13.905999999999999,2–150 km/h,Wednesday,TECNO,CA.5,DA.4,TECNO,"(20.0, 30.0]","(30.0, 60.0]","(10.0, 20.0]","(15.0, 20.0]","(30.0, 60.0]"
1766,2020-02-19 05:28:20,1766,6000.0,,1164,137,1,client,finished,1,prediction,6968.0,1094.0,,3382,CA.5.44,finished,finished,DA.4.39,1539,TECNO MOBILE LIMITED TECNO F3,0,0,0.0,2020-02-19,05:28:20,Wednesday,3,2,2020,False,Missing,NO OVERCHARGE,5,1.164,6.968,2.283333333333333,18.233333333333334,60.0,,,,öö,30.586861313868617,False,-15.950000000000001,-5.804,2–150 km/h,Wednesday,TECNO,CA.5,DA.4,TECNO,,"(0.0, 5.0]","(0.0, 2.0]","(0.0, 2.0]","(0.0, 5.0]"
1768,2020-02-19 05:38:43,1768,10604.2,,19292,927,0,client,finished,1,prediction,4380.0,1041.0,,3689,CA.5.44,finished,finished,DA.4.39,409,ITEL MOBILE LIMITED itel A23A,0,1,0.0,2020-02-19,05:38:43,Wednesday,3,2,2020,False,Missing,NO OVERCHARGE,5,19.292,4.38,15.45,17.35,106.042,,,,öö,74.92038834951457,False,-1.9000000000000021,14.912000000000003,2–150 km/h,Wednesday,ITEL,CA.5,DA.4,Itel,"(-5.0, 0.0]","(10.0, 20.0]","(10.0, 20.0]","(15.0, 20.0]","(15.0, 20.0]"
1771,2020-02-19 06:55:07,1771,39868.98,,27513,2681,0,client,finished,1,prediction,12381.0,2123.0,,3386,CA.5.42,finished,finished,DA.4.37,1762,TECNO MOBILE LIMITED TECNO B1,0,1,0.0,2020-02-19,06:55:07,Wednesday,3,2,2020,False,Missing,NO OVERCHARGE,6,27.513,12.381,44.68333333333333,35.38333333333333,398.68980000000005,,,,öö,36.94397612831033,False,9.299999999999997,15.132000000000001,2–150 km/h,Wednesday,TECNO,CA.5,DA.4,TECNO,"(5.0, 10.0]","(30.0, 60.0]","(20.0, 30.0]","(20.0, inf]","(30.0, 60.0]"
1772,2020-02-19 07:03:44,1772,26187.54,,18868,2725,0,client,finished,1,prediction,11435.0,1844.0,,3403,CI.4.17,finished,finished,DA.4.37,994,TECNO-J8,0,1,0.0,2020-02-19,07:03:44,Wednesday,3,2,2020,False,Missing,NO OVERCHARGE,7,18.868,11.435,45.416666666666664,30.733333333333334,261.8754,,,,hommik,24.926532110091745,False,14.68333333333333,7.432999999999998,2–150 km/h,Wednesday,TECNO,CI.4,DA.4,TECNO,"(10.0, 20.0]","(30.0, 60.0]","(10.0, 20.0]","(15.0, 20.0]","(30.0, 60.0]"
1773,2020-02-19 06:36:32,1773,9000.0,,412,627,1,client,finished,1,prediction,5878.0,976.0,,3378,CA.5.42,finished,finished,DA.4.39,1721,ITEL MOBILE LIMITED itel A23A,0,0,0.0,2020-02-19,06:36:32,Wednesday,3,2,2020,False,Missing,NO OVERCHARGE,6,0.412,5.878,10.45,16.266666666666666,90.0,,,,öö,2.36555023923445,False,-5.816666666666666,-5.466,2–150 km/h,Wednesday,ITEL,CA.5,DA.4,Itel,"(-10.0, -5.0]","(10.0, 20.0]","(0.0, 2.0]","(0.0, 2.0]","(10.0, 15.0]"
1776,2020-02-19 07:51:09,1776,20111.22,,13035,3750,1,client,finished,1,prediction,11299.0,1730.0,,3391,CA.4.92,finished,finished,DA.4.34,1793,HTC_D530u,0,0,0.0,2020-02-19,07:51:09,Wednesday,3,2,2020,False,Missing,NO OVERCHARGE,7,13.035,11.299,62.5,28.833333333333332,201.1122,,,,hommik,12.5136,False,33.66666666666667,1.7360000000000007,2–150 km/h,Wednesday,HTC,CA.4,DA.4,Other,"(30.0, 60.0]","(60.0, inf]","(10.0, 20.0]","(10.0, 15.0]","(60.0, inf]"
1777,2020-02-19 07:51:18,1777,12521.6,,19276,3158,0,client,finished,1,prediction,17295.0,2977.0,,3393,CA.4.83,finished,finished,DA.4.39,853,TECNO F3,0,0,0.0,2020-02-19,07:51:18,Wednesday,3,2,2020,False,Missing,NO OVERCHARGE,7,19.276,17.295,52.63333333333333,49.61666666666667,125.21600000000001,,,,hommik,21.973907536415453,False,3.0166666666666657,1.980999999999998,2–150 km/h,Wednesday,TECNO,CA.4,DA.4,TECNO,"(0.0, 5.0]","(30.0, 60.0]","(10.0, 20.0]","(15.0, 20.0]","(30.0, 60.0]"
1779,2020-02-19 08:24:38,1779,48925.04,,33712,2271,0,client,finished,1,prediction,11240.0,1692.0,,3807,CA.5.42,finished,finished,DA.4.39,1354,TECNO MOBILE LIMITED TECNO B1p,0,1,0.0,2020-02-19,08:24:38,Wednesday,3,2,2020,False,Missing,NO OVERCHARGE,8,33.712,11.24,37.85,28.2,489.2504,,,,hommik,53.44042272126816,False,9.650000000000002,22.472,2–150 km/h,Wednesday,TECNO,CA.5,DA.4,TECNO,"(5.0, 10.0]","(30.0, 60.0]","(30.0, 50.0]","(20.0, inf]","(30.0, 60.0]"
1782,2020-02-19 08:31:31,1782,3024.9,,4356,714,1,client,finished,1,prediction,4141.0,629.0,,3411,CI.4.14,finished,finished,DA.4.37,2113,HMD Global Nokia 2.2,0,1,0.0,2020-02-19,08:31:31,Wednesday,3,2,2020,False,Missing,NO OVERCHARGE,8,4.356,4.141,11.9,10.483333333333333,30.249000000000002,,,,hommik,21.963025210084034,False,1.4166666666666679,0.21499999999999986,2–150 km/h,Wednesday,NOKIA,CI.4,DA.4,Other,"(0.0, 5.0]","(10.0, 20.0]","(2.0, 5.0]","(2.0, 5.0]","(10.0, 15.0]"
1786,2020-02-19 09:27:27,1786,15710.22,,13205,1288,0,client,finished,1,prediction,4615.0,783.0,,3415,CI.4.18,finished,finished,DA.4.39,1854,INFINIX MOBILITY LIMITED Infinix X5515,0,1,0.0,2020-02-19,09:27:27,Wednesday,3,2,2020,False,Missing,NO OVERCHARGE,9,13.205,4.615,21.466666666666665,13.05,157.10219999999998,,,,hommik,36.9083850931677,False,8.416666666666664,8.59,2–150 km/h,Wednesday,INFINIX,CI.4,DA.4,Infinix,"(5.0, 10.0]","(20.0, 30.0]","(10.0, 20.0]","(10.0, 15.0]","(20.0, 30.0]"
1787,2020-02-19 09:36:22,1787,22260.02,,17929,1426,0,client,finished,1,prediction,9080.0,1451.0,,3548,CA.5.00,finished,finished,DA.4.39,1544,TECNO MOBILE LIMITED TECNO B1,0,0,0.0,2020-02-19,09:36:22,Wednesday,3,2,2020,False,Missing,NO OVERCHARGE,9,17.929,9.08,23.766666666666666,24.183333333333334,222.6002,,,,hommik,45.26255259467041,False,-0.41666666666666785,8.848999999999998,2–150 km/h,Wednesday,TECNO,CA.5,DA.4,TECNO,"(-5.0, 0.0]","(20.0, 30.0]","(10.0, 20.0]","(15.0, 20.0]","(20.0, 30.0]"
1788,2020-02-19 09:39:56,1788,6000.0,,145,503,1,client,finished,1,prediction,13721.0,1504.0,,3402,CA.5.13,finished,finished,DA.4.31,1969,Samsung SM-A510F,0,0,-1130.0,2020-02-19,09:39:56,Wednesday,3,2,2020,False,Negative,NO OVERCHARGE,9,0.145,13.721,8.383333333333333,25.066666666666666,60.0,,,,hommik,1.0377733598409544,False,-16.683333333333334,-13.576,<2 km/h,Wednesday,SAMSUNG,CA.5,DA.4,Samsung,,"(5.0, 10.0]","(0.0, 2.0]","(0.0, 2.0]","(5.0, 10.0]"
1789,2020-02-19 10:35:10,1789,31688.78,,21893,3139,0,client,finished,1,prediction,8154.0,1356.0,,3426,CA.4.77,finished,finished,DA.4.41,1970,TECNO MOBILE LIMITED TECNO KA7,0,0,0.0,2020-02-19,10:35:10,Wednesday,3,2,2020,False,Missing,NO OVERCHARGE,10,21.893,8.154,52.31666666666667,22.6,316.88779999999997,,,,hommik,25.108251035361583,False,29.71666666666667,13.739,2–150 km/h,Wednesday,TECNO,CA.4,DA.4,TECNO,"(20.0, 30.0]","(30.0, 60.0]","(20.0, 30.0]","(20.0, inf]","(30.0, 60.0]"
1791,2020-02-19 10:25:52,1791,23809.98,,18365,1873,1,client,finished,1,prediction,13721.0,1444.0,,3407,CA.5.13,finished,finished,DA.4.39,1155,KONKA L570X,0,0,-1130.0,2020-02-19,10:25:52,Wednesday,3,2,2020,False,Negative,NO OVERCHARGE,10,18.365,13.721,31.216666666666665,24.066666666666666,238.0998,,,,hommik,35.298451681793914,False,7.149999999999999,4.643999999999998,2–150 km/h,Wednesday,KONKA,CA.5,DA.4,Other,"(5.0, 10.0]","(30.0, 60.0]","(10.0, 20.0]","(15.0, 20.0]","(30.0, 60.0]"
1793,2020-02-19 10:15:19,1793,14012.28,,12102,946,0,client,finished,1,prediction,6051.0,914.0,,3442,CA.5.44,finished,finished,DA.4.39,1887,HTC One M9,0,1,0.0,2020-02-19,10:15:19,Wednesday,3,2,2020,False,Missing,NO OVERCHARGE,10,12.102,6.051,15.766666666666667,15.233333333333333,140.1228,,,,hommik,46.05412262156449,False,0.533333333333335,6.051,2–150 km/h,Wednesday,HTC,CA.5,DA.4,Other,"(0.0, 5.0]","(10.0, 20.0]","(10.0, 20.0]","(10.0, 15.0]","(15.0, 20.0]"
1796,2020-02-19 11:35:46,1796,20386.96,,15583,2432,1,client,finished,1,prediction,8987.0,1154.0,,3409,CA.5.44,finished,finished,DA.4.39,1959,OPPO CPH1803,0,0,0.0,2020-02-19,11:35:46,Wednesday,3,2,2020,False,Missing,NO OVERCHARGE,11,15.583,8.987,40.53333333333333,19.233333333333334,203.8696,,,,hommik,23.066940789473684,False,21.299999999999997,6.596,2–150 km/h,Wednesday,OPPO,CA.5,DA.4,Oppo,"(20.0, 30.0]","(30.0, 60.0]","(10.0, 20.0]","(15.0, 20.0]","(30.0, 60.0]"
1797,2020-02-19 12:44:21,1797,22080.1,,40135,2255,0,client,finished,1,prediction,15588.0,2273.0,,3471,CI.4.18,finished,finished,DA.4.39,1863,HMD Global TA-1032,0,1,0.0,2020-02-19,12:44:21,Wednesday,3,2,2020,False,Missing,NO OVERCHARGE,12,40.135,15.588,37.583333333333336,37.88333333333333,220.801,,,,hommik,64.07361419068737,False,-0.29999999999999716,24.546999999999997,2–150 km/h,Wednesday,NOKIA,CI.4,DA.4,Other,"(-5.0, 0.0]","(30.0, 60.0]","(30.0, 50.0]","(20.0, inf]","(30.0, 60.0]"
1798,2020-02-19 13:17:57,1798,54367.54,,35413,3676,0,client,finished,1,prediction,9355.0,1758.0,,3418,CA.5.43,finished,finished,DA.4.34,1785,TECNO MOBILE LIMITED TECNO B1,0,1,0.0,2020-02-19,13:17:57,Wednesday,3,2,2020,False,Missing,NO OVERCHARGE,13,35.413,9.355,61.266666666666666,29.3,543.6754,,,,lõuna,34.680848748639825,False,31.966666666666665,26.057999999999996,2–150 km/h,Wednesday,TECNO,CA.5,DA.4,TECNO,"(30.0, 60.0]","(60.0, inf]","(30.0, 50.0]","(20.0, inf]","(60.0, inf]"
1799,2020-02-19 12:47:30,1799,45073.96,,32017,1670,1,client,finished,1,prediction,6609.0,1094.0,,3420,CI.4.18,finished,finished,DA.4.37,453,TECNO MOBILE LIMITED TECNO B1,0,1,0.0,2020-02-19,12:47:30,Wednesday,3,2,2020,False,Missing,NO OVERCHARGE,12,32.017,6.609,27.833333333333332,18.233333333333334,450.7396,,,,hommik,69.01868263473054,False,9.599999999999998,25.408,2–150 km/h,Wednesday,TECNO,CI.4,DA.4,TECNO,"(5.0, 10.0]","(20.0, 30.0]","(30.0, 50.0]","(20.0, inf]","(20.0, 30.0]"
1800,2020-02-19 13:39:48,1800,28614.78,,18027,4782,1,client,finished,1,prediction,10638.0,1719.0,,3416,CA.5.42,finished,finished,DA.4.14,40,Infinix NOTE 3,0,0,0.0,2020-02-19,13:39:48,Wednesday,3,2,2020,False,Missing,NO OVERCHARGE,13,18.027,10.638,79.7,28.65,286.14779999999996,,,,lõuna,13.571141781681304,False,51.050000000000004,7.389000000000001,2–150 km/h,Wednesday,INFINIX,CA.5,DA.4,Infinix,"(30.0, 60.0]","(60.0, inf]","(10.0, 20.0]","(15.0, 20.0]","(60.0, inf]"
1801,2020-02-19 13:18:42,1801,35071.22,,23663,3390,1,client,finished,1,prediction,23815.0,2711.0,,3410,CA.5.44,finished,finished,DA.4.37,1986,HUAWEI TRT-L21A,0,0,-1360.0,2020-02-19,13:18:42,Wednesday,3,2,2020,False,Negative,NO OVERCHARGE,13,23.663,23.815,56.5,45.18333333333333,350.7122,,,,lõuna,25.128849557522127,False,11.31666666666667,-0.15200000000000102,2–150 km/h,Wednesday,HUAWEI,CA.5,DA.4,Huawei,"(10.0, 20.0]","(30.0, 60.0]","(20.0, 30.0]","(20.0, inf]","(30.0, 60.0]"
1803,2020-02-19 13:52:39,1803,14351.52,,8906,2636,1,client,finished,1,prediction,7906.0,1544.0,,3432,CA.5.43,finished,finished,DA.4.39,2081,INFINIX MOBILITY LIMITED Infinix X5516B,0,0,0.0,2020-02-19,13:52:39,Wednesday,3,2,2020,False,Missing,NO OVERCHARGE,13,8.906,7.906,43.93333333333333,25.733333333333334,143.5152,,,,lõuna,12.162974203338392,False,18.199999999999996,1.0000000000000009,2–150 km/h,Wednesday,INFINIX,CA.5,DA.4,Infinix,"(10.0, 20.0]","(30.0, 60.0]","(5.0, 10.0]","(5.0, 10.0]","(30.0, 60.0]"
1805,2020-02-19 14:03:12,1805,51562.96,,34566,2938,0,client,finished,1,prediction,12802.0,2024.0,,3427,CI.4.18,finished,finished,DA.4.39,1854,INFINIX MOBILITY LIMITED Infinix X5515,0,0,0.0,2020-02-19,14:03:12,Wednesday,3,2,2020,False,Missing,NO OVERCHARGE,14,34.566,12.802,48.96666666666667,33.733333333333334,515.6296,,,,lõuna,42.354526889040166,False,15.233333333333334,21.764000000000003,2–150 km/h,Wednesday,INFINIX,CI.4,DA.4,Infinix,"(10.0, 20.0]","(30.0, 60.0]","(30.0, 50.0]","(20.0, inf]","(30.0, 60.0]"
1806,2020-02-19 13:58:16,1806,2000.0,,161,64,1,client,finished,1,prediction,4854.0,915.0,,3482,CI.3.85,finished,finished,DA.4.34,997,TECNO F3,0,0,-12.0,2020-02-19,13:58:16,Wednesday,3,2,2020,False,Negative,NO OVERCHARGE,13,0.161,4.854,1.0666666666666667,15.25,20.0,,,,lõuna,9.05625,False,-14.183333333333334,-4.6930000000000005,2–150 km/h,Wednesday,TECNO,CI.3,DA.4,TECNO,,"(0.0, 5.0]","(0.0, 2.0]","(0.0, 2.0]","(0.0, 5.0]"
1807,2020-02-19 14:36:05,1807,23273.22,,18392,1590,1,client,finished,1,prediction,8591.0,1200.0,,3431,CA.5.36,finished,finished,DA.4.37,1999,Itel S11,0,0,0.0,2020-02-19,14:36:05,Wednesday,3,2,2020,False,Missing,NO OVERCHARGE,14,18.392,8.591,26.5,20.0,232.7322,,,,lõuna,41.6422641509434,False,6.5,9.801,2–150 km/h,Wednesday,ITEL,CA.5,DA.4,Itel,"(5.0, 10.0]","(20.0, 30.0]","(10.0, 20.0]","(15.0, 20.0]","(20.0, 30.0]"
1808,2020-02-19 16:37:27,1808,33592.04,,16969,8422,1,client,finished,1,prediction,10234.0,1983.0,,3447,CA.5.43,finished,finished,DA.4.39,1230,TECNO L9,0,0,0.0,2020-02-19,16:37:27,Wednesday,3,2,2020,False,Missing,NO OVERCHARGE,16,16.969,10.234,140.36666666666667,33.05,335.92040000000003,,,,lõuna,7.253431488957492,False,107.31666666666668,6.735000000000001,2–150 km/h,Wednesday,TECNO,CA.5,DA.4,TECNO,"(60.0, inf]","(60.0, inf]","(10.0, 20.0]","(15.0, 20.0]","(60.0, inf]"
1811,2020-02-19 15:35:46,1811,12869.04,,8204,2176,1,client,finished,1,prediction,8707.0,1685.0,,3449,CI.4.18,finished,finished,DA.4.39,1849,Samsung SM-G955U,0,0,30.0,2020-02-19,15:35:46,Wednesday,3,2,2020,False,Positive,NO OVERCHARGE,15,8.204,8.707,36.266666666666666,28.083333333333332,128.6904,,,,lõuna,13.572794117647058,False,8.183333333333334,-0.5030000000000001,2–150 km/h,Wednesday,SAMSUNG,CI.4,DA.4,Samsung,"(5.0, 10.0]","(30.0, 60.0]","(5.0, 10.0]","(5.0, 10.0]","(30.0, 60.0]"
1812,2020-02-19 15:29:29,1812,22303.2,,41286,1828,0,client,finished,1,prediction,10943.0,1978.0,,3423,CA.5.44,finished,finished,DA.4.39,419,TECNO MOBILE LIMITED TECNO B1,0,1,0.0,2020-02-19,15:29:29,Wednesday,3,2,2020,False,Missing,NO OVERCHARGE,15,41.286,10.943,30.466666666666665,32.96666666666667,223.032,,,,lõuna,81.30722100656456,False,-2.5000000000000036,30.343000000000004,2–150 km/h,Wednesday,TECNO,CA.5,DA.4,TECNO,"(-5.0, 0.0]","(30.0, 60.0]","(30.0, 50.0]","(20.0, inf]","(30.0, 60.0]"
1814,2020-02-19 15:51:15,1814,35137.46,,24832,2479,0,client,finished,1,prediction,6538.0,1019.0,,3459,CA.5.43,finished,finished,DA.4.37,1999,Itel S11,0,1,0.0,2020-02-19,15:51:15,Wednesday,3,2,2020,False,Missing,NO OVERCHARGE,15,24.832,6.538,41.31666666666667,16.983333333333334,351.3746,,,,lõuna,36.060992335619204,False,24.333333333333336,18.294,2–150 km/h,Wednesday,ITEL,CA.5,DA.4,Itel,"(20.0, 30.0]","(30.0, 60.0]","(20.0, 30.0]","(20.0, inf]","(30.0, 60.0]"
1815,2020-02-19 16:28:20,1815,6000.0,,202,388,0,client,finished,1,prediction,8849.0,1468.0,,3433,CI.4.19,finished,finished,DA.4.39,1225,TECNO MOBILE LIMITED TECNO LC6,0,0,0.0,2020-02-19,16:28:20,Wednesday,3,2,2020,False,Missing,NO OVERCHARGE,16,0.202,8.849,6.466666666666667,24.466666666666665,60.0,,,,lõuna,1.8742268041237116,False,-18.0,-8.647,<2 km/h,Wednesday,TECNO,CI.4,DA.4,TECNO,,"(5.0, 10.0]","(0.0, 2.0]","(0.0, 2.0]","(5.0, 10.0]"
1823,2020-02-19 17:20:04,1823,6000.0,,3,51,1,client,finished,1,prediction,9490.0,1472.0,,3693,CA.5.38,finished,finished,DA.4.31,1129,TECNO F3,0,0,0.0,2020-02-19,17:20:04,Wednesday,3,2,2020,False,Missing,NO OVERCHARGE,17,0.003,9.49,0.85,24.533333333333335,60.0,,,,lõuna,0.21176470588235294,False,-23.683333333333334,-9.487,<2 km/h,Wednesday,TECNO,CA.5,DA.4,TECNO,,"(0.0, 5.0]","(0.0, 2.0]","(0.0, 2.0]","(0.0, 5.0]"
1825,2020-02-19 19:05:31,1825,12329.22,,8063,1950,1,client,finished,1,prediction,25317.0,3283.0,,3509,CI.4.17,finished,finished,DA.4.34,587,Samsung SM-T815Y,0,1,0.0,2020-02-19,19:05:31,Wednesday,3,2,2020,False,Missing,NO OVERCHARGE,19,8.063,25.317,32.5,54.71666666666667,123.2922,,,,õhtu,14.885538461538461,False,-22.21666666666667,-17.253999999999998,2–150 km/h,Wednesday,SAMSUNG,CI.4,DA.4,Samsung,,"(30.0, 60.0]","(5.0, 10.0]","(5.0, 10.0]","(30.0, 60.0]"
1830,2020-02-19 17:27:31,1830,11873.04,,8674,1402,1,client,finished,1,prediction,7452.0,1186.0,,3437,CA.5.44,finished,finished,DA.4.31,479,TECNO CA6,0,0,0.0,2020-02-19,17:27:31,Wednesday,3,2,2020,False,Missing,NO OVERCHARGE,17,8.674,7.452,23.366666666666667,19.766666666666666,118.7304,,,,lõuna,22.27275320970043,False,3.6000000000000014,1.2219999999999995,2–150 km/h,Wednesday,TECNO,CA.5,DA.4,TECNO,"(0.0, 5.0]","(20.0, 30.0]","(5.0, 10.0]","(5.0, 10.0]","(20.0, 30.0]"
1831,2020-02-19 17:41:23,1831,6000.0,,31,44,1,client,finished,1,prediction,4180.0,734.0,,3817,CI.4.14,finished,finished,DA.4.39,1178,TECNO MOBILE LIMITED TECNO KA7,0,0,0.0,2020-02-19,17:41:23,Wednesday,3,2,2020,False,Missing,NO OVERCHARGE,17,0.031,4.18,0.7333333333333333,12.233333333333333,60.0,,,,lõuna,2.5363636363636366,False,-11.5,-4.149,2–150 km/h,Wednesday,TECNO,CI.4,DA.4,TECNO,,"(0.0, 5.0]","(0.0, 2.0]","(0.0, 2.0]","(0.0, 5.0]"
1833,2020-02-19 18:02:04,1833,6650.1,,10904,1150,1,client,finished,1,prediction,6777.0,1227.0,,3555,CA.5.36,finished,finished,DA.4.37,1502,Infinix X5010,0,0,0.0,2020-02-19,18:02:04,Wednesday,3,2,2020,False,Missing,NO OVERCHARGE,18,10.904,6.777,19.166666666666668,20.45,66.501,,,,lõuna,34.13426086956522,False,-1.2833333333333314,4.127,2–150 km/h,Wednesday,INFINIX,CA.5,DA.4,Infinix,"(-5.0, 0.0]","(10.0, 20.0]","(10.0, 20.0]","(10.0, 15.0]","(15.0, 20.0]"
1834,2020-02-19 19:29:51,1834,26459.5,,15820,5535,1,client,finished,1,prediction,10770.0,1763.0,,3451,CI.4.17,finished,finished,DA.4.39,898,HMD Global Nokia 2.2,0,0,0.0,2020-02-19,19:29:51,Wednesday,3,2,2020,False,Missing,NO OVERCHARGE,19,15.82,10.77,92.25,29.383333333333333,264.595,,,,õhtu,10.289430894308943,False,62.86666666666667,5.050000000000001,2–150 km/h,Wednesday,NOKIA,CI.4,DA.4,Other,"(60.0, inf]","(60.0, inf]","(10.0, 20.0]","(15.0, 20.0]","(60.0, inf]"
1835,2020-02-19 18:54:04,1835,6000.0,,0,0,0,client,finished,1,prediction,14539.0,2463.0,,3501,CA.5.42,finished,finished,DA.4.41,1869,Infinix HOT 4,0,0,0.0,2020-02-19,18:54:04,Wednesday,3,2,2020,True,Missing,NO OVERCHARGE,18,0.0,14.539,0.0,41.05,60.0,,,,lõuna,,False,-41.05,-14.539,,Wednesday,INFINIX,CA.5,DA.4,Infinix,,"(-5.0, 0.0]",,,
1836,2020-02-19 17:59:04,1836,2689.9,,3723,696,1,client,finished,1,prediction,2422.0,424.0,,3441,CA.5.01,finished,finished,DA.4.39,649,Itel S12,0,0,0.0,2020-02-19,17:59:04,Wednesday,3,2,2020,False,Missing,NO OVERCHARGE,17,3.723,2.422,11.6,7.066666666666666,26.899,,,,lõuna,19.25689655172414,False,4.533333333333333,1.3009999999999997,2–150 km/h,Wednesday,ITEL,CA.5,DA.4,Itel,"(0.0, 5.0]","(10.0, 20.0]","(2.0, 5.0]","(2.0, 5.0]","(10.0, 15.0]"
1837,2020-02-19 19:02:01,1837,44968.96,,31481,2070,0,client,finished,1,prediction,19837.0,2085.0,,3445,CI.4.09,finished,finished,DA.4.39,1261,TECNO-L8,0,0,0.0,2020-02-19,19:02:01,Wednesday,3,2,2020,False,Missing,NO OVERCHARGE,19,31.481,19.837,34.5,34.75,449.6896,,,,õhtu,54.7495652173913,False,-0.25,11.644000000000002,2–150 km/h,Wednesday,TECNO,CI.4,DA.4,TECNO,"(-5.0, 0.0]","(30.0, 60.0]","(30.0, 50.0]","(20.0, inf]","(30.0, 60.0]"
1840,2020-02-19 19:49:30,1840,11876.04,,8926,1276,1,client,finished,1,prediction,6900.0,954.0,,3469,CI.4.17,finished,finished,DA.4.39,1962,Samsung SM-G570F,0,0,0.0,2020-02-19,19:49:30,Wednesday,3,2,2020,False,Missing,NO OVERCHARGE,19,8.926,6.9,21.266666666666666,15.9,118.7604,,,,õhtu,25.18307210031348,False,5.366666666666665,2.026,2–150 km/h,Wednesday,SAMSUNG,CI.4,DA.4,Samsung,"(5.0, 10.0]","(20.0, 30.0]","(5.0, 10.0]","(5.0, 10.0]","(20.0, 30.0]"
1841,2020-02-19 20:06:24,1841,14312.6,,4993,1747,1,client,finished,1,prediction,4107.0,523.0,,3452,CA.5.32,finished,finished,DA.4.39,1590,HMD Global Nokia 2.2,0,0,0.0,2020-02-19,20:06:24,Wednesday,3,2,2020,False,Missing,NO OVERCHARGE,20,4.993,4.107,29.116666666666667,8.716666666666667,143.126,,,,õhtu,10.28895248998283,False,20.4,0.8860000000000001,2–150 km/h,Wednesday,NOKIA,CA.5,DA.4,Other,"(20.0, 30.0]","(20.0, 30.0]","(2.0, 5.0]","(2.0, 5.0]","(20.0, 30.0]"
1844,2020-02-19 21:07:12,1844,6000.0,,42,167,1,client,finished,1,prediction,4560.0,561.0,,3456,CI.4.18,finished,finished,DI.3.34,235,"iPhone10,2",0,0,0.0,2020-02-19,21:07:12,Wednesday,3,2,2020,False,Missing,NO OVERCHARGE,21,0.042,4.56,2.783333333333333,9.35,60.0,,,,õhtu,0.9053892215568862,False,-6.566666666666666,-4.518,<2 km/h,Wednesday,APPLE,CI.4,DI.3,Apple,"(-10.0, -5.0]","(0.0, 5.0]","(0.0, 2.0]","(0.0, 2.0]","(0.0, 5.0]"
1845,2020-02-19 21:28:27,1845,29513.54,,22637,1320,0,client,finished,1,prediction,10468.0,1299.0,,3457,CA.4.41,finished,finished,DA.4.37,1019,ITEL MOBILE LIMITED itel A23A,0,1,0.0,2020-02-19,21:28:27,Wednesday,3,2,2020,False,Missing,NO OVERCHARGE,21,22.637,10.468,22.0,21.65,295.1354,,,,õhtu,61.737272727272725,False,0.3500000000000014,12.169,2–150 km/h,Wednesday,ITEL,CA.4,DA.4,Itel,"(0.0, 5.0]","(20.0, 30.0]","(20.0, 30.0]","(20.0, inf]","(20.0, 30.0]"
1852,2020-02-19 23:34:25,1852,13739.22,,10135,1698,1,client,finished,1,prediction,6918.0,893.0,,3464,CA.5.36,finished,finished,DA.4.37,1042,TECNO MOBILE LIMITED TECNO LC6,0,0,0.0,2020-02-19,23:34:25,Wednesday,3,2,2020,False,Missing,NO OVERCHARGE,23,10.135,6.918,28.3,14.883333333333333,137.3922,,,,õhtu,21.487632508833922,False,13.416666666666668,3.2169999999999996,2–150 km/h,Wednesday,TECNO,CA.5,DA.4,TECNO,"(10.0, 20.0]","(20.0, 30.0]","(10.0, 20.0]","(10.0, 15.0]","(20.0, 30.0]"
1856,2020-02-20 04:43:12,1856,31949.76,,18361,6313,1,client,finished,1,prediction,14694.0,1602.0,,3505,CA.4.95,finished,finished,DA.4.39,662,INFINIX MOBILITY LIMITED Infinix X650B,0,0,0.0,2020-02-20,04:43:12,Thursday,4,2,2020,False,Missing,NO OVERCHARGE,4,18.361,14.694,105.21666666666667,26.7,319.4976,,,,öö,10.470394424204024,False,78.51666666666667,3.667,2–150 km/h,Thursday,INFINIX,CA.4,DA.4,Infinix,"(60.0, inf]","(60.0, inf]","(10.0, 20.0]","(15.0, 20.0]","(60.0, inf]"
1857,2020-02-20 04:47:54,1857,24399.72,,18960,1682,1,client,finished,1,prediction,5659.0,1008.0,,3476,CA.5.44,finished,finished,DA.4.39,1354,TECNO MOBILE LIMITED TECNO B1p,0,1,0.0,2020-02-20,04:47:54,Thursday,4,2,2020,False,Missing,NO OVERCHARGE,4,18.96,5.659,28.033333333333335,16.8,243.99720000000002,,,,öö,40.58026159334126,False,11.233333333333334,13.301000000000002,2–150 km/h,Thursday,TECNO,CA.5,DA.4,TECNO,"(10.0, 20.0]","(20.0, 30.0]","(10.0, 20.0]","(15.0, 20.0]","(20.0, 30.0]"
1861,2020-02-20 06:35:48,1861,50328.4,,27583,3251,1,client,finished,1,prediction,8201.0,1211.0,,3484,CA.5.36,finished,finished,DA.4.39,1760,INFINIX MOBILITY LIMITED Infinix X622,0,0,0.0,2020-02-20,06:35:48,Thursday,4,2,2020,False,Missing,NO OVERCHARGE,6,27.583,8.201,54.18333333333333,20.183333333333334,503.284,,,,öö,30.54407874500154,False,34.0,19.381999999999998,2–150 km/h,Thursday,INFINIX,CA.5,DA.4,Infinix,"(30.0, 60.0]","(30.0, 60.0]","(20.0, 30.0]","(20.0, inf]","(30.0, 60.0]"
1863,2020-02-20 05:42:21,1863,7746.6,,13300,1036,1,client,finished,1,prediction,4971.0,883.0,,3536,CA.5.13,finished,finished,DA.4.37,1502,Infinix X5010,0,1,0.0,2020-02-20,05:42:21,Thursday,4,2,2020,False,Missing,NO OVERCHARGE,5,13.3,4.971,17.266666666666666,14.716666666666667,77.46600000000001,,,,öö,46.21621621621622,False,2.549999999999999,8.329,2–150 km/h,Thursday,INFINIX,CA.5,DA.4,Infinix,"(0.0, 5.0]","(10.0, 20.0]","(10.0, 20.0]","(10.0, 15.0]","(15.0, 20.0]"
1865,2020-02-20 06:58:25,1865,46379.28,,32344,2039,0,client,finished,1,prediction,13697.0,1896.0,,3486,CA.5.36,finished,finished,DA.4.34,678,Samsung SM-G925A,0,0,0.0,2020-02-20,06:58:25,Thursday,4,2,2020,False,Missing,NO OVERCHARGE,6,32.344,13.697,33.983333333333334,31.6,463.7928,,,,öö,57.10564001961746,False,2.383333333333333,18.647000000000002,2–150 km/h,Thursday,SAMSUNG,CA.5,DA.4,Samsung,"(0.0, 5.0]","(30.0, 60.0]","(30.0, 50.0]","(20.0, inf]","(30.0, 60.0]"
1866,2020-02-20 07:16:25,1866,7494.3,,11050,2063,1,client,finished,1,prediction,10586.0,1823.0,,3489,CA.5.36,finished,finished,DA.4.39,381,Xiaomi Redmi Go,0,0,0.0,2020-02-20,07:16:25,Thursday,4,2,2020,False,Missing,NO OVERCHARGE,7,11.05,10.586,34.38333333333333,30.383333333333333,74.943,,,,hommik,19.282598158022296,False,4.0,0.4640000000000004,2–150 km/h,Thursday,XIAOMI,CA.5,DA.4,Other,"(0.0, 5.0]","(30.0, 60.0]","(10.0, 20.0]","(10.0, 15.0]","(30.0, 60.0]"
1867,2020-02-20 07:26:49,1867,55192.74,,38311,1819,0,client,finished,1,prediction,7955.0,1305.0,,3562,CA.5.44,finished,finished,DA.4.14,335,HMD Global Nokia 1,0,1,0.0,2020-02-20,07:26:49,Thursday,4,2,2020,False,Missing,NO OVERCHARGE,7,38.311,7.955,30.316666666666666,21.75,551.9274,,,,hommik,75.8216602528862,False,8.566666666666666,30.356,2–150 km/h,Thursday,NOKIA,CA.5,DA.4,Other,"(5.0, 10.0]","(30.0, 60.0]","(30.0, 50.0]","(20.0, inf]","(30.0, 60.0]"
1871,2020-02-20 09:58:57,1871,27082.74,,16739,5094,0,client,finished,1,prediction,4778.0,705.0,,3500,CA.5.43,finished,finished,DA.4.37,1095,Samsung SM-G925F,0,0,0.0,2020-02-20,09:58:57,Thursday,4,2,2020,False,Missing,NO OVERCHARGE,9,16.739,4.778,84.9,11.75,270.8274,,,,hommik,11.829681978798586,False,73.15,11.961000000000002,2–150 km/h,Thursday,SAMSUNG,CA.5,DA.4,Samsung,"(60.0, inf]","(60.0, inf]","(10.0, 20.0]","(15.0, 20.0]","(60.0, inf]"
1874,2020-02-20 10:39:46,1874,30394.48,,22962,1528,1,client,finished,1,prediction,11989.0,1936.0,,3503,CA.5.36,finished,finished,DA.4.16,393,HMD Global TA-1054,0,0,0.0,2020-02-20,10:39:46,Thursday,4,2,2020,False,Missing,NO OVERCHARGE,10,22.962,11.989,25.466666666666665,32.266666666666666,303.9448,,,,hommik,54.09895287958115,False,-6.800000000000001,10.972999999999999,2–150 km/h,Thursday,NOKIA,CA.5,DA.4,Other,"(-10.0, -5.0]","(20.0, 30.0]","(20.0, 30.0]","(20.0, inf]","(20.0, 30.0]"
1875,2020-02-20 10:43:59,1875,6000.0,,3072,689,1,client,finished,1,prediction,1528.0,317.0,,3504,CI.4.14,finished,finished,DA.4.16,831,Samsung SM-G611F,0,0,0.0,2020-02-20,10:43:59,Thursday,4,2,2020,False,Missing,NO OVERCHARGE,10,3.072,1.528,11.483333333333333,5.283333333333333,60.0,,,,hommik,16.0510885341074,False,6.199999999999999,1.544,2–150 km/h,Thursday,SAMSUNG,CI.4,DA.4,Samsung,"(5.0, 10.0]","(10.0, 20.0]","(2.0, 5.0]","(2.0, 5.0]","(10.0, 15.0]"
1878,2020-02-20 11:42:46,1878,11279.76,,6768,2011,1,client,finished,1,prediction,11118.0,1513.0,,3506,CA.5.42,finished,finished,DA.4.37,1986,HUAWEI TRT-L21A,0,0,0.0,2020-02-20,11:42:46,Thursday,4,2,2020,False,Missing,NO OVERCHARGE,11,6.768,11.118,33.516666666666666,25.216666666666665,112.7976,,,,hommik,12.11576330183988,False,8.3,-4.3500000000000005,2–150 km/h,Thursday,HUAWEI,CA.5,DA.4,Huawei,"(5.0, 10.0]","(30.0, 60.0]","(5.0, 10.0]","(5.0, 10.0]","(30.0, 60.0]"
1879,2020-02-20 11:46:59,1879,14435.76,,10022,2137,0,client,finished,1,prediction,8749.0,1642.0,,3524,CA.5.36,finished,finished,DA.4.31,1196,TECNO MOBILE LIMITED TECNO B1p,0,1,0.0,2020-02-20,11:46:59,Thursday,4,2,2020,False,Missing,NO OVERCHARGE,11,10.022,8.749,35.61666666666667,27.366666666666667,144.3576,,,,hommik,16.88310715956949,False,8.25,1.2729999999999997,2–150 km/h,Thursday,TECNO,CA.5,DA.4,TECNO,"(5.0, 10.0]","(30.0, 60.0]","(10.0, 20.0]","(10.0, 15.0]","(30.0, 60.0]"
1880,2020-02-20 12:31:14,1880,6000.0,,484,184,0,client,finished,1,prediction,16282.0,1844.0,,3523,CI.4.09,finished,finished,DA.4.39,1673,Samsung SM-G930F,0,0,0.0,2020-02-20,12:31:14,Thursday,4,2,2020,False,Missing,NO OVERCHARGE,12,0.484,16.282,3.066666666666667,30.733333333333334,60.0,,,,hommik,9.469565217391304,False,-27.666666666666668,-15.798,2–150 km/h,Thursday,SAMSUNG,CI.4,DA.4,Samsung,,"(0.0, 5.0]","(0.0, 2.0]","(0.0, 2.0]","(0.0, 5.0]"
1882,2020-02-20 13:30:05,1882,39298.5,,23038,6237,1,client,finished,1,prediction,10390.0,1858.0,,3527,CA.5.36,finished,finished,DA.4.39,662,INFINIX MOBILITY LIMITED Infinix X650B,0,0,0.0,2020-02-20,13:30:05,Thursday,4,2,2020,False,Missing,NO OVERCHARGE,13,23.038,10.39,103.95,30.966666666666665,392.985,,,,lõuna,13.297546897546898,False,72.98333333333333,12.648,2–150 km/h,Thursday,INFINIX,CA.5,DA.4,Infinix,"(60.0, inf]","(60.0, inf]","(20.0, 30.0]","(20.0, inf]","(60.0, inf]"
1883,2020-02-20 12:34:34,1883,10769.46,,6606,1811,1,client,finished,1,prediction,6264.0,1023.0,,3997,CI.4.17,finished,finished,DA.4.39,844,LAVA iris41,0,0,0.0,2020-02-20,12:34:34,Thursday,4,2,2020,False,Missing,NO OVERCHARGE,12,6.606,6.264,30.183333333333334,17.05,107.6946,,,,hommik,13.131750414135837,False,13.133333333333333,0.34199999999999964,2–150 km/h,Thursday,LAVA,CI.4,DA.4,Other,"(10.0, 20.0]","(30.0, 60.0]","(5.0, 10.0]","(5.0, 10.0]","(30.0, 60.0]"
1884,2020-02-20 13:11:46,1884,41173.0,,28117,2889,0,client,finished,1,prediction,6068.0,997.0,,3533,CA.5.36,finished,finished,DA.4.39,1544,TECNO MOBILE LIMITED TECNO B1,0,1,0.0,2020-02-20,13:11:46,Thursday,4,2,2020,False,Missing,NO OVERCHARGE,13,28.117,6.068,48.15,16.616666666666667,411.73,,,,lõuna,35.036760124610595,False,31.53333333333333,22.049,2–150 km/h,Thursday,TECNO,CA.5,DA.4,TECNO,"(30.0, 60.0]","(30.0, 60.0]","(20.0, 30.0]","(20.0, inf]","(30.0, 60.0]"
1885,2020-02-20 12:44:55,1885,16204.98,,13771,1261,0,client,finished,1,prediction,4573.0,690.0,,4049,CA.5.40,finished,finished,DA.4.10,1737,TECNO MOBILE LIMITED TECNO B1,0,1,0.0,2020-02-20,12:44:55,Thursday,4,2,2020,False,Missing,NO OVERCHARGE,12,13.771,4.573,21.016666666666666,11.5,162.0498,,,,hommik,39.31451229183188,False,9.516666666666666,9.198,2–150 km/h,Thursday,TECNO,CA.5,DA.4,TECNO,"(5.0, 10.0]","(20.0, 30.0]","(10.0, 20.0]","(10.0, 15.0]","(20.0, 30.0]"
1888,2020-02-20 14:29:24,1888,123266.22,,47472,3444,1,client,finished,1,prediction,47181.0,3123.0,,3539,CA.5.44,finished,finished,DA.4.39,781,INFINIX MOBILITY LIMITED Infinix X650B,0,0,0.0,2020-02-20,14:29:24,Thursday,4,2,2020,False,Missing,NO OVERCHARGE,14,47.472,47.181,57.4,52.05,1232.6622,,,,lõuna,49.62229965156794,False,5.350000000000001,0.2910000000000039,2–150 km/h,Thursday,INFINIX,CA.5,DA.4,Infinix,"(5.0, 10.0]","(30.0, 60.0]","(30.0, 50.0]","(20.0, inf]","(30.0, 60.0]"
1889,2020-02-20 13:32:59,1889,7500.54,,5037,799,1,client,finished,1,prediction,12126.0,1861.0,,3529,CA.4.91,finished,finished,DA.4.16,1081,TECNO MOBILE LIMITED TECNO CA7,0,0,0.0,2020-02-20,13:32:59,Thursday,4,2,2020,False,Missing,NO OVERCHARGE,13,5.037,12.126,13.316666666666666,31.016666666666666,75.0054,,,,lõuna,22.694868585732166,False,-17.7,-7.0889999999999995,2–150 km/h,Thursday,TECNO,CA.4,DA.4,TECNO,,"(10.0, 20.0]","(5.0, 10.0]","(5.0, 10.0]","(10.0, 15.0]"
1891,2020-02-20 14:30:34,1891,13662.48,,9021,2206,1,client,finished,1,prediction,6610.0,1160.0,,3705,CA.5.44,finished,finished,DA.4.37,1986,HUAWEI TRT-L21A,0,0,0.0,2020-02-20,14:30:34,Thursday,4,2,2020,False,Missing,NO OVERCHARGE,14,9.021,6.61,36.766666666666666,19.333333333333332,136.6248,,,,lõuna,14.721486854034453,False,17.433333333333334,2.4110000000000005,2–150 km/h,Thursday,HUAWEI,CA.5,DA.4,Huawei,"(10.0, 20.0]","(30.0, 60.0]","(5.0, 10.0]","(5.0, 10.0]","(30.0, 60.0]"
1895,2020-02-20 14:47:51,1895,6000.0,,3145,537,1,client,finished,1,prediction,3190.0,523.0,,3535,CA.5.44,finished,finished,DA.4.37,1776,Infinix X572,0,0,0.0,2020-02-20,14:47:51,Thursday,4,2,2020,False,Missing,NO OVERCHARGE,14,3.145,3.19,8.95,8.716666666666667,60.0,,,,lõuna,21.083798882681567,False,0.2333333333333325,-0.04499999999999993,2–150 km/h,Thursday,INFINIX,CA.5,DA.4,Infinix,"(0.0, 5.0]","(5.0, 10.0]","(2.0, 5.0]","(2.0, 5.0]","(5.0, 10.0]"
1897,2020-02-20 17:12:22,1897,34234.22,,19608,6468,1,client,finished,1,prediction,18003.0,3194.0,,3658,CA.5.44,finished,finished,DA.4.39,794,HMD Global Nokia 2.2,0,0,-66.0,2020-02-20,17:12:22,Thursday,4,2,2020,False,Negative,NO OVERCHARGE,17,19.608,18.003,107.8,53.233333333333334,342.3422,,,,lõuna,10.913543599257887,False,54.56666666666666,1.6050000000000004,2–150 km/h,Thursday,NOKIA,CA.5,DA.4,Other,"(30.0, 60.0]","(60.0, inf]","(10.0, 20.0]","(15.0, 20.0]","(60.0, inf]"
1903,2020-02-20 16:32:10,1903,12139.2,,20226,2141,0,client,finished,1,prediction,11184.0,1878.0,,3544,CI.4.18,finished,finished,DA.4.39,1724,TECNO MOBILE LIMITED TECNO B1p,0,1,0.0,2020-02-20,16:32:10,Thursday,4,2,2020,False,Missing,NO OVERCHARGE,16,20.226,11.184,35.68333333333333,31.3,121.39200000000001,,,,lõuna,34.0091546006539,False,4.383333333333329,9.042,2–150 km/h,Thursday,TECNO,CI.4,DA.4,TECNO,"(0.0, 5.0]","(30.0, 60.0]","(20.0, 30.0]","(20.0, inf]","(30.0, 60.0]"
1904,2020-02-20 16:38:34,1904,13600.5,,9540,1917,1,client,finished,1,prediction,11018.0,1914.0,,3557,CA.5.40,finished,finished,DA.4.31,605,TECNO K7,0,0,0.0,2020-02-20,16:38:34,Thursday,4,2,2020,False,Missing,NO OVERCHARGE,16,9.54,11.018,31.95,31.9,136.005,,,,lõuna,17.91549295774648,False,0.05000000000000071,-1.4780000000000015,2–150 km/h,Thursday,TECNO,CA.5,DA.4,TECNO,"(0.0, 5.0]","(30.0, 60.0]","(5.0, 10.0]","(5.0, 10.0]","(30.0, 60.0]"
1905,2020-02-20 17:02:56,1905,64777.02,,42421,3298,0,client,finished,1,prediction,7815.0,1550.0,,3759,CI.3.84,finished,finished,DA.4.34,470,Infinix HOT 4 Lite,0,1,0.0,2020-02-20,17:02:56,Thursday,4,2,2020,False,Missing,NO OVERCHARGE,17,42.421,7.815,54.96666666666667,25.833333333333332,647.7701999999999,,,,lõuna,46.30551849605822,False,29.133333333333336,34.606,2–150 km/h,Thursday,INFINIX,CI.3,DA.4,Infinix,"(20.0, 30.0]","(30.0, 60.0]","(30.0, 50.0]","(20.0, inf]","(30.0, 60.0]"
1907,2020-02-20 17:18:07,1907,8989.2,,14383,1859,0,client,finished,1,prediction,6792.0,1373.0,,3549,CA.5.42,finished,finished,DA.4.39,2120,Itel S11,0,1,0.0,2020-02-20,17:18:07,Thursday,4,2,2020,False,Missing,NO OVERCHARGE,17,14.383,6.792,30.983333333333334,22.883333333333333,89.89200000000001,,,,lõuna,27.853039268423885,False,8.100000000000001,7.590999999999999,2–150 km/h,Thursday,ITEL,CA.5,DA.4,Itel,"(5.0, 10.0]","(30.0, 60.0]","(10.0, 20.0]","(10.0, 15.0]","(30.0, 60.0]"
1908,2020-02-20 17:39:24,1908,13971.54,,9701,2041,0,client,finished,1,prediction,8797.0,1500.0,,3648,CA.5.38,finished,finished,DA.4.37,2122,TECNO K7,0,0,0.0,2020-02-20,17:39:24,Thursday,4,2,2020,False,Missing,NO OVERCHARGE,17,9.701,8.797,34.016666666666666,25.0,139.71540000000002,,,,lõuna,17.111024007839298,False,9.016666666666666,0.9039999999999999,2–150 km/h,Thursday,TECNO,CA.5,DA.4,TECNO,"(5.0, 10.0]","(30.0, 60.0]","(5.0, 10.0]","(5.0, 10.0]","(30.0, 60.0]"
1913,2020-02-20 18:10:57,1913,36637.54,,25689,2514,0,client,finished,1,prediction,11078.0,1689.0,,3556,CI.4.11,finished,finished,DA.4.39,436,TECNO-Y2,0,1,0.0,2020-02-20,18:10:57,Thursday,4,2,2020,False,Missing,NO OVERCHARGE,18,25.689,11.078,41.9,28.15,366.3754,,,,lõuna,36.78615751789976,False,13.75,14.611,2–150 km/h,Thursday,TECNO,CI.4,DA.4,TECNO,"(10.0, 20.0]","(30.0, 60.0]","(20.0, 30.0]","(20.0, inf]","(30.0, 60.0]"
1915,2020-02-20 18:08:39,1915,25812.5,,20185,1444,0,client,finished,1,prediction,10628.0,1632.0,,3560,CI.4.19,finished,finished,DA.4.39,288,TECNO MOBILE LIMITED TECNO KC6,0,1,0.0,2020-02-20,18:08:39,Thursday,4,2,2020,False,Missing,NO OVERCHARGE,18,20.185,10.628,24.066666666666666,27.2,258.125,,,,lõuna,50.322714681440445,False,-3.133333333333333,9.556999999999999,2–150 km/h,Thursday,TECNO,CI.4,DA.4,TECNO,"(-5.0, 0.0]","(20.0, 30.0]","(20.0, 30.0]","(20.0, inf]","(20.0, 30.0]"
1916,2020-02-20 18:25:56,1916,31850.02,,22809,2401,0,client,finished,1,prediction,8326.0,1410.0,,3558,CA.5.37,finished,finished,DA.4.39,1611,TECNO CA6,0,0,0.0,2020-02-20,18:25:56,Thursday,4,2,2020,False,Missing,NO OVERCHARGE,18,22.809,8.326,40.016666666666666,23.5,318.5002,,,,lõuna,34.19925031236985,False,16.516666666666666,14.483,2–150 km/h,Thursday,TECNO,CA.5,DA.4,TECNO,"(10.0, 20.0]","(30.0, 60.0]","(20.0, 30.0]","(20.0, inf]","(30.0, 60.0]"
1918,2020-02-20 18:09:34,1918,6000.0,,1,2,0,client,finished,1,prediction,14210.0,1189.0,,3554,CA.5.07,finished,finished,DA.4.39,443,Samsung SM-G935F,0,0,0.0,2020-02-20,18:09:34,Thursday,4,2,2020,False,Missing,NO OVERCHARGE,18,0.001,14.21,0.03333333333333333,19.816666666666666,60.0,,,,lõuna,1.8,False,-19.78333333333333,-14.209000000000001,<2 km/h,Thursday,SAMSUNG,CA.5,DA.4,Samsung,,"(0.0, 5.0]","(0.0, 2.0]","(0.0, 2.0]","(0.0, 5.0]"
1919,2020-02-20 18:35:29,1919,11454.9,,12724,2426,1,client,finished,1,prediction,7782.0,1164.0,,3571,CA.5.44,finished,finished,DA.4.39,1154,Itel S12,0,0,0.0,2020-02-20,18:35:29,Thursday,4,2,2020,False,Missing,NO OVERCHARGE,18,12.724,7.782,40.43333333333333,19.4,114.54899999999999,,,,lõuna,18.881450948062657,False,21.03333333333333,4.942,2–150 km/h,Thursday,ITEL,CA.5,DA.4,Itel,"(20.0, 30.0]","(30.0, 60.0]","(10.0, 20.0]","(10.0, 15.0]","(30.0, 60.0]"
1920,2020-02-20 19:02:03,1920,45921.76,,30966,3038,0,client,finished,1,prediction,11405.0,2161.0,,3566,CA.5.40,finished,finished,DA.4.41,1869,Infinix HOT 4,0,1,0.0,2020-02-20,19:02:03,Thursday,4,2,2020,False,Missing,NO OVERCHARGE,19,30.966,11.405,50.63333333333333,36.016666666666666,459.2176,,,,õhtu,36.69440421329823,False,14.616666666666667,19.561,2–150 km/h,Thursday,INFINIX,CA.5,DA.4,Infinix,"(10.0, 20.0]","(30.0, 60.0]","(30.0, 50.0]","(20.0, inf]","(30.0, 60.0]"
1921,2020-02-20 18:44:51,1921,44882.52,,31765,1738,0,client,finished,1,prediction,11111.0,1704.0,,3567,CA.4.73,finished,finished,DA.4.31,1196,TECNO MOBILE LIMITED TECNO B1p,0,1,0.0,2020-02-20,18:44:51,Thursday,4,2,2020,False,Missing,NO OVERCHARGE,18,31.765,11.111,28.966666666666665,28.4,448.8252,,,,lõuna,65.79631760644419,False,0.5666666666666664,20.654,2–150 km/h,Thursday,TECNO,CA.4,DA.4,TECNO,"(0.0, 5.0]","(20.0, 30.0]","(30.0, 50.0]","(20.0, inf]","(20.0, 30.0]"
1923,2020-02-20 19:08:59,1923,10159.26,,7340,1120,1,client,finished,1,prediction,4482.0,585.0,,3576,CA.5.44,finished,finished,DA.4.37,1750,TECNO MOBILE LIMITED TECNO KA7,0,0,0.0,2020-02-20,19:08:59,Thursday,4,2,2020,False,Missing,NO OVERCHARGE,19,7.34,4.482,18.666666666666668,9.75,101.5926,,,,õhtu,23.592857142857145,False,8.916666666666668,2.8579999999999997,2–150 km/h,Thursday,TECNO,CA.5,DA.4,TECNO,"(5.0, 10.0]","(10.0, 20.0]","(5.0, 10.0]","(5.0, 10.0]","(15.0, 20.0]"
1924,2020-02-20 19:07:38,1924,8099.52,,5524,890,1,client,finished,1,prediction,5773.0,768.0,,3570,CA.5.44,finished,finished,DA.4.37,1095,Samsung SM-G925F,0,0,0.0,2020-02-20,19:07:38,Thursday,4,2,2020,False,Missing,NO OVERCHARGE,19,5.524,5.773,14.833333333333334,12.8,80.99520000000001,,,,õhtu,22.34426966292135,False,2.033333333333333,-0.24899999999999967,2–150 km/h,Thursday,SAMSUNG,CA.5,DA.4,Samsung,"(0.0, 5.0]","(10.0, 20.0]","(5.0, 10.0]","(5.0, 10.0]","(10.0, 15.0]"
1927,2020-02-20 19:40:52,1927,24805.96,,19926,1109,0,client,finished,1,prediction,7669.0,1043.0,,3586,CA.5.43,finished,finished,DA.4.31,2044,TECNO MOBILE LIMITED TECNO B1p,0,0,0.0,2020-02-20,19:40:52,Thursday,4,2,2020,False,Missing,NO OVERCHARGE,19,19.926,7.669,18.483333333333334,17.383333333333333,248.0596,,,,õhtu,64.68313796212806,False,1.1000000000000014,12.256999999999998,2–150 km/h,Thursday,TECNO,CA.5,DA.4,TECNO,"(0.0, 5.0]","(10.0, 20.0]","(10.0, 20.0]","(15.0, 20.0]","(15.0, 20.0]"
1929,2020-02-20 20:06:18,1929,10534.6,,11679,1516,1,client,finished,1,prediction,7456.0,1215.0,,3579,CA.5.44,finished,finished,DA.4.37,2004,TECNO F3,0,0,0.0,2020-02-20,20:06:18,Thursday,4,2,2020,False,Missing,NO OVERCHARGE,20,11.679,7.456,25.266666666666666,20.25,105.346,,,,õhtu,27.73377308707124,False,5.016666666666666,4.223,2–150 km/h,Thursday,TECNO,CA.5,DA.4,TECNO,"(5.0, 10.0]","(20.0, 30.0]","(10.0, 20.0]","(10.0, 15.0]","(20.0, 30.0]"
1930,2020-02-20 19:58:05,1930,6000.0,,226,1168,1,client,finished,1,prediction,10439.0,1558.0,,3575,CA.5.44,finished,finished,DA.4.41,1121,INFINIX MOBILITY LIMITED Infinix X5516B,0,0,0.0,2020-02-20,19:58:05,Thursday,4,2,2020,False,Missing,NO OVERCHARGE,19,0.226,10.439,19.466666666666665,25.966666666666665,60.0,,,,õhtu,0.6965753424657535,False,-6.5,-10.213,<2 km/h,Thursday,INFINIX,CA.5,DA.4,Infinix,"(-10.0, -5.0]","(10.0, 20.0]","(0.0, 2.0]","(0.0, 2.0]","(15.0, 20.0]"
1931,2020-02-20 20:14:48,1931,10989.0,,6954,1764,1,client,finished,1,prediction,7571.0,1250.0,,3583,CI.4.17,finished,finished,DA.4.37,450,Samsung SM-J500H,0,0,0.0,2020-02-20,20:14:48,Thursday,4,2,2020,False,Missing,NO OVERCHARGE,20,6.954,7.571,29.4,20.833333333333332,109.89,,,,õhtu,14.191836734693878,False,8.566666666666666,-0.617,2–150 km/h,Thursday,SAMSUNG,CI.4,DA.4,Samsung,"(5.0, 10.0]","(20.0, 30.0]","(5.0, 10.0]","(5.0, 10.0]","(20.0, 30.0]"
1932,2020-02-20 20:15:54,1932,8811.48,,4069,1990,1,client,finished,1,prediction,4519.0,799.0,,3584,CA.5.21,finished,finished,DA.4.39,1721,ITEL MOBILE LIMITED itel A23A,0,0,0.0,2020-02-20,20:15:54,Thursday,4,2,2020,False,Missing,NO OVERCHARGE,20,4.069,4.519,33.166666666666664,13.316666666666666,88.1148,,,,õhtu,7.361005025125629,False,19.849999999999998,-0.4500000000000002,2–150 km/h,Thursday,ITEL,CA.5,DA.4,Itel,"(10.0, 20.0]","(30.0, 60.0]","(2.0, 5.0]","(2.0, 5.0]","(30.0, 60.0]"
1938,2020-02-20 21:04:55,1938,6689.28,,4441,651,1,client,finished,1,prediction,4540.0,533.0,,3585,CI.4.16,finished,finished,DA.4.37,1753,TECNO L9 Plus,0,0,0.0,2020-02-20,21:04:55,Thursday,4,2,2020,False,Missing,NO OVERCHARGE,21,4.441,4.54,10.85,8.883333333333333,66.8928,,,,õhtu,24.55852534562212,False,1.9666666666666668,-0.0990000000000002,2–150 km/h,Thursday,TECNO,CI.4,DA.4,TECNO,"(0.0, 5.0]","(10.0, 20.0]","(2.0, 5.0]","(2.0, 5.0]","(10.0, 15.0]"
1943,2020-02-20 22:03:40,1943,6000.0,,2196,377,1,client,finished,1,prediction,3039.0,447.0,,3703,CA.5.42,finished,finished,DA.4.39,1781,OPPO A1601,0,1,0.0,2020-02-20,22:03:40,Thursday,4,2,2020,False,Missing,NO OVERCHARGE,22,2.196,3.039,6.283333333333333,7.45,60.0,,,,õhtu,20.96976127320955,False,-1.166666666666667,-0.843,2–150 km/h,Thursday,OPPO,CA.5,DA.4,Oppo,"(-5.0, 0.0]","(5.0, 10.0]","(2.0, 5.0]","(2.0, 5.0]","(5.0, 10.0]"
1944,2020-02-20 23:10:51,1944,9336.78,,5310,1668,1,client,finished,1,prediction,1583.0,199.0,,3636,CI.4.17,finished,finished,DA.4.39,368,Samsung SM-G935F,0,0,0.0,2020-02-20,23:10:51,Thursday,4,2,2020,False,Missing,NO OVERCHARGE,23,5.31,1.583,27.8,3.316666666666667,93.3678,,,,õhtu,11.46043165467626,False,24.483333333333334,3.7269999999999994,2–150 km/h,Thursday,SAMSUNG,CI.4,DA.4,Samsung,"(20.0, 30.0]","(20.0, 30.0]","(5.0, 10.0]","(5.0, 10.0]","(20.0, 30.0]"
1945,2020-02-20 23:09:08,1945,7668.4,,7971,1132,1,client,finished,1,prediction,8736.0,1233.0,,3590,CI.4.17,finished,finished,DA.4.39,665,Itel S12,0,0,0.0,2020-02-20,23:09:08,Thursday,4,2,2020,False,Missing,NO OVERCHARGE,23,7.971,8.736,18.866666666666667,20.55,76.684,,,,õhtu,25.349469964664312,False,-1.6833333333333336,-0.7650000000000006,2–150 km/h,Thursday,ITEL,CI.4,DA.4,Itel,"(-5.0, 0.0]","(10.0, 20.0]","(5.0, 10.0]","(5.0, 10.0]","(15.0, 20.0]"
1946,2020-02-20 23:35:05,1946,6000.0,,2259,307,1,client,finished,1,prediction,1156.0,185.0,,3849,CI.3.95,finished,finished,DA.4.34,2082,LAVA iris870,0,0,0.0,2020-02-20,23:35:05,Thursday,4,2,2020,False,Missing,NO OVERCHARGE,23,2.259,1.156,5.116666666666666,3.0833333333333335,60.0,,,,õhtu,26.489902280130295,False,2.0333333333333328,1.103,2–150 km/h,Thursday,LAVA,CI.3,DA.4,Other,"(0.0, 5.0]","(5.0, 10.0]","(2.0, 5.0]","(2.0, 5.0]","(5.0, 10.0]"
1951,2020-02-21 03:21:50,1951,8959.5,,6290,981,1,client,finished,1,prediction,6359.0,820.0,,4861,CA.5.38,finished,finished,DA.4.39,1522,TECNO K7,0,0,0.0,2020-02-21,03:21:50,Friday,5,2,2020,False,Missing,NO OVERCHARGE,3,6.29,6.359,16.35,13.666666666666666,89.595,,,,öö,23.08256880733945,False,2.6833333333333353,-0.06899999999999995,2–150 km/h,Friday,TECNO,CA.5,DA.4,TECNO,"(0.0, 5.0]","(10.0, 20.0]","(5.0, 10.0]","(5.0, 10.0]","(15.0, 20.0]"
1954,2020-02-21 05:33:24,1954,13804.74,,5755,3884,0,client,finished,1,prediction,5218.0,815.0,,3622,CA.5.21,finished,finished,DA.4.41,704,Samsung SM-J320A,0,0,0.0,2020-02-21,05:33:24,Friday,5,2,2020,False,Missing,NO OVERCHARGE,5,5.755,5.218,64.73333333333333,13.583333333333334,138.0474,,,,öö,5.334191555097838,False,51.15,0.5369999999999999,2–150 km/h,Friday,SAMSUNG,CA.5,DA.4,Samsung,"(30.0, 60.0]","(60.0, inf]","(5.0, 10.0]","(5.0, 10.0]","(60.0, inf]"
1955,2020-02-21 06:13:01,1955,15299.04,,5399,4876,1,client,finished,1,prediction,3341.0,562.0,,3615,CI.4.18,finished,finished,DA.4.39,2099,HMD Global Nokia 2.2,0,0,0.0,2020-02-21,06:13:01,Friday,5,2,2020,False,Missing,NO OVERCHARGE,6,5.399,3.341,81.26666666666667,9.366666666666667,152.99040000000002,,,,öö,3.986136177194422,False,71.9,2.058,2–150 km/h,Friday,NOKIA,CI.4,DA.4,Other,"(60.0, inf]","(60.0, inf]","(5.0, 10.0]","(5.0, 10.0]","(60.0, inf]"
1958,2020-02-21 05:33:52,1958,9371.46,,6557,1073,1,client,finished,1,prediction,6967.0,1176.0,,3598,CA.5.44,finished,finished,DA.4.41,732,TECNO MOBILE LIMITED TECNO KB8,0,0,0.0,2020-02-21,05:33:52,Friday,5,2,2020,False,Missing,NO OVERCHARGE,5,6.557,6.967,17.883333333333333,19.6,93.71459999999999,,,,öö,21.999254426840636,False,-1.7166666666666686,-0.40999999999999925,2–150 km/h,Friday,TECNO,CA.5,DA.4,TECNO,"(-5.0, 0.0]","(10.0, 20.0]","(5.0, 10.0]","(5.0, 10.0]","(15.0, 20.0]"
1960,2020-02-21 06:45:30,1960,23692.54,,16302,3607,1,client,finished,1,prediction,17087.0,2445.0,,3812,CA.5.43,finished,finished,DA.4.37,1075,Samsung SM-G5510,0,0,0.0,2020-02-21,06:45:30,Friday,5,2,2020,False,Missing,NO OVERCHARGE,6,16.302,17.087,60.11666666666667,40.75,236.9254,,,,öö,16.270363182700304,False,19.366666666666667,-0.7850000000000001,2–150 km/h,Friday,SAMSUNG,CA.5,DA.4,Samsung,"(10.0, 20.0]","(60.0, inf]","(10.0, 20.0]","(15.0, 20.0]","(60.0, inf]"
1961,2020-02-21 07:04:21,1961,25782.96,,17219,3944,0,client,finished,1,prediction,17219.0,2706.0,,3608,CA.5.42,finished,finished,DA.4.23,740,Samsung SM-J610F,0,1,0.0,2020-02-21,07:04:21,Friday,5,2,2020,False,Missing,NO OVERCHARGE,7,17.219,17.219,65.73333333333333,45.1,257.82959999999997,,,,hommik,15.717139959432048,False,20.633333333333333,0.0,2–150 km/h,Friday,SAMSUNG,CA.5,DA.4,Samsung,"(20.0, 30.0]","(60.0, inf]","(10.0, 20.0]","(15.0, 20.0]","(60.0, inf]"
1962,2020-02-21 06:23:21,1962,9020.22,,6176,1068,1,client,finished,1,prediction,5710.0,962.0,,3603,CI.4.18,finished,finished,DA.4.39,1145,TECNO MOBILE LIMITED TECNO F3,0,0,0.0,2020-02-21,06:23:21,Friday,5,2,2020,False,Missing,NO OVERCHARGE,6,6.176,5.71,17.8,16.033333333333335,90.20219999999999,,,,öö,20.817977528089887,False,1.7666666666666657,0.4660000000000002,2–150 km/h,Friday,TECNO,CI.4,DA.4,TECNO,"(0.0, 5.0]","(10.0, 20.0]","(5.0, 10.0]","(5.0, 10.0]","(15.0, 20.0]"
1966,2020-02-21 06:51:30,1966,6.73,,4435,1270,1,client,finished,1,prediction,4282.0,879.0,,3629,CI.3.44,finished,finished,DA.4.41,993,Samsung SM-G965F,1,0,-170.0,2020-02-21,06:51:30,Friday,5,2,2020,False,Negative,NO OVERCHARGE,6,4.435,4.282,21.166666666666668,14.65,0.0673,,,,öö,12.571653543307088,False,6.5166666666666675,0.15299999999999958,2–150 km/h,Friday,SAMSUNG,CI.3,DA.4,Samsung,"(5.0, 10.0]","(20.0, 30.0]","(2.0, 5.0]","(2.0, 5.0]","(20.0, 30.0]"
1969,2020-02-21 08:30:46,1969,21827.76,,14754,3847,1,client,finished,1,prediction,13290.0,1844.0,,3618,CA.5.36,finished,finished,DA.4.37,1037,TECNO K9,0,0,0.0,2020-02-21,08:30:46,Friday,5,2,2020,False,Missing,NO OVERCHARGE,8,14.754,13.29,64.11666666666666,30.733333333333334,218.27759999999998,,,,hommik,13.806706524564596,False,33.383333333333326,1.4640000000000004,2–150 km/h,Friday,TECNO,CA.5,DA.4,TECNO,"(30.0, 60.0]","(60.0, inf]","(10.0, 20.0]","(10.0, 15.0]","(60.0, inf]"
1971,2020-02-21 08:48:25,1971,12759.72,,8739,1851,1,client,finished,1,prediction,7406.0,1195.0,,3748,CA.5.44,finished,finished,DA.4.37,1753,TECNO L9 Plus,0,0,0.0,2020-02-21,08:48:25,Friday,5,2,2020,False,Missing,NO OVERCHARGE,8,8.739,7.406,30.85,19.916666666666668,127.59719999999999,,,,hommik,16.996434359805512,False,10.933333333333334,1.333000000000001,2–150 km/h,Friday,TECNO,CA.5,DA.4,TECNO,"(10.0, 20.0]","(30.0, 60.0]","(5.0, 10.0]","(5.0, 10.0]","(30.0, 60.0]"
1972,2020-02-21 09:06:08,1972,16091.28,,9676,3207,0,client,finished,1,prediction,10857.0,1601.0,,4101,CA.5.04,finished,finished,DA.4.23,740,Samsung SM-J610F,0,1,0.0,2020-02-21,09:06:08,Friday,5,2,2020,False,Missing,NO OVERCHARGE,9,9.676,10.857,53.45,26.683333333333334,160.9128,,,,hommik,10.861739943872779,False,26.76666666666667,-1.1809999999999992,2–150 km/h,Friday,SAMSUNG,CA.5,DA.4,Samsung,"(20.0, 30.0]","(30.0, 60.0]","(5.0, 10.0]","(5.0, 10.0]","(30.0, 60.0]"
1973,2020-02-21 08:44:29,1973,12396.24,,6674,2669,1,client,finished,1,prediction,0.0,0.0,,3639,CA.5.43,finished,finished,DA.4.39,1084,TECNO P701,0,0,0.0,2020-02-21,08:44:29,Friday,5,2,2020,False,Missing,NO OVERCHARGE,8,6.674,0.0,44.483333333333334,0.0,123.9624,,,,hommik,9.002023229674036,False,44.483333333333334,6.674,2–150 km/h,Friday,TECNO,CA.5,DA.4,TECNO,"(30.0, 60.0]","(30.0, 60.0]","(5.0, 10.0]","(5.0, 10.0]","(30.0, 60.0]"
1985,2020-02-21 10:51:39,1985,26534.9,,42231,6204,1,client,finished,1,prediction,22506.0,3817.0,,3740,CA.5.40,finished,finished,DA.4.39,1977,HMD Global Nokia 2.2,0,0,0.0,2020-02-21,10:51:39,Friday,5,2,2020,False,Missing,NO OVERCHARGE,10,42.231,22.506,103.4,63.61666666666667,265.349,,,,hommik,24.50541586073501,False,39.78333333333334,19.725,2–150 km/h,Friday,NOKIA,CA.5,DA.4,Other,"(30.0, 60.0]","(60.0, inf]","(30.0, 50.0]","(20.0, inf]","(60.0, inf]"
1990,2020-02-21 10:12:39,1990,16551.78,,11859,2388,1,client,finished,1,prediction,11532.0,1630.0,,3642,CA.4.77,finished,finished,DA.4.37,1776,Infinix X572,0,0,0.0,2020-02-21,10:12:39,Friday,5,2,2020,False,Missing,NO OVERCHARGE,10,11.859,11.532,39.8,27.166666666666668,165.5178,,,,hommik,17.877889447236182,False,12.63333333333333,0.32699999999999996,2–150 km/h,Friday,INFINIX,CA.4,DA.4,Infinix,"(10.0, 20.0]","(30.0, 60.0]","(10.0, 20.0]","(10.0, 15.0]","(30.0, 60.0]"
1991,2020-02-21 09:56:34,1991,6459.78,,3804,840,1,client,finished,1,prediction,3758.0,678.0,,3635,CA.5.44,finished,finished,DA.4.37,945,HMD Global Nokia 2.2,0,0,0.0,2020-02-21,09:56:34,Friday,5,2,2020,False,Missing,NO OVERCHARGE,9,3.804,3.758,14.0,11.3,64.59779999999999,,,,hommik,16.302857142857142,False,2.6999999999999993,0.04599999999999982,2–150 km/h,Friday,NOKIA,CA.5,DA.4,Other,"(0.0, 5.0]","(10.0, 20.0]","(2.0, 5.0]","(2.0, 5.0]","(10.0, 15.0]"
1992,2020-02-21 10:55:27,1992,75220.74,,47610,4388,0,client,finished,1,prediction,48402.0,3396.0,,3632,CI.4.11,finished,finished,DA.4.19,1831,Samsung SM-G935F,0,0,0.0,2020-02-21,10:55:27,Friday,5,2,2020,False,Missing,NO OVERCHARGE,10,47.61,48.402,73.13333333333334,56.6,752.2074,,,,hommik,39.06016408386509,False,16.53333333333334,-0.7920000000000016,2–150 km/h,Friday,SAMSUNG,CI.4,DA.4,Samsung,"(10.0, 20.0]","(60.0, inf]","(30.0, 50.0]","(20.0, inf]","(60.0, inf]"
1996,2020-02-21 10:40:52,1996,6000.0,,87,173,0,client,finished,1,prediction,7699.0,1281.0,,3628,CA.5.26,finished,finished,DA.4.39,1510,TECNO F3,0,0,0.0,2020-02-21,10:40:52,Friday,5,2,2020,False,Missing,NO OVERCHARGE,10,0.087,7.699,2.8833333333333333,21.35,60.0,,,,hommik,1.8104046242774567,False,-18.46666666666667,-7.612,<2 km/h,Friday,TECNO,CA.5,DA.4,TECNO,,"(0.0, 5.0]","(0.0, 2.0]","(0.0, 2.0]","(0.0, 5.0]"
2001,2020-02-21 12:28:02,2001,20073.54,,15090,2689,0,client,finished,1,prediction,14060.0,1983.0,,3663,CA.5.04,finished,finished,DA.4.39,476,TECNO MOBILE LIMITED TECNO B1p,0,0,0.0,2020-02-21,12:28:02,Friday,5,2,2020,False,Missing,NO OVERCHARGE,12,15.09,14.06,44.81666666666667,33.05,200.7354,,,,hommik,20.202305689847528,False,11.766666666666673,1.0299999999999994,2–150 km/h,Friday,TECNO,CA.5,DA.4,TECNO,"(10.0, 20.0]","(30.0, 60.0]","(10.0, 20.0]","(15.0, 20.0]","(30.0, 60.0]"
2008,2020-02-21 12:33:10,2008,3473.2,,4918,916,1,client,finished,1,prediction,3730.0,605.0,,3650,CA.5.40,finished,finished,DA.4.41,1402,TECNO CX Air,0,0,0.0,2020-02-21,12:33:10,Friday,5,2,2020,False,Missing,NO OVERCHARGE,12,4.918,3.73,15.266666666666667,10.083333333333334,34.732,,,,hommik,19.328384279475983,False,5.183333333333334,1.1880000000000002,2–150 km/h,Friday,TECNO,CA.5,DA.4,TECNO,"(5.0, 10.0]","(10.0, 20.0]","(2.0, 5.0]","(2.0, 5.0]","(15.0, 20.0]"
2011,2020-02-21 13:54:56,2011,14610.72,,9441,2517,0,client,finished,1,prediction,11048.0,1605.0,,4050,CA.4.92,finished,finished,DA.4.39,1611,TECNO CA6,0,0,0.0,2020-02-21,13:54:56,Friday,5,2,2020,False,Missing,NO OVERCHARGE,13,9.441,11.048,41.95,26.75,146.1072,,,,lõuna,13.503218116805721,False,15.200000000000003,-1.6069999999999993,2–150 km/h,Friday,TECNO,CA.4,DA.4,TECNO,"(10.0, 20.0]","(30.0, 60.0]","(5.0, 10.0]","(5.0, 10.0]","(30.0, 60.0]"
2019,2020-02-21 14:55:29,2019,14285.76,,7252,3415,0,client,finished,1,prediction,4422.0,684.0,,3672,CA.5.40,finished,finished,DA.4.37,1999,Itel S11,0,0,0.0,2020-02-21,14:55:29,Friday,5,2,2020,False,Missing,NO OVERCHARGE,14,7.252,4.422,56.916666666666664,11.4,142.8576,,,,lõuna,7.644860907759884,False,45.516666666666666,2.83,2–150 km/h,Friday,ITEL,CA.5,DA.4,Itel,"(30.0, 60.0]","(30.0, 60.0]","(5.0, 10.0]","(5.0, 10.0]","(30.0, 60.0]"
2020,2020-02-21 16:36:30,2020,18809.76,,26,9427,0,client,finished,1,prediction,10508.0,1826.0,,4063,CA.5.44,finished,finished,DA.4.39,285,TECNO CX Air,0,0,0.0,2020-02-21,16:36:30,Friday,5,2,2020,False,Missing,NO OVERCHARGE,16,0.026,10.508,157.11666666666667,30.433333333333334,188.09759999999997,,,,lõuna,0.009928927548530815,False,126.68333333333334,-10.482,<2 km/h,Friday,TECNO,CA.5,DA.4,TECNO,"(60.0, inf]","(60.0, inf]","(0.0, 2.0]","(0.0, 2.0]","(60.0, inf]"
2024,2020-02-21 15:48:59,2023,16337.46,,8688,3827,1,client,finished,1,prediction,5509.0,1156.0,,3684,CA.5.32,finished,finished,DA.4.39,310,Samsung SAMSUNG-SM-G900A,0,1,0.0,2020-02-21,15:48:59,Friday,5,2,2020,False,Missing,NO OVERCHARGE,15,8.688,5.509,63.78333333333333,19.266666666666666,163.3746,,,,lõuna,8.172667886072643,False,44.516666666666666,3.1790000000000003,2–150 km/h,Friday,SAMSUNG,CA.5,DA.4,Samsung,"(30.0, 60.0]","(60.0, inf]","(5.0, 10.0]","(5.0, 10.0]","(60.0, inf]"
2026,2020-02-21 14:46:06,2026,7739.04,,5031,934,1,client,finished,1,prediction,4599.0,731.0,,3668,CA.5.44,finished,finished,DA.4.39,1145,TECNO MOBILE LIMITED TECNO F3,0,0,0.0,2020-02-21,14:46:06,Friday,5,2,2020,False,Missing,NO OVERCHARGE,14,5.031,4.599,15.566666666666666,12.183333333333334,77.3904,,,,lõuna,19.391434689507495,False,3.383333333333333,0.4319999999999995,2–150 km/h,Friday,TECNO,CA.5,DA.4,TECNO,"(0.0, 5.0]","(10.0, 20.0]","(5.0, 10.0]","(5.0, 10.0]","(15.0, 20.0]"
2028,2020-02-21 17:11:22,2028,26886.72,,11856,8025,0,client,finished,2,prediction,12685.0,2166.0,client_destination_changed,3692,CA.5.44,finished,finished,DA.4.35,671,TECNO MOBILE LIMITED TECNO CF7,0,0,0.0,2020-02-21,17:11:22,Friday,5,2,2020,False,Missing,NO OVERCHARGE,17,11.856,12.685,133.75,36.1,268.8672,,,,lõuna,5.3185794392523364,False,97.65,-0.8290000000000006,2–150 km/h,Friday,TECNO,CA.5,DA.4,TECNO,"(60.0, inf]","(60.0, inf]","(10.0, 20.0]","(10.0, 15.0]","(60.0, inf]"
2036,2020-02-21 16:11:50,2036,16881.24,,11466,2759,0,client,finished,1,prediction,11466.0,1814.0,,3717,CI.4.18,finished,finished,DA.4.39,1854,INFINIX MOBILITY LIMITED Infinix X5515,0,0,0.0,2020-02-21,16:11:50,Friday,5,2,2020,False,Missing,NO OVERCHARGE,16,11.466,11.466,45.983333333333334,30.233333333333334,168.81240000000003,,,,lõuna,14.961072852482785,False,15.75,0.0,2–150 km/h,Friday,INFINIX,CI.4,DA.4,Infinix,"(10.0, 20.0]","(30.0, 60.0]","(10.0, 20.0]","(10.0, 15.0]","(30.0, 60.0]"
2049,2020-02-21 17:21:38,2049,15001.98,,9502,2701,1,client,finished,2,prediction,9454.0,1908.0,client_destination_changed,4040,CI.4.18,finished,finished,DA.4.39,1820,Infinix X572,0,0,0.0,2020-02-21,17:21:38,Friday,5,2,2020,False,Missing,NO OVERCHARGE,17,9.502,9.454,45.016666666666666,31.8,150.0198,,,,lõuna,12.664642724916698,False,13.216666666666665,0.04800000000000004,2–150 km/h,Friday,INFINIX,CI.4,DA.4,Infinix,"(10.0, 20.0]","(30.0, 60.0]","(5.0, 10.0]","(5.0, 10.0]","(30.0, 60.0]"
2050,2020-02-21 17:50:15,2050,19835.04,,12967,3634,0,client,finished,1,prediction,12967.0,2025.0,,3754,CA.5.43,finished,finished,DA.4.39,1854,INFINIX MOBILITY LIMITED Infinix X5515,0,0,0.0,2020-02-21,17:50:15,Friday,5,2,2020,False,Missing,NO OVERCHARGE,17,12.967,12.967,60.56666666666667,33.75,198.3504,,,,lõuna,12.84567969179967,False,26.81666666666667,0.0,2–150 km/h,Friday,INFINIX,CA.5,DA.4,Infinix,"(20.0, 30.0]","(60.0, inf]","(10.0, 20.0]","(10.0, 15.0]","(60.0, inf]"
2053,2020-02-21 18:18:03,2053,5410.6,,5550,1182,1,client,finished,1,prediction,4867.0,996.0,,3701,CA.5.36,finished,finished,DA.4.37,545,Samsung GT-I9515,0,0,0.0,2020-02-21,18:18:03,Friday,5,2,2020,False,Missing,NO OVERCHARGE,18,5.55,4.867,19.7,16.6,54.106,,,,lõuna,16.903553299492387,False,3.099999999999998,0.6829999999999998,2–150 km/h,Friday,SAMSUNG,CA.5,DA.4,Samsung,"(0.0, 5.0]","(10.0, 20.0]","(5.0, 10.0]","(5.0, 10.0]","(15.0, 20.0]"
2058,2020-02-21 19:08:59,2058,15524.28,,9820,2829,0,client,finished,1,prediction,9237.0,1720.0,,3721,CA.5.44,finished,finished,DA.4.31,1861,TECNO MOBILE LIMITED TECNO B1p,0,1,0.0,2020-02-21,19:08:59,Friday,5,2,2020,False,Missing,NO OVERCHARGE,19,9.82,9.237,47.15,28.666666666666668,155.24280000000002,,,,õhtu,12.49628844114528,False,18.48333333333333,0.5830000000000002,2–150 km/h,Friday,TECNO,CA.5,DA.4,TECNO,"(10.0, 20.0]","(30.0, 60.0]","(5.0, 10.0]","(5.0, 10.0]","(30.0, 60.0]"
2060,2020-02-21 18:41:34,2060,3638.2,,2546,665,1,client,finished,1,prediction,0.0,0.0,,3762,CA.5.44,finished,finished,DA.4.39,1615,Infinix X559C,0,0,0.0,2020-02-21,18:41:34,Friday,5,2,2020,False,Missing,NO OVERCHARGE,18,2.546,0.0,11.083333333333334,0.0,36.382,,,,lõuna,13.782857142857143,False,11.083333333333334,2.546,2–150 km/h,Friday,INFINIX,CA.5,DA.4,Infinix,"(10.0, 20.0]","(10.0, 20.0]","(2.0, 5.0]","(2.0, 5.0]","(10.0, 15.0]"
2064,2020-02-21 19:59:12,2064,9598.6,,10151,1505,1,client,finished,1,prediction,9477.0,1197.0,,3911,CA.5.42,finished,finished,DA.4.39,1446,TECNO F3,0,0,0.0,2020-02-21,19:59:12,Friday,5,2,2020,False,Missing,NO OVERCHARGE,19,10.151,9.477,25.083333333333332,19.95,95.986,,,,õhtu,24.281461794019933,False,5.133333333333333,0.6739999999999995,2–150 km/h,Friday,TECNO,CA.5,DA.4,TECNO,"(5.0, 10.0]","(20.0, 30.0]","(10.0, 20.0]","(10.0, 15.0]","(20.0, 30.0]"
2066,2020-02-21 20:41:21,2066,7801.0,,8061,1179,1,client,finished,1,prediction,8118.0,968.0,,3908,CA.5.44,finished,finished,DA.4.39,1122,TECNO K7,0,0,0.0,2020-02-21,20:41:21,Friday,5,2,2020,False,Missing,NO OVERCHARGE,20,8.061,8.118,19.65,16.133333333333333,78.01,,,,õhtu,24.61374045801527,False,3.5166666666666657,-0.057000000000000384,2–150 km/h,Friday,TECNO,CA.5,DA.4,TECNO,"(0.0, 5.0]","(10.0, 20.0]","(5.0, 10.0]","(5.0, 10.0]","(15.0, 20.0]"
2068,2020-02-21 21:22:36,2068,6116.76,,4154,481,1,client,finished,1,prediction,3988.0,578.0,,3714,CI.4.09,finished,finished,DA.4.39,2149,HMD Global Nokia 2.2,0,0,0.0,2020-02-21,21:22:36,Friday,5,2,2020,False,Missing,NO OVERCHARGE,21,4.154,3.988,8.016666666666667,9.633333333333333,61.1676,,,,õhtu,31.090228690228695,False,-1.6166666666666654,0.16599999999999993,2–150 km/h,Friday,NOKIA,CI.4,DA.4,Other,"(-5.0, 0.0]","(5.0, 10.0]","(2.0, 5.0]","(2.0, 5.0]","(5.0, 10.0]"
2074,2020-02-21 22:47:30,2074,38241.76,,25842,3217,1,client,finished,1,prediction,7838.0,1114.0,,3750,CA.5.43,finished,finished,DA.4.39,1089,OPPO CPH1803,0,0,0.0,2020-02-21,22:47:30,Friday,5,2,2020,False,Missing,NO OVERCHARGE,22,25.842,7.838,53.61666666666667,18.566666666666666,382.4176,,,,õhtu,28.918619832141747,False,35.05,18.003999999999998,2–150 km/h,Friday,OPPO,CA.5,DA.4,Oppo,"(30.0, 60.0]","(30.0, 60.0]","(20.0, 30.0]","(20.0, inf]","(30.0, 60.0]"
2077,2020-02-21 22:26:13,2077,10133.04,,7690,934,1,client,finished,1,prediction,5565.0,647.0,,3724,CI.4.14,finished,finished,DA.4.35,1788,INFINIX MOBILITY LIMITED Infinix X624,0,0,0.0,2020-02-21,22:26:13,Friday,5,2,2020,False,Missing,NO OVERCHARGE,22,7.69,5.565,15.566666666666666,10.783333333333333,101.33040000000001,,,,õhtu,29.640256959314776,False,4.783333333333333,2.125,2–150 km/h,Friday,INFINIX,CI.4,DA.4,Infinix,"(0.0, 5.0]","(10.0, 20.0]","(5.0, 10.0]","(5.0, 10.0]","(15.0, 20.0]"
2093,2020-02-22 01:11:01,2093,6000.0,,2620,260,1,client,finished,1,prediction,10165.0,1075.0,,3733,CA.5.40,finished,finished,DA.4.39,1366,OPPO CPH1803,0,0,0.0,2020-02-22,01:11:01,Saturday,6,2,2020,False,Missing,NO OVERCHARGE,1,2.62,10.165,4.333333333333333,17.916666666666668,60.0,,,,öö,36.276923076923076,False,-13.583333333333336,-7.544999999999999,2–150 km/h,Saturday,OPPO,CA.5,DA.4,Oppo,,"(0.0, 5.0]","(2.0, 5.0]","(2.0, 5.0]","(0.0, 5.0]"
2096,2020-02-22 01:20:08,2096,15586.2,,13067,1267,1,client,finished,1,prediction,12823.0,1236.0,,3734,CA.5.00,finished,finished,DA.4.39,1320,Samsung SM-G900F,0,1,0.0,2020-02-22,01:20:08,Saturday,6,2,2020,False,Missing,NO OVERCHARGE,1,13.067,12.823,21.116666666666667,20.6,155.862,,,,öö,37.128018942383584,False,0.5166666666666657,0.24399999999999977,2–150 km/h,Saturday,SAMSUNG,CA.5,DA.4,Samsung,"(0.0, 5.0]","(20.0, 30.0]","(10.0, 20.0]","(10.0, 15.0]","(20.0, 30.0]"
2099,2020-02-22 02:33:12,2099,20931.72,,14190,3633,0,client,finished,1,prediction,14190.0,1795.0,,2891,CI.4.12,finished,finished,DA.4.37,1961,INFINIX MOBILITY LIMITED Infinix X573,0,0,0.0,2020-02-22,02:33:12,Saturday,6,2,2020,False,Missing,NO OVERCHARGE,2,14.19,14.19,60.55,29.916666666666668,209.3172,,,,öö,14.06110652353427,False,30.63333333333333,0.0,2–150 km/h,Saturday,INFINIX,CI.4,DA.4,Infinix,"(30.0, 60.0]","(60.0, inf]","(10.0, 20.0]","(10.0, 15.0]","(60.0, inf]"
2104,2020-02-22 02:03:49,2104,6000.0,,2995,602,1,client,finished,1,prediction,3589.0,429.0,,3737,CA.4.89,finished,finished,DA.4.41,578,TECNO MOBILE LIMITED TECNO LA7,0,0,0.0,2020-02-22,02:03:49,Saturday,6,2,2020,False,Missing,NO OVERCHARGE,2,2.995,3.589,10.033333333333333,7.15,60.0,,,,öö,17.91029900332226,False,2.883333333333333,-0.5939999999999999,2–150 km/h,Saturday,TECNO,CA.4,DA.4,TECNO,"(0.0, 5.0]","(10.0, 20.0]","(2.0, 5.0]","(2.0, 5.0]","(10.0, 15.0]"
2109,2020-02-22 03:41:28,2109,9000.96,,6353,974,1,client,finished,1,prediction,6129.0,867.0,,4289,CA.4.92,finished,finished,DA.4.41,1475,TECNO K7,0,0,0.0,2020-02-22,03:41:28,Saturday,6,2,2020,False,Missing,NO OVERCHARGE,3,6.353,6.129,16.233333333333334,14.45,90.00959999999999,,,,öö,23.481314168377825,False,1.783333333333335,0.2240000000000002,2–150 km/h,Saturday,TECNO,CA.4,DA.4,TECNO,"(0.0, 5.0]","(10.0, 20.0]","(5.0, 10.0]","(5.0, 10.0]","(15.0, 20.0]"
2118,2020-02-22 06:36:45,2118,6000.0,,3472,638,1,client,finished,1,prediction,3417.0,521.0,,3753,CI.4.17,finished,finished,DA.4.39,1145,TECNO MOBILE LIMITED TECNO F3,0,0,0.0,2020-02-22,06:36:45,Saturday,6,2,2020,False,Missing,NO OVERCHARGE,6,3.472,3.417,10.633333333333333,8.683333333333334,60.0,,,,öö,19.591222570532917,False,1.9499999999999993,0.05500000000000016,2–150 km/h,Saturday,TECNO,CI.4,DA.4,TECNO,"(0.0, 5.0]","(10.0, 20.0]","(2.0, 5.0]","(2.0, 5.0]","(10.0, 15.0]"
2120,2020-02-22 06:48:54,2120,6000.0,,3286,579,1,client,finished,1,prediction,3283.0,659.0,,3757,CA.5.44,finished,finished,DA.4.34,606,Samsung SM-G935T,0,0,0.0,2020-02-22,06:48:54,Saturday,6,2,2020,False,Missing,NO OVERCHARGE,6,3.286,3.283,9.65,10.983333333333333,60.0,,,,öö,20.431088082901557,False,-1.3333333333333321,0.0030000000000001137,2–150 km/h,Saturday,SAMSUNG,CA.5,DA.4,Samsung,"(-5.0, 0.0]","(5.0, 10.0]","(2.0, 5.0]","(2.0, 5.0]","(5.0, 10.0]"
2121,2020-02-22 07:16:23,2121,13814.22,,9932,1842,1,client,finished,1,prediction,10428.0,1682.0,,3758,CA.5.44,finished,finished,DA.4.31,643,TECNO-C7,0,1,0.0,2020-02-22,07:16:23,Saturday,6,2,2020,False,Missing,NO OVERCHARGE,7,9.932,10.428,30.7,28.033333333333335,138.1422,,,,hommik,19.411074918566776,False,2.6666666666666643,-0.49600000000000044,2–150 km/h,Saturday,TECNO,CA.5,DA.4,TECNO,"(0.0, 5.0]","(30.0, 60.0]","(5.0, 10.0]","(5.0, 10.0]","(30.0, 60.0]"
2123,2020-02-22 07:37:30,2123,9455.46,,6362,1217,1,client,finished,1,prediction,7112.0,1069.0,,3771,CA.5.44,finished,finished,DA.4.39,1291,Samsung SM-J610F,0,0,0.0,2020-02-22,07:37:30,Saturday,6,2,2020,False,Missing,NO OVERCHARGE,7,6.362,7.112,20.283333333333335,17.816666666666666,94.5546,,,,hommik,18.81939194741167,False,2.4666666666666686,-0.75,2–150 km/h,Saturday,SAMSUNG,CA.5,DA.4,Samsung,"(0.0, 5.0]","(20.0, 30.0]","(5.0, 10.0]","(5.0, 10.0]","(20.0, 30.0]"
2125,2020-02-22 08:42:51,2125,14838.4,,5484,1743,0,client,finished,1,prediction,6464.0,1108.0,,3779,CI.4.14,finished,finished,DA.4.39,1817,TECNO MOBILE LIMITED TECNO CC7,0,0,0.0,2020-02-22,08:42:51,Saturday,6,2,2020,False,Missing,NO OVERCHARGE,8,5.484,6.464,29.05,18.466666666666665,148.384,,,,hommik,11.326678141135973,False,10.583333333333336,-0.9800000000000004,2–150 km/h,Saturday,TECNO,CI.4,DA.4,TECNO,"(10.0, 20.0]","(20.0, 30.0]","(5.0, 10.0]","(5.0, 10.0]","(20.0, 30.0]"
2126,2020-02-22 08:24:24,2126,15125.22,,9806,2616,0,client,finished,1,prediction,9333.0,1233.0,,4216,CA.5.42,finished,finished,DA.4.39,2064,Foxconn TG-L800S,0,1,0.0,2020-02-22,08:24:24,Saturday,6,2,2020,False,Missing,NO OVERCHARGE,8,9.806,9.333,43.6,20.55,151.2522,,,,hommik,13.494495412844037,False,23.05,0.472999999999999,2–150 km/h,Saturday,FOXCONN,CA.5,DA.4,Other,"(20.0, 30.0]","(30.0, 60.0]","(5.0, 10.0]","(5.0, 10.0]","(30.0, 60.0]"
2127,2020-02-22 08:18:01,2127,10353.78,,6660,1560,0,client,finished,1,prediction,2442.0,477.0,,3912,CI.4.18,finished,finished,DA.4.16,831,Samsung SM-G611F,0,1,0.0,2020-02-22,08:18:01,Saturday,6,2,2020,False,Missing,NO OVERCHARGE,8,6.66,2.442,26.0,7.95,103.5378,,,,hommik,15.36923076923077,False,18.05,4.218,2–150 km/h,Saturday,SAMSUNG,CI.4,DA.4,Samsung,"(10.0, 20.0]","(20.0, 30.0]","(5.0, 10.0]","(5.0, 10.0]","(20.0, 30.0]"
2129,2020-02-22 10:03:54,2129,60751.98,,35222,7309,0,client,finished,1,prediction,35222.0,2297.0,,3787,CI.3.95,finished,finished,DA.4.39,1827,TECNO MOBILE LIMITED TECNO KC6,0,0,0.0,2020-02-22,10:03:54,Saturday,6,2,2020,False,Missing,NO OVERCHARGE,10,35.222,35.222,121.81666666666666,38.28333333333333,607.5198,,,,hommik,17.34836502941579,False,83.53333333333333,0.0,2–150 km/h,Saturday,TECNO,CI.3,DA.4,TECNO,"(60.0, inf]","(60.0, inf]","(30.0, 50.0]","(20.0, inf]","(60.0, inf]"
2130,2020-02-22 10:06:59,2130,20741.04,,11959,4624,0,client,finished,1,prediction,13478.0,1921.0,,3780,CI.4.16,finished,finished,DA.4.37,859,Samsung SM-G928F,0,1,0.0,2020-02-22,10:06:59,Saturday,6,2,2020,False,Missing,NO OVERCHARGE,10,11.959,13.478,77.06666666666666,32.016666666666666,207.4104,,,,hommik,9.310640138408305,False,45.05,-1.5190000000000001,2–150 km/h,Saturday,SAMSUNG,CI.4,DA.4,Samsung,"(30.0, 60.0]","(60.0, inf]","(10.0, 20.0]","(10.0, 15.0]","(60.0, inf]"
2132,2020-02-22 09:19:18,2132,12039.6,,4197,1326,0,client,finished,1,prediction,4197.0,794.0,,3772,CA.5.44,finished,finished,DA.4.41,1785,TECNO MOBILE LIMITED TECNO B1,0,0,0.0,2020-02-22,09:19:18,Saturday,6,2,2020,False,Missing,NO OVERCHARGE,9,4.197,4.197,22.1,13.233333333333333,120.396,,,,hommik,11.394570135746607,False,8.866666666666669,0.0,2–150 km/h,Saturday,TECNO,CA.5,DA.4,TECNO,"(5.0, 10.0]","(20.0, 30.0]","(2.0, 5.0]","(2.0, 5.0]","(20.0, 30.0]"
2134,2020-02-22 09:57:50,2134,15128.76,,13874,625,1,client,finished,1,prediction,5918.0,929.0,,3776,CI.4.19,finished,finished,DA.4.22,1614,HTC U Ultra,0,1,0.0,2020-02-22,09:57:50,Saturday,6,2,2020,False,Missing,NO OVERCHARGE,9,13.874,5.918,10.416666666666666,15.483333333333333,151.2876,,,,hommik,79.91424,False,-5.066666666666666,7.956,2–150 km/h,Saturday,HTC,CI.4,DA.4,Other,"(-10.0, -5.0]","(10.0, 20.0]","(10.0, 20.0]","(10.0, 15.0]","(10.0, 15.0]"
2136,2020-02-22 10:25:41,2136,42482.5,,30966,1053,0,client,finished,1,prediction,14612.0,1575.0,,3858,CA.5.44,finished,finished,DA.4.14,47,TECNO-J8,0,1,0.0,2020-02-22,10:25:41,Saturday,6,2,2020,False,Missing,NO OVERCHARGE,10,30.966,14.612,17.55,26.25,424.825,,,,hommik,105.86666666666667,False,-8.7,16.354,2–150 km/h,Saturday,TECNO,CA.5,DA.4,TECNO,"(-10.0, -5.0]","(10.0, 20.0]","(30.0, 50.0]","(20.0, inf]","(15.0, 20.0]"
2138,2020-02-22 11:15:23,2138,17770.98,,10336,3799,1,client,finished,1,prediction,10899.0,1844.0,,3789,CA.5.38,finished,finished,DA.4.39,640,Samsung SM-G610F,0,0,0.0,2020-02-22,11:15:23,Saturday,6,2,2020,False,Missing,NO OVERCHARGE,11,10.336,10.899,63.31666666666667,30.733333333333334,177.7098,,,,hommik,9.794577520400106,False,32.583333333333336,-0.5629999999999988,2–150 km/h,Saturday,SAMSUNG,CA.5,DA.4,Samsung,"(30.0, 60.0]","(60.0, inf]","(10.0, 20.0]","(10.0, 15.0]","(60.0, inf]"
2139,2020-02-22 11:03:09,2139,14888.52,,10243,2276,1,client,finished,1,prediction,14201.0,2554.0,,3785,CA.4.95,finished,finished,DA.4.31,749,Infinix X559C,0,0,0.0,2020-02-22,11:03:09,Saturday,6,2,2020,False,Missing,NO OVERCHARGE,11,10.243,14.201,37.93333333333333,42.56666666666667,148.8852,,,,hommik,16.20158172231986,False,-4.63333333333334,-3.958,2–150 km/h,Saturday,INFINIX,CA.4,DA.4,Infinix,"(-5.0, 0.0]","(30.0, 60.0]","(10.0, 20.0]","(10.0, 15.0]","(30.0, 60.0]"
2141,2020-02-22 12:04:30,2141,20486.22,,11878,4524,0,client,finished,1,prediction,10108.0,1673.0,,3793,CA.5.44,finished,finished,DA.4.39,1820,Infinix X572,0,0,0.0,2020-02-22,12:04:30,Saturday,6,2,2020,False,Missing,NO OVERCHARGE,12,11.878,10.108,75.4,27.883333333333333,204.8622,,,,hommik,9.451989389920424,False,47.51666666666667,1.7699999999999996,2–150 km/h,Saturday,INFINIX,CA.5,DA.4,Infinix,"(30.0, 60.0]","(60.0, inf]","(10.0, 20.0]","(10.0, 15.0]","(60.0, inf]"
2148,2020-02-22 12:59:31,2148,17279.28,,11105,3153,0,client,finished,1,prediction,11105.0,1927.0,,3804,CA.5.17,finished,finished,DA.4.41,732,TECNO MOBILE LIMITED TECNO KB8,0,0,0.0,2020-02-22,12:59:31,Saturday,6,2,2020,False,Missing,NO OVERCHARGE,12,11.105,11.105,52.55,32.11666666666667,172.7928,,,,hommik,12.679352997145577,False,20.43333333333333,0.0,2–150 km/h,Saturday,TECNO,CA.5,DA.4,TECNO,"(20.0, 30.0]","(30.0, 60.0]","(10.0, 20.0]","(10.0, 15.0]","(30.0, 60.0]"
2150,2020-02-22 11:58:07,2150,6000.0,,504,471,1,client,finished,1,prediction,4018.0,757.0,,3833,CI.4.18,finished,finished,DA.4.34,1038,INFINIX MOBILITY LIMITED Infinix X650B,0,0,0.0,2020-02-22,11:58:07,Saturday,6,2,2020,False,Missing,NO OVERCHARGE,11,0.504,4.018,7.85,12.616666666666667,60.0,,,,hommik,3.8522292993630574,False,-4.7666666666666675,-3.514,2–150 km/h,Saturday,INFINIX,CI.4,DA.4,Infinix,"(-5.0, 0.0]","(5.0, 10.0]","(0.0, 2.0]","(0.0, 2.0]","(5.0, 10.0]"
2151,2020-02-22 12:26:51,2151,12890.76,,9108,1741,0,client,finished,1,prediction,9640.0,1309.0,,3814,CI.4.17,finished,finished,DA.4.39,1515,INFINIX MOBILITY LIMITED Infinix X5515,0,0,0.0,2020-02-22,12:26:51,Saturday,6,2,2020,False,Missing,NO OVERCHARGE,12,9.108,9.64,29.016666666666666,21.816666666666666,128.9076,,,,hommik,18.833314187248707,False,7.199999999999999,-0.532,2–150 km/h,Saturday,INFINIX,CI.4,DA.4,Infinix,"(5.0, 10.0]","(20.0, 30.0]","(5.0, 10.0]","(5.0, 10.0]","(20.0, 30.0]"
2152,2020-02-22 13:32:10,2152,34330.22,,21984,4452,1,client,finished,1,prediction,15157.0,1753.0,,3821,CA.5.36,finished,finished,DA.4.39,1827,TECNO MOBILE LIMITED TECNO KC6,0,0,0.0,2020-02-22,13:32:10,Saturday,6,2,2020,False,Missing,NO OVERCHARGE,13,21.984,15.157,74.2,29.216666666666665,343.3022,,,,lõuna,17.776819407008087,False,44.983333333333334,6.827000000000002,2–150 km/h,Saturday,TECNO,CA.5,DA.4,TECNO,"(30.0, 60.0]","(60.0, inf]","(20.0, 30.0]","(20.0, inf]","(60.0, inf]"
2153,2020-02-22 12:25:32,2153,6000.0,,987,319,1,client,finished,1,prediction,3594.0,747.0,,3795,CA.5.44,finished,finished,DA.4.34,1038,INFINIX MOBILITY LIMITED Infinix X650B,0,0,0.0,2020-02-22,12:25:32,Saturday,6,2,2020,False,Missing,NO OVERCHARGE,12,0.987,3.594,5.316666666666666,12.45,60.0,,,,hommik,11.138557993730407,False,-7.133333333333333,-2.6069999999999998,2–150 km/h,Saturday,INFINIX,CA.5,DA.4,Infinix,"(-10.0, -5.0]","(5.0, 10.0]","(0.0, 2.0]","(0.0, 2.0]","(5.0, 10.0]"
2160,2020-02-22 13:37:44,2160,17267.28,,12268,2577,1,client,finished,1,prediction,10864.0,1718.0,,1326,CA.5.26,finished,finished,DI.3.34,189,"iPhone7,2",0,0,0.0,2020-02-22,13:37:44,Saturday,6,2,2020,False,Missing,NO OVERCHARGE,13,12.268,10.864,42.95,28.633333333333333,172.6728,,,,lõuna,17.138067520372527,False,14.31666666666667,1.404,2–150 km/h,Saturday,APPLE,CA.5,DI.3,Apple,"(10.0, 20.0]","(30.0, 60.0]","(10.0, 20.0]","(10.0, 15.0]","(30.0, 60.0]"
2161,2020-02-22 13:12:27,2161,12587.22,,10953,672,0,client,finished,2,prediction,4208.0,1020.0,client_destination_changed,3809,CI.4.18,finished,finished,DA.4.14,47,TECNO-J8,0,1,0.0,2020-02-22,13:12:27,Saturday,6,2,2020,False,Missing,NO OVERCHARGE,13,10.953,4.208,11.2,17.0,125.87219999999999,,,,lõuna,58.676785714285714,False,-5.800000000000001,6.744999999999999,2–150 km/h,Saturday,TECNO,CI.4,DA.4,TECNO,"(-10.0, -5.0]","(10.0, 20.0]","(10.0, 20.0]","(10.0, 15.0]","(10.0, 15.0]"
2162,2020-02-22 13:34:37,2162,7949.22,,4333,1392,1,client,finished,1,prediction,4347.0,943.0,,3830,CA.5.44,finished,finished,DA.4.39,287,INFINIX MOBILITY LIMITED Infinix X650B,0,0,0.0,2020-02-22,13:34:37,Saturday,6,2,2020,False,Missing,NO OVERCHARGE,13,4.333,4.347,23.2,15.716666666666667,79.4922,,,,lõuna,11.206034482758621,False,7.4833333333333325,-0.014000000000000234,2–150 km/h,Saturday,INFINIX,CA.5,DA.4,Infinix,"(5.0, 10.0]","(20.0, 30.0]","(2.0, 5.0]","(2.0, 5.0]","(20.0, 30.0]"
2163,2020-02-22 15:05:54,2163,21854.28,,9194,6591,0,client,finished,1,prediction,10938.0,1742.0,,3828,CI.4.12,finished,finished,DA.4.31,1436,Foxconn TG-L800S,0,0,0.0,2020-02-22,15:05:54,Saturday,6,2,2020,False,Missing,NO OVERCHARGE,15,9.194,10.938,109.85,29.033333333333335,218.5428,,,,lõuna,5.021756941283569,False,80.81666666666666,-1.7439999999999998,2–150 km/h,Saturday,FOXCONN,CI.4,DA.4,Other,"(60.0, inf]","(60.0, inf]","(5.0, 10.0]","(5.0, 10.0]","(60.0, inf]"
2164,2020-02-22 14:27:28,2164,16428.96,,8374,4034,0,client,finished,1,prediction,6548.0,1062.0,,3822,CA.5.44,finished,finished,DA.4.37,1095,Samsung SM-G925F,0,0,0.0,2020-02-22,14:27:28,Saturday,6,2,2020,False,Missing,NO OVERCHARGE,14,8.374,6.548,67.23333333333333,17.7,164.28959999999998,,,,lõuna,7.473078829945464,False,49.53333333333333,1.8260000000000005,2–150 km/h,Saturday,SAMSUNG,CA.5,DA.4,Samsung,"(30.0, 60.0]","(60.0, inf]","(5.0, 10.0]","(5.0, 10.0]","(60.0, inf]"
2167,2020-02-22 14:30:36,2167,20250.76,,15728,2227,0,client,finished,1,prediction,6506.0,1203.0,,3823,CI.4.18,finished,finished,DA.4.35,1652,TECNO MOBILE LIMITED TECNO B1p,0,0,0.0,2020-02-22,14:30:36,Saturday,6,2,2020,False,Missing,NO OVERCHARGE,14,15.728,6.506,37.11666666666667,20.05,202.5076,,,,lõuna,25.424696901661427,False,17.066666666666666,9.222,2–150 km/h,Saturday,TECNO,CI.4,DA.4,TECNO,"(10.0, 20.0]","(30.0, 60.0]","(10.0, 20.0]","(15.0, 20.0]","(30.0, 60.0]"
2168,2020-02-22 14:27:58,2168,9555.54,,5488,1699,0,client,finished,1,prediction,0.0,0.0,,3851,CA.5.44,finished,finished,DA.4.23,1705,TECNO MOBILE LIMITED TECNO B1p,0,1,0.0,2020-02-22,14:27:58,Saturday,6,2,2020,False,Missing,NO OVERCHARGE,14,5.488,0.0,28.316666666666666,0.0,95.5554,,,,lõuna,11.628487345497351,False,28.316666666666666,5.488,2–150 km/h,Saturday,TECNO,CA.5,DA.4,TECNO,"(20.0, 30.0]","(20.0, 30.0]","(5.0, 10.0]","(5.0, 10.0]","(20.0, 30.0]"
2170,2020-02-22 15:04:48,2170,17481.0,,10790,3420,0,client,finished,1,prediction,10790.0,2002.0,,3842,CI.4.18,finished,finished,DA.4.39,1544,TECNO MOBILE LIMITED TECNO B1,0,0,0.0,2020-02-22,15:04:48,Saturday,6,2,2020,False,Missing,NO OVERCHARGE,15,10.79,10.79,57.0,33.36666666666667,174.81,,,,lõuna,11.357894736842105,False,23.633333333333333,0.0,2–150 km/h,Saturday,TECNO,CI.4,DA.4,TECNO,"(20.0, 30.0]","(30.0, 60.0]","(10.0, 20.0]","(10.0, 15.0]","(30.0, 60.0]"
2171,2020-02-22 14:22:53,2171,6771.24,,4268,779,1,client,finished,1,prediction,6823.0,1119.0,,3818,CA.5.42,finished,finished,DA.4.34,1525,TECNO MOBILE LIMITED TECNO CA7,0,0,0.0,2020-02-22,14:22:53,Saturday,6,2,2020,False,Missing,NO OVERCHARGE,14,4.268,6.823,12.983333333333333,18.65,67.7124,,,,lõuna,19.723748395378692,False,-5.666666666666666,-2.5550000000000006,2–150 km/h,Saturday,TECNO,CA.5,DA.4,TECNO,"(-10.0, -5.0]","(10.0, 20.0]","(2.0, 5.0]","(2.0, 5.0]","(10.0, 15.0]"
2172,2020-02-22 15:06:05,2172,13917.48,,9783,1972,1,client,finished,1,prediction,5140.0,1047.0,,3827,CA.5.44,finished,finished,DA.4.39,293,Samsung SM-G935F,0,0,0.0,2020-02-22,15:06:05,Saturday,6,2,2020,False,Missing,NO OVERCHARGE,15,9.783,5.14,32.86666666666667,17.45,139.1748,,,,lõuna,17.859432048681544,False,15.416666666666668,4.643,2–150 km/h,Saturday,SAMSUNG,CA.5,DA.4,Samsung,"(10.0, 20.0]","(30.0, 60.0]","(5.0, 10.0]","(5.0, 10.0]","(30.0, 60.0]"
2174,2020-02-22 15:16:25,2174,8804.28,,5254,1407,1,client,finished,1,prediction,5662.0,909.0,,3829,CA.5.21,finished,finished,DA.4.39,1722,TECNO AX8,0,0,0.0,2020-02-22,15:16:25,Saturday,6,2,2020,False,Missing,NO OVERCHARGE,15,5.254,5.662,23.45,15.15,88.0428,,,,lõuna,13.443070362473348,False,8.299999999999999,-0.40800000000000036,2–150 km/h,Saturday,TECNO,CA.5,DA.4,TECNO,"(5.0, 10.0]","(20.0, 30.0]","(5.0, 10.0]","(5.0, 10.0]","(20.0, 30.0]"
2176,2020-02-22 17:38:43,2176,49892.22,,26215,9240,0,client,finished,1,prediction,15319.0,1905.0,,3868,CA.5.44,finished,finished,DA.4.19,982,TECNO MOBILE LIMITED TECNO KA7O,0,1,0.0,2020-02-22,17:38:43,Saturday,6,2,2020,False,Missing,NO OVERCHARGE,17,26.215,15.319,154.0,31.75,498.92220000000003,,,,lõuna,10.213636363636363,False,122.25,10.895999999999999,2–150 km/h,Saturday,TECNO,CA.5,DA.4,TECNO,"(60.0, inf]","(60.0, inf]","(20.0, 30.0]","(20.0, inf]","(60.0, inf]"
2177,2020-02-22 15:32:47,2177,16597.98,,12412,2143,1,client,finished,1,prediction,10233.0,1564.0,,3832,CI.4.19,finished,finished,DA.4.39,741,Samsung SM-G610F,0,0,0.0,2020-02-22,15:32:47,Saturday,6,2,2020,False,Missing,NO OVERCHARGE,15,12.412,10.233,35.71666666666667,26.066666666666666,165.97979999999998,,,,lõuna,20.850769948670088,False,9.650000000000002,2.1790000000000003,2–150 km/h,Saturday,SAMSUNG,CI.4,DA.4,Samsung,"(5.0, 10.0]","(30.0, 60.0]","(10.0, 20.0]","(10.0, 15.0]","(30.0, 60.0]"
2187,2020-02-22 16:52:41,2187,5437.4,,8301,1245,0,client,finished,1,prediction,8301.0,1410.0,,3843,CI.4.19,finished,finished,DA.4.39,738,TECNO CA6,0,0,0.0,2020-02-22,16:52:41,Saturday,6,2,2020,False,Missing,NO OVERCHARGE,16,8.301,8.301,20.75,23.5,54.373999999999995,,,,lõuna,24.00289156626506,False,-2.75,0.0,2–150 km/h,Saturday,TECNO,CI.4,DA.4,TECNO,"(-5.0, 0.0]","(20.0, 30.0]","(5.0, 10.0]","(5.0, 10.0]","(20.0, 30.0]"
2190,2020-02-22 18:26:15,2190,20351.76,,11133,4819,0,client,finished,1,prediction,11123.0,2233.0,,3857,CA.5.44,finished,finished,DA.4.37,994,TECNO-J8,0,0,0.0,2020-02-22,18:26:15,Saturday,6,2,2020,False,Missing,NO OVERCHARGE,18,11.133,11.123,80.31666666666666,37.21666666666667,203.5176,,,,lõuna,8.316829217680016,False,43.099999999999994,0.009999999999999787,2–150 km/h,Saturday,TECNO,CA.5,DA.4,TECNO,"(30.0, 60.0]","(60.0, inf]","(10.0, 20.0]","(10.0, 15.0]","(60.0, inf]"
2191,2020-02-22 17:22:06,2191,6000.0,,1919,364,1,client,finished,1,prediction,1936.0,350.0,,3846,CI.4.19,finished,finished,DA.4.39,1552,INFINIX MOBILITY LIMITED Infinix X652,0,0,0.0,2020-02-22,17:22:06,Saturday,6,2,2020,False,Missing,NO OVERCHARGE,17,1.919,1.936,6.066666666666666,5.833333333333333,60.0,,,,lõuna,18.97912087912088,False,0.2333333333333334,-0.016999999999999904,2–150 km/h,Saturday,INFINIX,CI.4,DA.4,Infinix,"(0.0, 5.0]","(5.0, 10.0]","(0.0, 2.0]","(0.0, 2.0]","(5.0, 10.0]"
2192,2020-02-22 18:15:45,2192,8789.28,,5712,1173,0,client,finished,1,prediction,5712.0,1093.0,,3854,CA.5.44,finished,finished,DA.4.37,859,Samsung SM-G928F,0,1,0.0,2020-02-22,18:15:45,Saturday,6,2,2020,False,Missing,NO OVERCHARGE,18,5.712,5.712,19.55,18.216666666666665,87.89280000000001,,,,lõuna,17.530434782608697,False,1.3333333333333357,0.0,2–150 km/h,Saturday,SAMSUNG,CA.5,DA.4,Samsung,"(0.0, 5.0]","(10.0, 20.0]","(5.0, 10.0]","(5.0, 10.0]","(15.0, 20.0]"
2202,2020-02-22 19:31:14,2202,11739.72,,8336,1491,1,client,finished,1,prediction,8230.0,1307.0,,3867,CA.5.21,finished,finished,DA.4.39,898,HMD Global Nokia 2.2,0,0,0.0,2020-02-22,19:31:14,Saturday,6,2,2020,False,Missing,NO OVERCHARGE,19,8.336,8.23,24.85,21.783333333333335,117.3972,,,,õhtu,20.1271629778672,False,3.0666666666666664,0.10599999999999987,2–150 km/h,Saturday,NOKIA,CA.5,DA.4,Other,"(0.0, 5.0]","(20.0, 30.0]","(5.0, 10.0]","(5.0, 10.0]","(20.0, 30.0]"
2203,2020-02-22 20:09:53,2203,14095.02,,6696,3581,0,client,finished,1,prediction,8216.0,1586.0,,3914,CA.5.43,finished,finished,DA.4.39,1230,TECNO L9,0,1,0.0,2020-02-22,20:09:53,Saturday,6,2,2020,False,Missing,NO OVERCHARGE,20,6.696,8.216,59.68333333333333,26.433333333333334,140.9502,,,,õhtu,6.731527506283161,False,33.25,-1.5199999999999996,2–150 km/h,Saturday,TECNO,CA.5,DA.4,TECNO,"(30.0, 60.0]","(30.0, 60.0]","(5.0, 10.0]","(5.0, 10.0]","(30.0, 60.0]"
2207,2020-02-22 19:51:51,2207,12184.98,,8134,1837,1,client,finished,1,prediction,9770.0,1586.0,,3865,CA.4.52,finished,finished,DA.4.34,689,TECNO MOBILE LIMITED TECNO LC6a,0,0,0.0,2020-02-22,19:51:51,Saturday,6,2,2020,False,Missing,NO OVERCHARGE,19,8.134,9.77,30.616666666666667,26.433333333333334,121.8498,,,,õhtu,15.940337506804573,False,4.183333333333334,-1.6359999999999992,2–150 km/h,Saturday,TECNO,CA.4,DA.4,TECNO,"(0.0, 5.0]","(30.0, 60.0]","(5.0, 10.0]","(5.0, 10.0]","(30.0, 60.0]"
2208,2020-02-22 20:22:56,2208,21468.02,,16615,2123,1,client,finished,1,prediction,17065.0,2416.0,,3982,CA.5.36,finished,finished,DA.4.41,373,TECNO MOBILE LIMITED TECNO CF7,0,0,0.0,2020-02-22,20:22:56,Saturday,6,2,2020,False,Missing,NO OVERCHARGE,20,16.615,17.065,35.38333333333333,40.266666666666666,214.6802,,,,õhtu,28.17428167687235,False,-4.883333333333333,-0.45000000000000284,2–150 km/h,Saturday,TECNO,CA.5,DA.4,TECNO,"(-5.0, 0.0]","(30.0, 60.0]","(10.0, 20.0]","(15.0, 20.0]","(30.0, 60.0]"
2210,2020-02-22 20:42:45,2210,25803.4,,14027,2211,1,client,finished,1,prediction,13833.0,2153.0,,4055,CA.5.43,finished,finished,DA.4.39,1002,TECNO MOBILE LIMITED TECNO KC8,0,0,0.0,2020-02-22,20:42:45,Saturday,6,2,2020,False,Missing,NO OVERCHARGE,20,14.027,13.833,36.85,35.88333333333333,258.034,,,,õhtu,22.839077340569876,False,0.9666666666666686,0.19399999999999906,2–150 km/h,Saturday,TECNO,CA.5,DA.4,TECNO,"(0.0, 5.0]","(30.0, 60.0]","(10.0, 20.0]","(10.0, 15.0]","(30.0, 60.0]"
2211,2020-02-22 20:43:18,2211,19086.96,,14876,2288,1,client,finished,1,prediction,13821.0,2132.0,,3875,CI.4.19,finished,finished,DA.4.39,1249,TECNO MOBILE LIMITED TECNO LB7,0,0,0.0,2020-02-22,20:43:18,Saturday,6,2,2020,False,Missing,NO OVERCHARGE,20,14.876,13.821,38.13333333333333,35.53333333333333,190.8696,,,,õhtu,23.406293706293706,False,2.6000000000000014,1.0549999999999997,2–150 km/h,Saturday,TECNO,CI.4,DA.4,TECNO,"(0.0, 5.0]","(30.0, 60.0]","(10.0, 20.0]","(10.0, 15.0]","(30.0, 60.0]"
2213,2020-02-22 20:36:56,2213,14046.54,,11030,1429,1,client,finished,1,prediction,11314.0,1384.0,,3869,CI.4.14,finished,finished,DA.4.37,1776,Infinix X572,0,1,0.0,2020-02-22,20:36:56,Saturday,6,2,2020,False,Missing,NO OVERCHARGE,20,11.03,11.314,23.816666666666666,23.066666666666666,140.46540000000002,,,,õhtu,27.787263820853745,False,0.75,-0.2840000000000007,2–150 km/h,Saturday,INFINIX,CI.4,DA.4,Infinix,"(0.0, 5.0]","(20.0, 30.0]","(10.0, 20.0]","(10.0, 15.0]","(20.0, 30.0]"
2220,2020-02-22 22:30:20,2220,16235.28,,12701,1803,0,client,finished,1,prediction,16185.0,1727.0,,3877,CA.5.36,finished,finished,DA.4.37,923,INFINIX MOBILITY LIMITED Infinix X606B,0,0,0.0,2020-02-22,22:30:20,Saturday,6,2,2020,False,Missing,NO OVERCHARGE,22,12.701,16.185,30.05,28.783333333333335,162.3528,,,,õhtu,25.35973377703827,False,1.2666666666666657,-3.483999999999998,2–150 km/h,Saturday,INFINIX,CA.5,DA.4,Infinix,"(0.0, 5.0]","(30.0, 60.0]","(10.0, 20.0]","(10.0, 15.0]","(30.0, 60.0]"
2221,2020-02-22 22:54:43,2221,6000.0,,1443,674,1,client,finished,1,prediction,9383.0,1247.0,,3976,CA.5.42,finished,finished,DA.4.37,654,TECNO MOBILE LIMITED TECNO KA7,0,0,0.0,2020-02-22,22:54:43,Saturday,6,2,2020,False,Missing,NO OVERCHARGE,22,1.443,9.383,11.233333333333333,20.783333333333335,60.0,,,,õhtu,7.707418397626113,False,-9.550000000000002,-7.9399999999999995,2–150 km/h,Saturday,TECNO,CA.5,DA.4,TECNO,"(-10.0, -5.0]","(10.0, 20.0]","(0.0, 2.0]","(0.0, 2.0]","(10.0, 15.0]"
2224,2020-02-22 22:56:10,2224,15536.46,,11651,1937,1,client,finished,1,prediction,11878.0,1423.0,,3879,CA.5.32,finished,finished,DA.4.34,689,TECNO MOBILE LIMITED TECNO LC6a,0,0,0.0,2020-02-22,22:56:10,Saturday,6,2,2020,False,Missing,NO OVERCHARGE,22,11.651,11.878,32.28333333333333,23.716666666666665,155.3646,,,,õhtu,21.653897780072278,False,8.566666666666666,-0.2270000000000003,2–150 km/h,Saturday,TECNO,CA.5,DA.4,TECNO,"(5.0, 10.0]","(30.0, 60.0]","(10.0, 20.0]","(10.0, 15.0]","(30.0, 60.0]"
2229,2020-02-23 00:36:49,2229,40173.48,,25377,4672,0,client,finished,2,prediction,25377.0,2607.0,client_destination_changed,4032,CI.4.18,finished,finished,DA.4.39,1582,Samsung SM-J701F,0,0,0.0,2020-02-23,00:36:49,Sunday,7,2,2020,False,Missing,NO OVERCHARGE,0,25.377,25.377,77.86666666666666,43.45,401.7348,,,,öö,19.554195205479452,False,34.41666666666666,0.0,2–150 km/h,Sunday,SAMSUNG,CI.4,DA.4,Samsung,"(30.0, 60.0]","(60.0, inf]","(20.0, 30.0]","(20.0, inf]","(60.0, inf]"
2232,2020-02-22 23:46:54,2232,8534.04,,5954,916,1,client,finished,1,prediction,5988.0,759.0,,4111,CI.4.17,finished,finished,DA.4.34,689,TECNO MOBILE LIMITED TECNO LC6a,0,0,0.0,2020-02-22,23:46:54,Saturday,6,2,2020,False,Missing,NO OVERCHARGE,23,5.954,5.988,15.266666666666667,12.65,85.3404,,,,õhtu,23.400000000000002,False,2.616666666666667,-0.034000000000000696,2–150 km/h,Saturday,TECNO,CI.4,DA.4,TECNO,"(0.0, 5.0]","(10.0, 20.0]","(5.0, 10.0]","(5.0, 10.0]","(15.0, 20.0]"
2234,2020-02-22 23:54:18,2234,11150.04,,8709,988,0,client,finished,1,prediction,5173.0,847.0,,3888,CA.5.36,finished,finished,DA.4.41,1703,INFINIX MOBILITY LIMITED Infinix X650B,0,0,0.0,2020-02-22,23:54:18,Saturday,6,2,2020,False,Missing,NO OVERCHARGE,23,8.709,5.173,16.466666666666665,14.116666666666667,111.50040000000001,,,,õhtu,31.733198380566805,False,2.349999999999998,3.5359999999999996,2–150 km/h,Saturday,INFINIX,CA.5,DA.4,Infinix,"(0.0, 5.0]","(10.0, 20.0]","(5.0, 10.0]","(5.0, 10.0]","(15.0, 20.0]"
2241,2020-02-23 00:45:49,2241,6000.0,,0,39,1,client,finished,1,prediction,9411.0,1112.0,,4,CI.4.14,finished,finished,DA.4.39,287,INFINIX MOBILITY LIMITED Infinix X650B,0,1,0.0,2020-02-23,00:45:49,Sunday,7,2,2020,True,Missing,NO OVERCHARGE,0,0.0,9.411,0.65,18.533333333333335,60.0,,,,öö,0.0,False,-17.883333333333336,-9.411,<2 km/h,Sunday,INFINIX,CI.4,DA.4,Infinix,,"(0.0, 5.0]",,,"(0.0, 5.0]"
2243,2020-02-23 00:58:24,2243,13455.54,,9093,2059,0,client,finished,1,prediction,7503.0,1022.0,,3926,CI.4.13,finished,finished,DA.4.39,313,HUAWEI BLN-L21,0,0,0.0,2020-02-23,00:58:24,Sunday,7,2,2020,False,Missing,NO OVERCHARGE,0,9.093,7.503,34.31666666666667,17.033333333333335,134.55540000000002,,,,öö,15.898397280233125,False,17.283333333333335,1.5899999999999999,2–150 km/h,Sunday,HUAWEI,CI.4,DA.4,Huawei,"(10.0, 20.0]","(30.0, 60.0]","(5.0, 10.0]","(5.0, 10.0]","(30.0, 60.0]"
2244,2020-02-23 00:47:33,2244,6000.0,,1531,159,1,client,finished,1,prediction,2940.0,368.0,,3939,CI.4.19,finished,finished,DA.4.39,291,HMD Global Nokia 2.2,0,0,0.0,2020-02-23,00:47:33,Sunday,7,2,2020,False,Missing,NO OVERCHARGE,0,1.531,2.94,2.65,6.133333333333334,60.0,,,,öö,34.66415094339623,False,-3.483333333333334,-1.409,2–150 km/h,Sunday,NOKIA,CI.4,DA.4,Other,"(-5.0, 0.0]","(0.0, 5.0]","(0.0, 2.0]","(0.0, 2.0]","(0.0, 5.0]"
2260,2020-02-23 02:00:28,2260,10961.52,,7155,1646,1,client,finished,2,prediction,9216.0,1209.0,client_destination_changed,3909,CA.5.36,finished,finished,DA.4.41,1121,INFINIX MOBILITY LIMITED Infinix X5516B,0,0,0.0,2020-02-23,02:00:28,Sunday,7,2,2020,False,Missing,NO OVERCHARGE,2,7.155,9.216,27.433333333333334,20.15,109.6152,,,,öö,15.648845686512757,False,7.283333333333335,-2.060999999999999,2–150 km/h,Sunday,INFINIX,CA.5,DA.4,Infinix,"(5.0, 10.0]","(20.0, 30.0]","(5.0, 10.0]","(5.0, 10.0]","(20.0, 30.0]"
2268,2020-02-23 03:14:39,2268,16223.04,,9362,3436,0,client,finished,1,prediction,9362.0,1238.0,,3903,CI.4.14,finished,finished,DA.4.39,1590,HMD Global Nokia 2.2,0,0,0.0,2020-02-23,03:14:39,Sunday,7,2,2020,False,Missing,NO OVERCHARGE,3,9.362,9.362,57.266666666666666,20.633333333333333,162.2304,,,,öö,9.808847497089639,False,36.63333333333333,0.0,2–150 km/h,Sunday,NOKIA,CI.4,DA.4,Other,"(30.0, 60.0]","(30.0, 60.0]","(5.0, 10.0]","(5.0, 10.0]","(30.0, 60.0]"
2269,2020-02-23 02:52:43,2269,14188.74,,11426,1310,0,client,finished,1,prediction,11426.0,1427.0,,3907,CI.4.17,finished,finished,DA.4.39,1522,TECNO K7,0,1,0.0,2020-02-23,02:52:43,Sunday,7,2,2020,False,Missing,NO OVERCHARGE,2,11.426,11.426,21.833333333333332,23.783333333333335,141.88739999999999,,,,öö,31.39969465648855,False,-1.9500000000000028,0.0,2–150 km/h,Sunday,TECNO,CI.4,DA.4,TECNO,"(-5.0, 0.0]","(20.0, 30.0]","(10.0, 20.0]","(10.0, 15.0]","(20.0, 30.0]"
2276,2020-02-23 04:34:24,2276,13396.5,,9901,1629,1,client,finished,1,prediction,10762.0,1164.0,,3910,CA.5.44,finished,finished,DA.4.37,1199,Samsung SM-A105FN,0,1,0.0,2020-02-23,04:34:24,Sunday,7,2,2020,False,Missing,NO OVERCHARGE,4,9.901,10.762,27.15,19.4,133.965,,,,öö,21.880662983425417,False,7.75,-0.8610000000000007,2–150 km/h,Sunday,SAMSUNG,CA.5,DA.4,Samsung,"(5.0, 10.0]","(20.0, 30.0]","(5.0, 10.0]","(5.0, 10.0]","(20.0, 30.0]"
2277,2020-02-23 08:20:53,2277,22114.98,,14907,3925,1,client,finished,2,prediction,31518.0,4402.0,client_destination_changed,3924,CI.4.19,finished,finished,DA.4.37,1835,TECNO F3,0,0,0.0,2020-02-23,08:20:53,Sunday,7,2,2020,False,Missing,NO OVERCHARGE,8,14.907,31.518,65.41666666666667,73.36666666666666,221.1498,,,,hommik,13.672662420382165,False,-7.949999999999989,-16.611,2–150 km/h,Sunday,TECNO,CI.4,DA.4,TECNO,"(-10.0, -5.0]","(60.0, inf]","(10.0, 20.0]","(10.0, 15.0]","(60.0, inf]"
2279,2020-02-23 06:25:00,2279,9381.96,,6696,1010,0,client,finished,1,prediction,6696.0,915.0,,3913,CA.5.36,finished,finished,DA.4.41,373,TECNO MOBILE LIMITED TECNO CF7,0,0,0.0,2020-02-23,06:25:00,Sunday,7,2,2020,False,Missing,NO OVERCHARGE,6,6.696,6.696,16.833333333333332,15.25,93.8196,,,,öö,23.866930693069307,False,1.5833333333333321,0.0,2–150 km/h,Sunday,TECNO,CA.5,DA.4,TECNO,"(0.0, 5.0]","(10.0, 20.0]","(5.0, 10.0]","(5.0, 10.0]","(15.0, 20.0]"
2280,2020-02-23 07:33:55,2280,16819.98,,9428,3727,0,client,finished,1,prediction,9428.0,1343.0,,3918,CI.4.14,finished,finished,DA.4.37,2121,TECNO MOBILE LIMITED TECNO KA7,0,1,0.0,2020-02-23,07:33:55,Sunday,7,2,2020,False,Missing,NO OVERCHARGE,7,9.428,9.428,62.11666666666667,22.383333333333333,168.19979999999998,,,,hommik,9.106734639119937,False,39.733333333333334,0.0,2–150 km/h,Sunday,TECNO,CI.4,DA.4,TECNO,"(30.0, 60.0]","(60.0, inf]","(5.0, 10.0]","(5.0, 10.0]","(60.0, inf]"
2281,2020-02-23 06:43:30,2281,6985.74,,3612,1220,0,client,finished,1,prediction,3243.0,411.0,,3916,CI.4.17,finished,finished,DA.4.41,2067,HUAWEI ATU-L21,0,0,0.0,2020-02-23,06:43:30,Sunday,7,2,2020,False,Missing,NO OVERCHARGE,6,3.612,3.243,20.333333333333332,6.85,69.8574,,,,öö,10.658360655737706,False,13.483333333333333,0.3690000000000002,2–150 km/h,Sunday,HUAWEI,CI.4,DA.4,Huawei,"(10.0, 20.0]","(20.0, 30.0]","(2.0, 5.0]","(2.0, 5.0]","(20.0, 30.0]"
2282,2020-02-23 07:31:00,2282,6431.04,,3318,1060,1,client,finished,1,prediction,3366.0,640.0,,3921,CA.5.44,finished,finished,DA.4.39,2149,HMD Global Nokia 2.2,0,1,0.0,2020-02-23,07:31:00,Sunday,7,2,2020,False,Missing,NO OVERCHARGE,7,3.318,3.366,17.666666666666668,10.666666666666666,64.3104,,,,hommik,11.26867924528302,False,7.000000000000002,-0.04800000000000004,2–150 km/h,Sunday,NOKIA,CA.5,DA.4,Other,"(5.0, 10.0]","(10.0, 20.0]","(2.0, 5.0]","(2.0, 5.0]","(15.0, 20.0]"
2283,2020-02-23 07:47:47,2283,7780.98,,5293,829,1,client,finished,1,prediction,5080.0,713.0,,4624,CI.4.19,finished,finished,DA.4.35,1872,Xiaomi Redmi 4A,0,0,32.0,2020-02-23,07:47:47,Sunday,7,2,2020,False,Positive,NO OVERCHARGE,7,5.293,5.08,13.816666666666666,11.883333333333333,77.8098,,,,hommik,22.985283474065138,False,1.9333333333333336,0.21300000000000008,2–150 km/h,Sunday,XIAOMI,CI.4,DA.4,Other,"(0.0, 5.0]","(10.0, 20.0]","(5.0, 10.0]","(5.0, 10.0]","(10.0, 15.0]"
2284,2020-02-23 07:48:16,2284,6108.78,,3737,678,1,client,finished,1,prediction,3283.0,476.0,,3920,CA.5.44,finished,finished,DA.4.35,264,Samsung SM-A8000,0,0,0.0,2020-02-23,07:48:16,Sunday,7,2,2020,False,Missing,NO OVERCHARGE,7,3.737,3.283,11.3,7.933333333333334,61.087799999999994,,,,hommik,19.842477876106194,False,3.366666666666667,0.4540000000000002,2–150 km/h,Sunday,SAMSUNG,CA.5,DA.4,Samsung,"(0.0, 5.0]","(10.0, 20.0]","(2.0, 5.0]","(2.0, 5.0]","(10.0, 15.0]"
2285,2020-02-23 07:31:41,2285,6000.0,,313,137,1,client,finished,1,prediction,9058.0,1116.0,,3922,CA.5.44,finished,finished,DA.4.39,1575,Samsung SM-N9002,0,0,0.0,2020-02-23,07:31:41,Sunday,7,2,2020,False,Missing,NO OVERCHARGE,7,0.313,9.058,2.283333333333333,18.6,60.0,,,,hommik,8.224817518248177,False,-16.31666666666667,-8.745,2–150 km/h,Sunday,SAMSUNG,CA.5,DA.4,Samsung,,"(0.0, 5.0]","(0.0, 2.0]","(0.0, 2.0]","(0.0, 5.0]"
2286,2020-02-23 08:16:44,2286,7246.98,,3889,1225,0,client,finished,1,prediction,5210.0,798.0,,4140,CA.5.44,finished,finished,DA.4.34,1377,Itel W5001P,0,1,0.0,2020-02-23,08:16:44,Sunday,7,2,2020,False,Missing,NO OVERCHARGE,8,3.889,5.21,20.416666666666668,13.3,72.46979999999999,,,,hommik,11.428897959183674,False,7.116666666666667,-1.3210000000000002,2–150 km/h,Sunday,ITEL,CA.5,DA.4,Itel,"(5.0, 10.0]","(20.0, 30.0]","(2.0, 5.0]","(2.0, 5.0]","(20.0, 30.0]"
2287,2020-02-23 09:21:18,2287,20448.52,,15216,2780,1,client,finished,1,prediction,14375.0,2363.0,,3935,CA.5.32,finished,finished,DA.4.39,741,Samsung SM-G610F,0,0,0.0,2020-02-23,09:21:18,Sunday,7,2,2020,False,Missing,NO OVERCHARGE,9,15.216,14.375,46.333333333333336,39.38333333333333,204.4852,,,,hommik,19.704172661870505,False,6.950000000000003,0.8409999999999993,2–150 km/h,Sunday,SAMSUNG,CA.5,DA.4,Samsung,"(5.0, 10.0]","(30.0, 60.0]","(10.0, 20.0]","(15.0, 20.0]","(30.0, 60.0]"
2288,2020-02-23 10:16:13,2288,28617.46,,17620,5141,1,client,finished,1,prediction,16567.0,2113.0,,4031,CI.4.09,finished,finished,DA.4.39,586,HMD Global Nokia 2.2,0,0,0.0,2020-02-23,10:16:13,Sunday,7,2,2020,False,Missing,NO OVERCHARGE,10,17.62,16.567,85.68333333333334,35.21666666666667,286.1746,,,,hommik,12.338455553394281,False,50.46666666666667,1.0530000000000008,2–150 km/h,Sunday,NOKIA,CI.4,DA.4,Other,"(30.0, 60.0]","(60.0, inf]","(10.0, 20.0]","(15.0, 20.0]","(60.0, inf]"
2289,2020-02-23 08:58:57,2289,6000.0,,3001,816,1,client,finished,1,prediction,2701.0,593.0,,3928,CI.4.19,finished,finished,DA.4.39,411,INFINIX MOBILITY LIMITED Infinix X650B,0,0,0.0,2020-02-23,08:58:57,Sunday,7,2,2020,False,Missing,NO OVERCHARGE,8,3.001,2.701,13.6,9.883333333333333,60.0,,,,hommik,13.239705882352942,False,3.716666666666667,0.2999999999999998,2–150 km/h,Sunday,INFINIX,CI.4,DA.4,Infinix,"(0.0, 5.0]","(10.0, 20.0]","(2.0, 5.0]","(2.0, 5.0]","(10.0, 15.0]"
2292,2020-02-23 12:40:45,2292,27807.96,,10602,9146,0,client,finished,1,prediction,16470.0,2191.0,,4108,CA.5.38,finished,finished,DA.4.41,1917,HMD Global Nokia 2.2,0,0,0.0,2020-02-23,12:40:45,Sunday,7,2,2020,False,Missing,NO OVERCHARGE,12,10.602,16.47,152.43333333333334,36.516666666666666,278.07959999999997,,,,hommik,4.173102995845178,False,115.91666666666667,-5.8679999999999986,2–150 km/h,Sunday,NOKIA,CA.5,DA.4,Other,"(60.0, inf]","(60.0, inf]","(10.0, 20.0]","(10.0, 15.0]","(60.0, inf]"
2294,2020-02-23 11:01:11,2294,6603.3,,9431,1966,0,client,finished,1,prediction,9431.0,1448.0,,3944,CI.3.67,finished,finished,DA.4.37,260,Itel S32,0,0,0.0,2020-02-23,11:01:11,Sunday,7,2,2020,False,Missing,NO OVERCHARGE,11,9.431,9.431,32.766666666666666,24.133333333333333,66.033,,,,hommik,17.26937945066124,False,8.633333333333333,0.0,2–150 km/h,Sunday,ITEL,CI.3,DA.4,Itel,"(5.0, 10.0]","(30.0, 60.0]","(5.0, 10.0]","(5.0, 10.0]","(30.0, 60.0]"
2295,2020-02-23 11:58:39,2295,124759.24,,47930,3857,1,client,finished,1,prediction,96296.0,6991.0,,3951,CA.5.44,finished,finished,DA.4.39,405,TECNO MOBILE LIMITED TECNO CA7,0,0,-182.0,2020-02-23,11:58:39,Sunday,7,2,2020,False,Negative,NO OVERCHARGE,11,47.93,96.296,64.28333333333333,116.51666666666667,1247.5924,,,,hommik,44.736323567539536,False,-52.233333333333334,-48.36600000000001,2–150 km/h,Sunday,TECNO,CA.5,DA.4,TECNO,,"(60.0, inf]","(30.0, 50.0]","(20.0, inf]","(60.0, inf]"
2296,2020-02-23 11:28:58,2296,7982.52,,4844,1160,1,client,finished,1,prediction,5129.0,912.0,,4035,CI.4.19,finished,finished,DA.4.39,1145,TECNO MOBILE LIMITED TECNO F3,0,0,0.0,2020-02-23,11:28:58,Sunday,7,2,2020,False,Missing,NO OVERCHARGE,11,4.844,5.129,19.333333333333332,15.2,79.82520000000001,,,,hommik,15.033103448275863,False,4.133333333333333,-0.28499999999999925,2–150 km/h,Sunday,TECNO,CI.4,DA.4,TECNO,"(0.0, 5.0]","(10.0, 20.0]","(2.0, 5.0]","(2.0, 5.0]","(15.0, 20.0]"
2298,2020-02-23 11:32:52,2298,9000.0,,0,119,1,client,finished,1,prediction,9720.0,1252.0,,3946,CA.5.44,finished,finished,DA.4.39,291,HMD Global Nokia 2.2,0,0,0.0,2020-02-23,11:32:52,Sunday,7,2,2020,True,Missing,NO OVERCHARGE,11,0.0,9.72,1.9833333333333334,20.866666666666667,90.0,,,,hommik,0.0,False,-18.883333333333333,-9.72,<2 km/h,Sunday,NOKIA,CA.5,DA.4,Other,,"(0.0, 5.0]",,,"(0.0, 5.0]"
2299,2020-02-23 13:02:30,2299,30861.5,,20841,3555,1,client,finished,1,prediction,17134.0,2383.0,,3979,CI.4.16,finished,finished,DA.4.39,1599,TECNO K7,0,1,0.0,2020-02-23,13:02:30,Sunday,7,2,2020,False,Missing,NO OVERCHARGE,13,20.841,17.134,59.25,39.71666666666667,308.615,,,,lõuna,21.10481012658228,False,19.53333333333333,3.7070000000000007,2–150 km/h,Sunday,TECNO,CI.4,DA.4,TECNO,"(10.0, 20.0]","(30.0, 60.0]","(20.0, 30.0]","(20.0, inf]","(30.0, 60.0]"
2300,2020-02-23 12:42:36,2300,11584.26,,6099,2506,0,client,finished,1,prediction,5360.0,1221.0,,4078,CA.5.42,finished,finished,DA.4.41,1725,TECNO MOBILE LIMITED TECNO KB8,0,0,0.0,2020-02-23,12:42:36,Sunday,7,2,2020,False,Missing,NO OVERCHARGE,12,6.099,5.36,41.766666666666666,20.35,115.8426,,,,hommik,8.761532322426177,False,21.416666666666664,0.7389999999999999,2–150 km/h,Sunday,TECNO,CA.5,DA.4,TECNO,"(20.0, 30.0]","(30.0, 60.0]","(5.0, 10.0]","(5.0, 10.0]","(30.0, 60.0]"
2301,2020-02-23 12:27:58,2301,6000.0,,3024,594,1,client,finished,1,prediction,2610.0,425.0,,4336,CI.4.19,finished,finished,DI.3.32,171,"iPhone9,3",0,0,0.0,2020-02-23,12:27:58,Sunday,7,2,2020,False,Missing,NO OVERCHARGE,12,3.024,2.61,9.9,7.083333333333333,60.0,,,,hommik,18.327272727272728,False,2.8166666666666673,0.41400000000000015,2–150 km/h,Sunday,APPLE,CI.4,DI.3,Apple,"(0.0, 5.0]","(5.0, 10.0]","(2.0, 5.0]","(2.0, 5.0]","(5.0, 10.0]"
2302,2020-02-23 12:42:11,2302,6000.0,,3575,683,1,client,finished,1,prediction,3124.0,482.0,,3948,CA.5.44,finished,finished,DA.4.41,1478,TECNO WX3,0,0,0.0,2020-02-23,12:42:11,Sunday,7,2,2020,False,Missing,NO OVERCHARGE,12,3.575,3.124,11.383333333333333,8.033333333333333,60.0,,,,hommik,18.843338213762813,False,3.3499999999999996,0.45100000000000007,2–150 km/h,Sunday,TECNO,CA.5,DA.4,TECNO,"(0.0, 5.0]","(10.0, 20.0]","(2.0, 5.0]","(2.0, 5.0]","(10.0, 15.0]"
2303,2020-02-23 14:32:49,2303,33427.52,,20963,4850,0,client,finished,1,prediction,20963.0,3050.0,,3967,CA.5.32,finished,finished,DA.4.41,1478,TECNO WX3,0,1,0.0,2020-02-23,14:32:49,Sunday,7,2,2020,False,Missing,NO OVERCHARGE,14,20.963,20.963,80.83333333333333,50.833333333333336,334.2752,,,,lõuna,15.56016494845361,False,29.999999999999993,0.0,2–150 km/h,Sunday,TECNO,CA.5,DA.4,TECNO,"(20.0, 30.0]","(60.0, inf]","(20.0, 30.0]","(20.0, inf]","(60.0, inf]"
2304,2020-02-23 13:51:59,2304,36964.76,,25970,2407,0,client,finished,1,prediction,10255.0,1471.0,,3966,CA.5.37,finished,finished,DA.4.12,18,Samsung SM-G6100,0,1,0.0,2020-02-23,13:51:59,Sunday,7,2,2020,False,Missing,NO OVERCHARGE,13,25.97,10.255,40.11666666666667,24.516666666666666,369.6476,,,,lõuna,38.84171167428334,False,15.600000000000001,15.714999999999998,2–150 km/h,Sunday,SAMSUNG,CA.5,DA.4,Samsung,"(10.0, 20.0]","(30.0, 60.0]","(20.0, 30.0]","(20.0, inf]","(30.0, 60.0]"
2305,2020-02-23 14:33:14,2305,36062.48,,23445,4114,1,client,finished,1,prediction,12206.0,1800.0,,4001,CA.5.43,finished,finished,DA.4.39,1359,Samsung SM-G935F,0,0,0.0,2020-02-23,14:33:14,Sunday,7,2,2020,False,Missing,NO OVERCHARGE,14,23.445,12.206,68.56666666666666,30.0,360.62480000000005,,,,lõuna,20.51579970831308,False,38.56666666666666,11.239,2–150 km/h,Sunday,SAMSUNG,CA.5,DA.4,Samsung,"(30.0, 60.0]","(60.0, inf]","(20.0, 30.0]","(20.0, inf]","(60.0, inf]"
2306,2020-02-23 14:03:39,2306,6000.0,,0,2,1,client,finished,1,prediction,7788.0,1341.0,,3955,CA.5.44,finished,finished,DA.4.41,1816,INFINIX MOBILITY LIMITED Infinix X624B,0,0,0.0,2020-02-23,14:03:39,Sunday,7,2,2020,True,Missing,NO OVERCHARGE,14,0.0,7.788,0.03333333333333333,22.35,60.0,,,,lõuna,0.0,False,-22.316666666666666,-7.788,<2 km/h,Sunday,INFINIX,CA.5,DA.4,Infinix,,"(0.0, 5.0]",,,"(0.0, 5.0]"
2307,2020-02-23 14:24:07,2307,6546.7,,9209,2030,0,client,finished,1,prediction,9209.0,1746.0,,3959,CI.4.18,finished,finished,DA.4.41,1317,HMD Global Nokia 2.2,0,0,0.0,2020-02-23,14:24:07,Sunday,7,2,2020,False,Missing,NO OVERCHARGE,14,9.209,9.209,33.833333333333336,29.1,65.467,,,,lõuna,16.3312315270936,False,4.733333333333334,0.0,2–150 km/h,Sunday,NOKIA,CI.4,DA.4,Other,"(0.0, 5.0]","(30.0, 60.0]","(5.0, 10.0]","(5.0, 10.0]","(30.0, 60.0]"
2308,2020-02-23 14:42:22,2308,17470.26,,13302,2182,1,client,finished,1,prediction,13074.0,1434.0,,4022,CA.5.38,finished,finished,DA.4.34,148,Samsung SM-G950F,0,0,0.0,2020-02-23,14:42:22,Sunday,7,2,2020,False,Missing,NO OVERCHARGE,14,13.302,13.074,36.36666666666667,23.9,174.7026,,,,lõuna,21.946471127406053,False,12.466666666666669,0.22799999999999976,2–150 km/h,Sunday,SAMSUNG,CA.5,DA.4,Samsung,"(10.0, 20.0]","(30.0, 60.0]","(10.0, 20.0]","(10.0, 15.0]","(30.0, 60.0]"
2310,2020-02-23 14:38:25,2310,47918.76,,34918,571,0,client,finished,1,prediction,5087.0,727.0,,4011,CA.5.40,finished,finished,DA.4.14,47,TECNO-J8,0,0,0.0,2020-02-23,14:38:25,Sunday,7,2,2020,False,Missing,NO OVERCHARGE,14,34.918,5.087,9.516666666666667,12.116666666666667,479.18760000000003,,,,lõuna,220.14851138353765,True,-2.5999999999999996,29.831,≥150 km/h,Sunday,TECNO,CA.5,DA.4,TECNO,"(-5.0, 0.0]","(5.0, 10.0]","(30.0, 50.0]","(20.0, inf]","(5.0, 10.0]"
2311,2020-02-23 14:52:19,2311,3515.8,,5307,733,1,client,finished,1,prediction,5808.0,753.0,,3968,CI.4.14,finished,finished,DA.4.31,1764,Itel W5504,0,0,0.0,2020-02-23,14:52:19,Sunday,7,2,2020,False,Missing,NO OVERCHARGE,14,5.307,5.808,12.216666666666667,12.55,35.158,,,,lõuna,26.064392905866303,False,-0.3333333333333339,-0.5009999999999994,2–150 km/h,Sunday,ITEL,CI.4,DA.4,Itel,"(-5.0, 0.0]","(10.0, 20.0]","(5.0, 10.0]","(5.0, 10.0]","(10.0, 15.0]"
2314,2020-02-23 16:05:36,2314,31354.52,,21174,3536,1,client,finished,1,prediction,20138.0,2793.0,,3977,CA.5.44,finished,finished,DA.4.37,1874,INFINIX MOBILITY LIMITED Infinix X624,0,0,0.0,2020-02-23,16:05:36,Sunday,7,2,2020,False,Missing,NO OVERCHARGE,16,21.174,20.138,58.93333333333333,46.55,313.5452,,,,lõuna,21.557239819004526,False,12.383333333333333,1.0359999999999978,2–150 km/h,Sunday,INFINIX,CA.5,DA.4,Infinix,"(10.0, 20.0]","(30.0, 60.0]","(20.0, 30.0]","(20.0, inf]","(30.0, 60.0]"
2318,2020-02-23 16:47:38,2318,18054.54,,11997,3139,0,client,finished,1,prediction,11838.0,1467.0,,4039,CA.5.44,finished,finished,DA.4.37,1606,TECNO L9,0,0,0.0,2020-02-23,16:47:38,Sunday,7,2,2020,False,Missing,NO OVERCHARGE,16,11.997,11.838,52.31666666666667,24.45,180.5454,,,,lõuna,13.758904109589041,False,27.86666666666667,0.1590000000000007,2–150 km/h,Sunday,TECNO,CA.5,DA.4,TECNO,"(20.0, 30.0]","(30.0, 60.0]","(10.0, 20.0]","(10.0, 15.0]","(30.0, 60.0]"
2319,2020-02-23 19:24:50,2319,148233.98,,56464,9217,1,client,finished,1,prediction,42421.0,2871.0,,4003,CA.5.44,finished,finished,DA.4.31,947,INFINIX MOBILITY LIMITED Infinix X650B,0,0,-200.0,2020-02-23,19:24:50,Sunday,7,2,2020,False,Negative,NO OVERCHARGE,19,56.464,42.421,153.61666666666667,47.85,1482.3398000000002,,,,õhtu,22.05385700336335,False,105.76666666666668,14.043,2–150 km/h,Sunday,INFINIX,CA.5,DA.4,Infinix,"(60.0, inf]","(60.0, inf]","(50.0, 100.0]","(20.0, inf]","(60.0, inf]"
2320,2020-02-23 16:35:38,2320,6000.0,,2539,838,1,client,finished,1,prediction,11898.0,1670.0,,3985,CA.5.44,finished,finished,DA.4.39,1760,INFINIX MOBILITY LIMITED Infinix X622,0,0,0.0,2020-02-23,16:35:38,Sunday,7,2,2020,False,Missing,NO OVERCHARGE,16,2.539,11.898,13.966666666666667,27.833333333333332,60.0,,,,lõuna,10.907398568019094,False,-13.866666666666665,-9.359,2–150 km/h,Sunday,INFINIX,CA.5,DA.4,Infinix,,"(10.0, 20.0]","(2.0, 5.0]","(2.0, 5.0]","(10.0, 15.0]"
2321,2020-02-23 18:15:45,2321,16623.78,,12265,2226,0,client,finished,1,prediction,13330.0,1834.0,,312,CA.5.43,finished,finished,DA.4.39,2104,TECNO MOBILE LIMITED TECNO BA2,0,1,0.0,2020-02-23,18:15:45,Sunday,7,2,2020,False,Missing,NO OVERCHARGE,18,12.265,13.33,37.1,30.566666666666666,166.2378,,,,lõuna,19.8355795148248,False,6.533333333333335,-1.0649999999999995,2–150 km/h,Sunday,TECNO,CA.5,DA.4,TECNO,"(5.0, 10.0]","(30.0, 60.0]","(10.0, 20.0]","(10.0, 15.0]","(30.0, 60.0]"
2324,2020-02-23 16:52:24,2324,8496.96,,6121,812,1,client,finished,1,prediction,5854.0,802.0,,4296,CA.5.44,finished,finished,DA.4.41,1088,INFINIX MOBILITY LIMITED Infinix X624B,0,1,0.0,2020-02-23,16:52:24,Sunday,7,2,2020,False,Missing,NO OVERCHARGE,16,6.121,5.854,13.533333333333333,13.366666666666667,84.96959999999999,,,,lõuna,27.13743842364532,False,0.16666666666666607,0.26700000000000035,2–150 km/h,Sunday,INFINIX,CA.5,DA.4,Infinix,"(0.0, 5.0]","(10.0, 20.0]","(5.0, 10.0]","(5.0, 10.0]","(10.0, 15.0]"
2325,2020-02-23 17:03:19,2325,9621.48,,5854,1558,1,client,finished,1,prediction,5273.0,960.0,,4141,CA.5.40,finished,finished,DI.3.29,88,"iPhone6,1",0,0,0.0,2020-02-23,17:03:19,Sunday,7,2,2020,False,Missing,NO OVERCHARGE,17,5.854,5.273,25.966666666666665,16.0,96.2148,,,,lõuna,13.526572528883184,False,9.966666666666665,0.5810000000000004,2–150 km/h,Sunday,APPLE,CA.5,DI.3,Apple,"(5.0, 10.0]","(20.0, 30.0]","(5.0, 10.0]","(5.0, 10.0]","(20.0, 30.0]"
2327,2020-02-23 17:35:33,2327,15233.22,,10700,2238,0,client,finished,1,prediction,10700.0,1601.0,,3988,CI.4.14,finished,finished,DA.4.39,618,TECNO K7,0,0,0.0,2020-02-23,17:35:33,Sunday,7,2,2020,False,Missing,NO OVERCHARGE,17,10.7,10.7,37.3,26.683333333333334,152.3322,,,,lõuna,17.21179624664879,False,10.616666666666664,0.0,2–150 km/h,Sunday,TECNO,CI.4,DA.4,TECNO,"(10.0, 20.0]","(30.0, 60.0]","(10.0, 20.0]","(10.0, 15.0]","(30.0, 60.0]"
2328,2020-02-23 18:23:28,2328,26588.04,,18448,3310,1,client,finished,1,prediction,15893.0,2805.0,,4083,CI.4.16,finished,finished,DA.4.39,1513,Infinix NOTE 3,0,0,0.0,2020-02-23,18:23:28,Sunday,7,2,2020,False,Missing,NO OVERCHARGE,18,18.448,15.893,55.166666666666664,46.75,265.8804,,,,lõuna,20.06429003021148,False,8.416666666666664,2.5549999999999997,2–150 km/h,Sunday,INFINIX,CI.4,DA.4,Infinix,"(5.0, 10.0]","(30.0, 60.0]","(10.0, 20.0]","(15.0, 20.0]","(30.0, 60.0]"
2331,2020-02-23 17:49:31,2332,9270.96,,7195,704,0,client,finished,1,prediction,8763.0,1196.0,,4008,CI.4.17,finished,finished,DA.4.39,1955,TECNO MOBILE LIMITED TECNO KC6,0,0,0.0,2020-02-23,17:49:31,Sunday,7,2,2020,False,Missing,NO OVERCHARGE,17,7.195,8.763,11.733333333333333,19.933333333333334,92.7096,,,,lõuna,36.79261363636364,False,-8.200000000000001,-1.5679999999999996,2–150 km/h,Sunday,TECNO,CI.4,DA.4,TECNO,"(-10.0, -5.0]","(10.0, 20.0]","(5.0, 10.0]","(5.0, 10.0]","(10.0, 15.0]"
2334,2020-02-23 19:09:51,2334,19314.54,,13622,3031,1,client,finished,1,prediction,8976.0,1351.0,,4004,CA.4.63,finished,finished,DA.4.41,1638,HUAWEI H30-L02,0,0,0.0,2020-02-23,19:09:51,Sunday,7,2,2020,False,Missing,NO OVERCHARGE,19,13.622,8.976,50.516666666666666,22.516666666666666,193.1454,,,,õhtu,16.179214780600464,False,28.0,4.645999999999999,2–150 km/h,Sunday,HUAWEI,CA.4,DA.4,Huawei,"(20.0, 30.0]","(30.0, 60.0]","(10.0, 20.0]","(10.0, 15.0]","(30.0, 60.0]"
2336,2020-02-23 19:36:59,2336,6000.0,,3267,670,1,client,finished,1,prediction,26351.0,3647.0,,4151,CA.4.81,finished,finished,DA.4.39,956,TECNO MOBILE LIMITED TECNO LA7,0,0,0.0,2020-02-23,19:36:59,Sunday,7,2,2020,False,Missing,NO OVERCHARGE,19,3.267,26.351,11.166666666666666,60.78333333333333,60.0,,,,õhtu,17.554029850746268,False,-49.61666666666667,-23.084,2–150 km/h,Sunday,TECNO,CA.4,DA.4,TECNO,,"(10.0, 20.0]","(2.0, 5.0]","(2.0, 5.0]","(10.0, 15.0]"
2337,2020-02-23 18:45:16,2337,51071.26,,36878,580,0,client,finished,1,prediction,14249.0,1968.0,,4002,CA.5.23,finished,finished,DA.4.31,893,TECNO MOBILE LIMITED TECNO KB8,0,0,0.0,2020-02-23,18:45:16,Sunday,7,2,2020,False,Missing,NO OVERCHARGE,18,36.878,14.249,9.666666666666666,32.8,510.7126,,,,lõuna,228.89793103448275,True,-23.133333333333333,22.628999999999998,≥150 km/h,Sunday,TECNO,CA.5,DA.4,TECNO,,"(5.0, 10.0]","(30.0, 50.0]","(20.0, inf]","(5.0, 10.0]"
2338,2020-02-23 19:33:30,2338,11893.6,,13048,1838,0,client,finished,1,prediction,14191.0,2096.0,,4006,CI.4.19,finished,finished,DA.4.39,1855,Itel S12,0,0,0.0,2020-02-23,19:33:30,Sunday,7,2,2020,False,Missing,NO OVERCHARGE,19,13.048,14.191,30.633333333333333,34.93333333333333,118.936,,,,õhtu,25.55647442872688,False,-4.299999999999997,-1.1430000000000007,2–150 km/h,Sunday,ITEL,CI.4,DA.4,Itel,"(-5.0, 0.0]","(30.0, 60.0]","(10.0, 20.0]","(10.0, 15.0]","(30.0, 60.0]"
2339,2020-02-23 19:42:11,2339,9571.26,,6650,1138,1,client,finished,1,prediction,6238.0,854.0,,4009,CA.5.38,finished,finished,DA.4.16,2133,HUAWEI TIT-AL00,0,0,0.0,2020-02-23,19:42:11,Sunday,7,2,2020,False,Missing,NO OVERCHARGE,19,6.65,6.238,18.966666666666665,14.233333333333333,95.71260000000001,,,,õhtu,21.036906854130052,False,4.7333333333333325,0.4119999999999999,2–150 km/h,Sunday,HUAWEI,CA.5,DA.4,Huawei,"(0.0, 5.0]","(10.0, 20.0]","(5.0, 10.0]","(5.0, 10.0]","(15.0, 20.0]"
2340,2020-02-23 19:48:52,2340,6000.0,,225,362,1,client,finished,2,prediction,6694.0,964.0,client_destination_changed,4024,CI.4.19,finished,finished,DA.4.39,2066,HMD Global Nokia 2.2,0,0,0.0,2020-02-23,19:48:52,Sunday,7,2,2020,False,Missing,NO OVERCHARGE,19,0.225,6.694,6.033333333333333,16.066666666666666,60.0,,,,õhtu,2.2375690607734806,False,-10.033333333333333,-6.469,2–150 km/h,Sunday,NOKIA,CI.4,DA.4,Other,,"(5.0, 10.0]","(0.0, 2.0]","(0.0, 2.0]","(5.0, 10.0]"
2345,2020-02-23 22:02:13,2345,11663.46,,8846,1199,0,client,finished,1,prediction,8853.0,981.0,,4017,CA.5.37,finished,finished,DA.4.39,1543,TECNO MOBILE LIMITED TECNO CF7,0,0,0.0,2020-02-23,22:02:13,Sunday,7,2,2020,False,Missing,NO OVERCHARGE,22,8.846,8.853,19.983333333333334,16.35,116.63459999999999,,,,õhtu,26.560133444537115,False,3.633333333333333,-0.006999999999999673,2–150 km/h,Sunday,TECNO,CA.5,DA.4,TECNO,"(0.0, 5.0]","(10.0, 20.0]","(5.0, 10.0]","(5.0, 10.0]","(15.0, 20.0]"
2346,2020-02-23 22:04:48,2346,6285.0,,3629,828,1,client,finished,1,prediction,2443.0,412.0,,4016,CI.3.96,finished,finished,DA.4.39,571,Samsung SM-G900H,0,0,0.0,2020-02-23,22:04:48,Sunday,7,2,2020,False,Missing,NO OVERCHARGE,22,3.629,2.443,13.8,6.866666666666666,62.85,,,,õhtu,15.778260869565218,False,6.9333333333333345,1.186,2–150 km/h,Sunday,SAMSUNG,CI.3,DA.4,Samsung,"(5.0, 10.0]","(10.0, 20.0]","(2.0, 5.0]","(2.0, 5.0]","(10.0, 15.0]"
2347,2020-02-23 22:19:27,2347,12311.46,,9235,1361,0,client,finished,1,prediction,9235.0,1171.0,,4037,CA.5.38,finished,finished,DA.4.39,898,HMD Global Nokia 2.2,0,0,0.0,2020-02-23,22:19:27,Sunday,7,2,2020,False,Missing,NO OVERCHARGE,22,9.235,9.235,22.683333333333334,19.516666666666666,123.1146,,,,õhtu,24.42762674504041,False,3.166666666666668,0.0,2–150 km/h,Sunday,NOKIA,CA.5,DA.4,Other,"(0.0, 5.0]","(20.0, 30.0]","(5.0, 10.0]","(5.0, 10.0]","(20.0, 30.0]"
2350,2020-02-24 00:31:29,2350,7733.46,,5402,749,1,client,finished,1,prediction,8515.0,1065.0,,4025,CA.5.23,finished,finished,DA.4.34,689,TECNO MOBILE LIMITED TECNO LC6a,0,0,0.0,2020-02-24,00:31:29,Monday,1,2,2020,False,Missing,NO OVERCHARGE,0,5.402,8.515,12.483333333333333,17.75,77.3346,,,,öö,25.964218958611482,False,-5.2666666666666675,-3.1130000000000004,2–150 km/h,Monday,TECNO,CA.5,DA.4,TECNO,"(-10.0, -5.0]","(10.0, 20.0]","(5.0, 10.0]","(5.0, 10.0]","(10.0, 15.0]"
2352,2020-02-24 02:04:17,2352,6000.0,,2907,536,1,client,finished,1,prediction,2730.0,545.0,,4026,CA.5.43,finished,finished,DA.4.39,1543,TECNO MOBILE LIMITED TECNO CF7,0,0,0.0,2020-02-24,02:04:17,Monday,1,2,2020,False,Missing,NO OVERCHARGE,2,2.907,2.73,8.933333333333334,9.083333333333334,60.0,,,,öö,19.524626865671642,False,-0.15000000000000036,0.17700000000000005,2–150 km/h,Monday,TECNO,CA.5,DA.4,TECNO,"(-5.0, 0.0]","(5.0, 10.0]","(2.0, 5.0]","(2.0, 5.0]","(5.0, 10.0]"
2353,2020-02-24 02:46:46,2353,21486.54,,16205,2491,1,client,finished,1,prediction,11595.0,1713.0,,4027,CI.4.18,finished,finished,DA.4.39,571,Samsung SM-G900H,0,1,0.0,2020-02-24,02:46:46,Monday,1,2,2020,False,Missing,NO OVERCHARGE,2,16.205,11.595,41.516666666666666,28.55,214.86540000000002,,,,öö,23.41951023685267,False,12.966666666666665,4.609999999999998,2–150 km/h,Monday,SAMSUNG,CI.4,DA.4,Samsung,"(10.0, 20.0]","(30.0, 60.0]","(10.0, 20.0]","(15.0, 20.0]","(30.0, 60.0]"
2354,2020-02-24 04:14:09,2354,20225.76,,14734,2983,1,client,finished,3,prediction,14178.0,2483.0,client_destination_changed,4029,CA.5.44,finished,finished,DA.4.37,1835,TECNO F3,0,0,0.0,2020-02-24,04:14:09,Monday,1,2,2020,False,Missing,NO OVERCHARGE,4,14.734,14.178,49.71666666666667,41.38333333333333,202.2576,,,,öö,17.781562185719075,False,8.333333333333336,0.5559999999999992,2–150 km/h,Monday,TECNO,CA.5,DA.4,TECNO,"(5.0, 10.0]","(30.0, 60.0]","(10.0, 20.0]","(10.0, 15.0]","(30.0, 60.0]"
2356,2020-02-24 06:10:27,2356,20057.04,,12851,3814,0,client,finished,1,prediction,12851.0,2638.0,,4165,CA.4.97,finished,finished,DA.4.39,270,TECNO MOBILE LIMITED TECNO B1p,0,0,0.0,2020-02-24,06:10:27,Monday,1,2,2020,False,Missing,NO OVERCHARGE,6,12.851,12.851,63.56666666666667,43.96666666666667,200.5704,,,,öö,12.129942317776612,False,19.6,0.0,2–150 km/h,Monday,TECNO,CA.4,DA.4,TECNO,"(10.0, 20.0]","(60.0, inf]","(10.0, 20.0]","(10.0, 15.0]","(60.0, inf]"
2359,2020-02-24 06:31:55,2359,4158.3,,6068,1048,1,client,finished,1,prediction,6280.0,1244.0,,4042,CA.5.43,finished,finished,DA.4.39,1765,TECNO F3,0,0,0.0,2020-02-24,06:31:55,Monday,1,2,2020,False,Missing,NO OVERCHARGE,6,6.068,6.28,17.466666666666665,20.733333333333334,41.583,,,,öö,20.844274809160304,False,-3.2666666666666693,-0.21200000000000063,2–150 km/h,Monday,TECNO,CA.5,DA.4,TECNO,"(-5.0, 0.0]","(10.0, 20.0]","(5.0, 10.0]","(5.0, 10.0]","(15.0, 20.0]"
2361,2020-02-24 08:51:53,2361,6000.0,,1,7,1,client,finished,1,prediction,11646.0,2145.0,driver_waypoint_changed,4087,CA.5.44,finished,finished,DA.4.39,1291,Samsung SM-J610F,0,0,0.0,2020-02-24,08:51:53,Monday,1,2,2020,False,Missing,NO OVERCHARGE,8,0.001,11.646,0.11666666666666667,35.75,60.0,,,,hommik,0.5142857142857142,False,-35.63333333333333,-11.645000000000001,<2 km/h,Monday,SAMSUNG,CA.5,DA.4,Samsung,,"(0.0, 5.0]","(0.0, 2.0]","(0.0, 2.0]","(0.0, 5.0]"
2362,2020-02-24 09:17:49,2362,29810.76,,20551,3235,0,client,finished,1,prediction,20551.0,2674.0,,4060,CA.5.44,finished,finished,DA.4.39,516,TECNO K7,0,0,0.0,2020-02-24,09:17:49,Monday,1,2,2020,False,Missing,NO OVERCHARGE,9,20.551,20.551,53.916666666666664,44.56666666666667,298.1076,,,,hommik,22.869737248840803,False,9.349999999999994,0.0,2–150 km/h,Monday,TECNO,CA.5,DA.4,TECNO,"(5.0, 10.0]","(30.0, 60.0]","(20.0, 30.0]","(20.0, inf]","(30.0, 60.0]"
2363,2020-02-24 08:13:26,2363,2000.0,,704,83,1,client,finished,1,prediction,2275.0,409.0,,4046,CI.4.13,finished,finished,DA.4.39,720,TECNO F3,0,0,-380.0,2020-02-24,08:13:26,Monday,1,2,2020,False,Negative,NO OVERCHARGE,8,0.704,2.275,1.3833333333333333,6.816666666666666,20.0,,,,hommik,30.53493975903615,False,-5.433333333333334,-1.571,2–150 km/h,Monday,TECNO,CI.4,DA.4,TECNO,"(-10.0, -5.0]","(0.0, 5.0]","(0.0, 2.0]","(0.0, 2.0]","(0.0, 5.0]"
2368,2020-02-24 09:24:03,2368,9939.48,,6349,1486,1,client,finished,1,prediction,5121.0,764.0,,4093,CA.5.42,finished,finished,DA.4.37,1071,TECNO MOBILE LIMITED TECNO KB8,0,0,0.0,2020-02-24,09:24:03,Monday,1,2,2020,False,Missing,NO OVERCHARGE,9,6.349,5.121,24.766666666666666,12.733333333333333,99.39479999999999,,,,hommik,15.381157469717362,False,12.033333333333333,1.2279999999999998,2–150 km/h,Monday,TECNO,CA.5,DA.4,TECNO,"(10.0, 20.0]","(20.0, 30.0]","(5.0, 10.0]","(5.0, 10.0]","(20.0, 30.0]"
2369,2020-02-24 11:20:53,2369,18244.3,,22046,8363,0,client,finished,1,prediction,6241.0,949.0,,4094,CA.5.44,finished,finished,DA.4.37,260,Itel S32,0,0,0.0,2020-02-24,11:20:53,Monday,1,2,2020,False,Missing,NO OVERCHARGE,11,22.046,6.241,139.38333333333333,15.816666666666666,182.44299999999998,,,,hommik,9.490087289250269,False,123.56666666666666,15.805,2–150 km/h,Monday,ITEL,CA.5,DA.4,Itel,"(60.0, inf]","(60.0, inf]","(20.0, 30.0]","(20.0, inf]","(60.0, inf]"
2370,2020-02-24 10:08:33,2370,15533.46,,10294,2603,1,client,finished,1,prediction,6637.0,1205.0,,4132,CA.5.44,finished,finished,DA.4.39,569,HUAWEI LDN-L21,0,0,0.0,2020-02-24,10:08:33,Monday,1,2,2020,False,Missing,NO OVERCHARGE,10,10.294,6.637,43.38333333333333,20.083333333333332,155.3346,,,,hommik,14.236803688052248,False,23.3,3.657000000000001,2–150 km/h,Monday,HUAWEI,CA.5,DA.4,Huawei,"(20.0, 30.0]","(30.0, 60.0]","(10.0, 20.0]","(10.0, 15.0]","(30.0, 60.0]"
2374,2020-02-24 11:18:40,2374,12641.52,,7012,2636,0,client,finished,1,prediction,5336.0,862.0,,4084,CA.5.42,finished,finished,DA.4.37,654,TECNO MOBILE LIMITED TECNO KA7,0,1,0.0,2020-02-24,11:18:40,Monday,1,2,2020,False,Missing,NO OVERCHARGE,11,7.012,5.336,43.93333333333333,14.366666666666667,126.4152,,,,hommik,9.576327769347497,False,29.566666666666663,1.6759999999999993,2–150 km/h,Monday,TECNO,CA.5,DA.4,TECNO,"(20.0, 30.0]","(30.0, 60.0]","(5.0, 10.0]","(5.0, 10.0]","(30.0, 60.0]"
2375,2020-02-24 11:28:24,2375,15527.76,,10172,2659,1,client,finished,1,prediction,8959.0,1390.0,,4081,CA.5.36,finished,finished,DA.4.16,831,Samsung SM-G611F,0,0,0.0,2020-02-24,11:28:24,Monday,1,2,2020,False,Missing,NO OVERCHARGE,11,10.172,8.959,44.31666666666667,23.166666666666668,155.2776,,,,hommik,13.771793907484017,False,21.150000000000002,1.213000000000001,2–150 km/h,Monday,SAMSUNG,CA.5,DA.4,Samsung,"(20.0, 30.0]","(30.0, 60.0]","(10.0, 20.0]","(10.0, 15.0]","(30.0, 60.0]"
2376,2020-02-24 13:44:40,2376,26094.24,,6379,10283,0,client,finished,1,prediction,46499.0,3230.0,,4170,CI.4.19,finished,finished,DA.4.39,1263,TECNO MOBILE LIMITED TECNO KA7O,0,1,0.0,2020-02-24,13:44:40,Monday,1,2,2020,False,Missing,NO OVERCHARGE,13,6.379,46.499,171.38333333333333,53.833333333333336,260.9424,,,,lõuna,2.233239327044637,False,117.54999999999998,-40.120000000000005,2–150 km/h,Monday,TECNO,CI.4,DA.4,TECNO,"(60.0, inf]","(60.0, inf]","(5.0, 10.0]","(5.0, 10.0]","(60.0, inf]"
2381,2020-02-24 12:27:04,2381,6000.0,,27,28,1,client,finished,1,prediction,7073.0,1295.0,,4091,CA.5.25,finished,finished,DA.4.39,1280,HUAWEI CAM-L21,0,0,0.0,2020-02-24,12:27:04,Monday,1,2,2020,False,Missing,NO OVERCHARGE,12,0.027,7.073,0.4666666666666667,21.583333333333332,60.0,,,,hommik,3.4714285714285715,False,-21.116666666666667,-7.046,2–150 km/h,Monday,HUAWEI,CA.5,DA.4,Huawei,,"(0.0, 5.0]","(0.0, 2.0]","(0.0, 2.0]","(0.0, 5.0]"
2382,2020-02-24 13:00:16,2382,6000.0,,316,1860,0,client,finished,1,prediction,3232.0,718.0,,4169,CA.5.38,finished,finished,DA.4.39,2104,TECNO MOBILE LIMITED TECNO BA2,0,0,0.0,2020-02-24,13:00:16,Monday,1,2,2020,False,Missing,NO OVERCHARGE,13,0.316,3.232,31.0,11.966666666666667,60.0,,,,lõuna,0.6116129032258064,False,19.03333333333333,-2.9160000000000004,<2 km/h,Monday,TECNO,CA.5,DA.4,TECNO,"(10.0, 20.0]","(30.0, 60.0]","(0.0, 2.0]","(0.0, 2.0]","(30.0, 60.0]"
2383,2020-02-24 14:13:05,2383,29993.04,,19318,4408,1,client,finished,1,prediction,17267.0,2370.0,,4104,CA.5.44,finished,finished,DA.4.34,470,Infinix HOT 4 Lite,0,0,0.0,2020-02-24,14:13:05,Monday,1,2,2020,False,Missing,NO OVERCHARGE,14,19.318,17.267,73.46666666666667,39.5,299.9304,,,,lõuna,15.776950998185118,False,33.96666666666667,2.051000000000002,2–150 km/h,Monday,INFINIX,CA.5,DA.4,Infinix,"(30.0, 60.0]","(60.0, inf]","(10.0, 20.0]","(15.0, 20.0]","(60.0, inf]"
2385,2020-02-24 12:52:32,2385,6000.0,,4294,87,0,client,finished,1,prediction,36214.0,2752.0,,4096,CA.5.44,finished,finished,DA.4.16,266,Samsung SM-J400F,0,0,-30.0,2020-02-24,12:52:32,Monday,1,2,2020,False,Negative,NO OVERCHARGE,12,4.294,36.214,1.45,45.86666666666667,60.0,,,,hommik,177.68275862068964,True,-44.416666666666664,-31.919999999999998,≥150 km/h,Monday,SAMSUNG,CA.5,DA.4,Samsung,,"(0.0, 5.0]","(2.0, 5.0]","(2.0, 5.0]","(0.0, 5.0]"
2386,2020-02-24 15:31:58,2386,32985.02,,17601,7541,1,client,finished,1,prediction,14709.0,2620.0,,4135,CA.5.42,finished,finished,DA.4.39,2009,INFINIX MOBILITY LIMITED Infinix X606C,0,0,0.0,2020-02-24,15:31:58,Monday,1,2,2020,False,Missing,NO OVERCHARGE,15,17.601,14.709,125.68333333333334,43.666666666666664,329.8502,,,,lõuna,8.402546081421564,False,82.01666666666668,2.8919999999999995,2–150 km/h,Monday,INFINIX,CA.5,DA.4,Infinix,"(60.0, inf]","(60.0, inf]","(10.0, 20.0]","(15.0, 20.0]","(60.0, inf]"
2388,2020-02-24 14:17:18,2388,12728.22,,8868,1770,1,client,finished,1,prediction,7398.0,1372.0,,4122,CI.4.17,finished,finished,DA.4.16,1136,TCL 9001X,0,0,0.0,2020-02-24,14:17:18,Monday,1,2,2020,False,Missing,NO OVERCHARGE,14,8.868,7.398,29.5,22.866666666666667,127.28219999999999,,,,lõuna,18.036610169491524,False,6.633333333333333,1.4700000000000006,2–150 km/h,Monday,TCL,CI.4,DA.4,Other,"(5.0, 10.0]","(20.0, 30.0]","(5.0, 10.0]","(5.0, 10.0]","(20.0, 30.0]"
2389,2020-02-24 15:16:54,2389,2000.0,,5,221,0,client,finished,1,prediction,10440.0,1918.0,,4145,CI.4.19,finished,finished,DA.4.39,1765,TECNO F3,0,0,0.0,2020-02-24,15:16:54,Monday,1,2,2020,False,Missing,NO OVERCHARGE,15,0.005,10.44,3.683333333333333,31.966666666666665,20.0,,,,lõuna,0.08144796380090498,False,-28.28333333333333,-10.434999999999999,<2 km/h,Monday,TECNO,CI.4,DA.4,TECNO,,"(0.0, 5.0]","(0.0, 2.0]","(0.0, 2.0]","(0.0, 5.0]"
2390,2020-02-24 14:20:44,2390,11523.72,,7875,1599,1,client,finished,1,prediction,5767.0,855.0,,4163,CA.5.44,finished,finished,DA.4.39,1319,TECNO MOBILE LIMITED TECNO KC8,0,0,0.0,2020-02-24,14:20:44,Monday,1,2,2020,False,Missing,NO OVERCHARGE,14,7.875,5.767,26.65,14.25,115.23719999999999,,,,lõuna,17.72983114446529,False,12.399999999999999,2.1079999999999997,2–150 km/h,Monday,TECNO,CA.5,DA.4,TECNO,"(10.0, 20.0]","(20.0, 30.0]","(5.0, 10.0]","(5.0, 10.0]","(20.0, 30.0]"
2391,2020-02-24 14:53:03,2391,17761.98,,10774,3583,0,client,finished,1,prediction,5071.0,1034.0,,4187,CA.5.44,finished,finished,DA.4.34,1316,Infinix HOT 4 Lite,0,1,0.0,2020-02-24,14:53:03,Monday,1,2,2020,False,Missing,NO OVERCHARGE,14,10.774,5.071,59.71666666666667,17.233333333333334,177.6198,,,,lõuna,10.82511861568518,False,42.483333333333334,5.702999999999999,2–150 km/h,Monday,INFINIX,CA.5,DA.4,Infinix,"(30.0, 60.0]","(30.0, 60.0]","(10.0, 20.0]","(10.0, 15.0]","(30.0, 60.0]"
2393,2020-02-24 15:32:35,2393,12578.52,,5395,3392,0,client,finished,1,prediction,5395.0,1099.0,,4181,CA.5.42,finished,finished,DA.4.34,1210,TECNO MOBILE LIMITED TECNO B1p,0,0,0.0,2020-02-24,15:32:35,Monday,1,2,2020,False,Missing,NO OVERCHARGE,15,5.395,5.395,56.53333333333333,18.316666666666666,125.7852,,,,lõuna,5.725825471698113,False,38.21666666666667,0.0,2–150 km/h,Monday,TECNO,CA.5,DA.4,TECNO,"(30.0, 60.0]","(30.0, 60.0]","(5.0, 10.0]","(5.0, 10.0]","(30.0, 60.0]"
2394,2020-02-24 15:27:22,2394,9236.76,,4392,2065,0,client,finished,1,prediction,4687.0,1017.0,,4110,CA.5.44,finished,finished,DA.4.39,460,Foxconn TG-L800S,0,0,0.0,2020-02-24,15:27:22,Monday,1,2,2020,False,Missing,NO OVERCHARGE,15,4.392,4.687,34.416666666666664,16.95,92.3676,,,,lõuna,7.6567554479418884,False,17.466666666666665,-0.29499999999999993,2–150 km/h,Monday,FOXCONN,CA.5,DA.4,Other,"(10.0, 20.0]","(30.0, 60.0]","(2.0, 5.0]","(2.0, 5.0]","(30.0, 60.0]"
2395,2020-02-24 15:11:57,2395,6000.0,,0,43,1,client,finished,1,prediction,4643.0,1198.0,,4109,CI.4.17,finished,finished,DA.4.41,1812,TECNO MOBILE LIMITED TECNO CF7,0,0,0.0,2020-02-24,15:11:57,Monday,1,2,2020,True,Missing,NO OVERCHARGE,15,0.0,4.643,0.7166666666666667,19.966666666666665,60.0,,,,lõuna,0.0,False,-19.25,-4.643,<2 km/h,Monday,TECNO,CI.4,DA.4,TECNO,,"(0.0, 5.0]",,,"(0.0, 5.0]"
2396,2020-02-24 15:39:47,2396,6498.3,,9279,1930,1,client,finished,1,prediction,9630.0,1972.0,,4112,CA.5.44,finished,finished,DA.4.34,997,TECNO F3,0,1,0.0,2020-02-24,15:39:47,Monday,1,2,2020,False,Missing,NO OVERCHARGE,15,9.279,9.63,32.166666666666664,32.86666666666667,64.983,,,,lõuna,17.307979274611398,False,-0.7000000000000028,-0.35100000000000087,2–150 km/h,Monday,TECNO,CA.5,DA.4,TECNO,"(-5.0, 0.0]","(30.0, 60.0]","(5.0, 10.0]","(5.0, 10.0]","(30.0, 60.0]"
2398,2020-02-24 15:55:29,2398,9056.46,,4451,1937,0,client,finished,1,prediction,5751.0,772.0,,4126,CA.5.44,finished,finished,DA.4.37,859,Samsung SM-G928F,0,1,0.0,2020-02-24,15:55:29,Monday,1,2,2020,False,Missing,NO OVERCHARGE,15,4.451,5.751,32.28333333333333,12.866666666666667,90.56459999999998,,,,lõuna,8.272379969024266,False,19.416666666666664,-1.3000000000000007,2–150 km/h,Monday,SAMSUNG,CA.5,DA.4,Samsung,"(10.0, 20.0]","(30.0, 60.0]","(2.0, 5.0]","(2.0, 5.0]","(30.0, 60.0]"
2399,2020-02-24 15:48:55,2399,6000.0,,163,1478,0,client,finished,1,prediction,5606.0,992.0,,4116,CA.5.44,finished,finished,DA.4.37,1776,Infinix X572,0,0,0.0,2020-02-24,15:48:55,Monday,1,2,2020,False,Missing,NO OVERCHARGE,15,0.163,5.606,24.633333333333333,16.533333333333335,60.0,,,,lõuna,0.39702300405953994,False,8.099999999999998,-5.443,<2 km/h,Monday,INFINIX,CA.5,DA.4,Infinix,"(5.0, 10.0]","(20.0, 30.0]","(0.0, 2.0]","(0.0, 2.0]","(20.0, 30.0]"
2401,2020-02-24 16:11:00,2401,2603.3,,1877,1696,0,client,finished,1,prediction,9118.0,2056.0,,4120,CI.4.18,finished,finished,DA.4.41,265,TECNO F3,0,0,0.0,2020-02-24,16:11:00,Monday,1,2,2020,False,Missing,NO OVERCHARGE,16,1.877,9.118,28.266666666666666,34.266666666666666,26.033,,,,lõuna,3.984198113207547,False,-6.0,-7.2410000000000005,2–150 km/h,Monday,TECNO,CI.4,DA.4,TECNO,"(-10.0, -5.0]","(20.0, 30.0]","(0.0, 2.0]","(0.0, 2.0]","(20.0, 30.0]"
2403,2020-02-24 16:23:43,2403,6000.0,,3103,752,1,client,finished,1,prediction,3106.0,631.0,,4123,CA.4.99,finished,finished,DA.4.39,821,Sony SO-03E,0,0,0.0,2020-02-24,16:23:43,Monday,1,2,2020,False,Missing,NO OVERCHARGE,16,3.103,3.106,12.533333333333333,10.516666666666667,60.0,,,,lõuna,14.854787234042554,False,2.0166666666666657,-0.0029999999999996696,2–150 km/h,Monday,SONY,CA.4,DA.4,Other,"(0.0, 5.0]","(10.0, 20.0]","(2.0, 5.0]","(2.0, 5.0]","(10.0, 15.0]"
2406,2020-02-24 16:33:28,2406,7412.46,,5078,731,1,client,finished,1,prediction,2057.0,338.0,,4127,CI.4.19,finished,finished,DA.4.37,1185,Samsung SM-G611F,0,0,-2576.0,2020-02-24,16:33:28,Monday,1,2,2020,False,Negative,NO OVERCHARGE,16,5.078,2.057,12.183333333333334,5.633333333333334,74.1246,,,,lõuna,25.00793433652531,False,6.55,3.0210000000000004,2–150 km/h,Monday,SAMSUNG,CI.4,DA.4,Samsung,"(5.0, 10.0]","(10.0, 20.0]","(5.0, 10.0]","(5.0, 10.0]","(10.0, 15.0]"
2407,2020-02-24 17:43:49,2407,17715.54,,8913,4471,0,client,finished,1,prediction,8913.0,2086.0,,4138,CA.5.44,finished,finished,DA.4.39,1461,Samsung SM-G920F,0,1,0.0,2020-02-24,17:43:49,Monday,1,2,2020,False,Missing,NO OVERCHARGE,17,8.913,8.913,74.51666666666667,34.766666666666666,177.15540000000001,,,,lõuna,7.176649519123239,False,39.75,0.0,2–150 km/h,Monday,SAMSUNG,CA.5,DA.4,Samsung,"(30.0, 60.0]","(60.0, inf]","(5.0, 10.0]","(5.0, 10.0]","(60.0, inf]"
2408,2020-02-24 18:02:09,2408,14922.72,,5900,4425,0,client,finished,1,prediction,8489.0,1536.0,,4139,CI.4.17,finished,finished,DA.4.39,2149,HMD Global Nokia 2.2,0,0,0.0,2020-02-24,18:02:09,Monday,1,2,2020,False,Missing,NO OVERCHARGE,18,5.9,8.489,73.75,25.6,149.22719999999998,,,,lõuna,4.8,False,48.15,-2.5890000000000004,2–150 km/h,Monday,NOKIA,CI.4,DA.4,Other,"(30.0, 60.0]","(60.0, inf]","(5.0, 10.0]","(5.0, 10.0]","(60.0, inf]"
2410,2020-02-24 17:32:09,2410,6000.0,,189,543,1,client,finished,1,prediction,6782.0,1208.0,,4133,CI.4.19,finished,finished,DA.4.39,1673,Samsung SM-G930F,0,0,0.0,2020-02-24,17:32:09,Monday,1,2,2020,False,Missing,NO OVERCHARGE,17,0.189,6.782,9.05,20.133333333333333,60.0,,,,lõuna,1.2530386740331492,False,-11.083333333333332,-6.593,<2 km/h,Monday,SAMSUNG,CI.4,DA.4,Samsung,,"(5.0, 10.0]","(0.0, 2.0]","(0.0, 2.0]","(5.0, 10.0]"
2411,2020-02-24 18:00:52,2411,6000.0,,2995,902,1,client,finished,1,prediction,57465.0,4909.0,,4137,CA.5.44,finished,finished,DA.4.34,148,Samsung SM-G950F,0,0,-50.0,2020-02-24,18:00:52,Monday,1,2,2020,False,Negative,NO OVERCHARGE,18,2.995,57.465,15.033333333333333,81.81666666666666,60.0,,,,lõuna,11.953436807095343,False,-66.78333333333333,-54.470000000000006,2–150 km/h,Monday,SAMSUNG,CA.5,DA.4,Samsung,,"(10.0, 20.0]","(2.0, 5.0]","(2.0, 5.0]","(15.0, 20.0]"
2413,2020-02-24 18:17:59,2413,12625.98,,8844,1729,1,client,finished,1,prediction,8604.0,1352.0,,4235,CA.5.32,finished,finished,DA.4.39,395,Samsung SM-G532F,0,0,0.0,2020-02-24,18:17:59,Monday,1,2,2020,False,Missing,NO OVERCHARGE,18,8.844,8.604,28.816666666666666,22.533333333333335,126.2598,,,,lõuna,18.41434355118566,False,6.283333333333331,0.2400000000000002,2–150 km/h,Monday,SAMSUNG,CA.5,DA.4,Samsung,"(5.0, 10.0]","(20.0, 30.0]","(5.0, 10.0]","(5.0, 10.0]","(20.0, 30.0]"
2415,2020-02-24 18:27:50,2415,6000.0,,115,457,1,client,finished,1,prediction,3870.0,788.0,,4232,CA.5.44,finished,finished,DA.4.39,571,Samsung SM-G900H,0,0,0.0,2020-02-24,18:27:50,Monday,1,2,2020,False,Missing,NO OVERCHARGE,18,0.115,3.87,7.616666666666666,13.133333333333333,60.0,,,,lõuna,0.9059080962800875,False,-5.516666666666667,-3.755,<2 km/h,Monday,SAMSUNG,CA.5,DA.4,Samsung,"(-10.0, -5.0]","(5.0, 10.0]","(0.0, 2.0]","(0.0, 2.0]","(5.0, 10.0]"
2416,2020-02-24 19:01:03,2416,9475.5,,5795,1503,0,client,finished,1,prediction,5795.0,795.0,,4143,CA.5.44,finished,finished,DA.4.39,2149,HMD Global Nokia 2.2,0,0,0.0,2020-02-24,19:01:03,Monday,1,2,2020,False,Missing,NO OVERCHARGE,19,5.795,5.795,25.05,13.25,94.755,,,,õhtu,13.880239520958083,False,11.8,0.0,2–150 km/h,Monday,NOKIA,CA.5,DA.4,Other,"(10.0, 20.0]","(20.0, 30.0]","(5.0, 10.0]","(5.0, 10.0]","(20.0, 30.0]"
2417,2020-02-24 19:36:04,2417,14893.5,,10394,2205,1,client,finished,1,prediction,8729.0,1649.0,,4160,CA.5.36,finished,finished,DA.4.39,395,Samsung SM-G532F,0,0,0.0,2020-02-24,19:36:04,Monday,1,2,2020,False,Missing,NO OVERCHARGE,19,10.394,8.729,36.75,27.483333333333334,148.935,,,,õhtu,16.969795918367346,False,9.266666666666666,1.665000000000001,2–150 km/h,Monday,SAMSUNG,CA.5,DA.4,Samsung,"(5.0, 10.0]","(30.0, 60.0]","(10.0, 20.0]","(10.0, 15.0]","(30.0, 60.0]"
2418,2020-02-24 19:50:27,2418,20119.24,,15096,2705,0,client,finished,1,prediction,15096.0,1781.0,,4286,CA.5.44,finished,finished,DA.4.39,998,TECNO MOBILE LIMITED TECNO B1,0,0,0.0,2020-02-24,19:50:27,Monday,1,2,2020,False,Missing,NO OVERCHARGE,19,15.096,15.096,45.083333333333336,29.683333333333334,201.19240000000002,,,,õhtu,20.09079482439926,False,15.400000000000002,0.0,2–150 km/h,Monday,TECNO,CA.5,DA.4,TECNO,"(10.0, 20.0]","(30.0, 60.0]","(10.0, 20.0]","(15.0, 20.0]","(30.0, 60.0]"
2419,2020-02-24 19:36:12,2419,10284.96,,7629,1046,1,client,finished,1,prediction,11820.0,1524.0,,4162,CA.5.42,finished,finished,DA.4.37,909,TECNO MOBILE LIMITED TECNO CA7,0,0,0.0,2020-02-24,19:36:12,Monday,1,2,2020,False,Missing,NO OVERCHARGE,19,7.629,11.82,17.433333333333334,25.4,102.8496,,,,õhtu,26.2565965583174,False,-7.966666666666665,-4.191000000000001,2–150 km/h,Monday,TECNO,CA.5,DA.4,TECNO,"(-10.0, -5.0]","(10.0, 20.0]","(5.0, 10.0]","(5.0, 10.0]","(15.0, 20.0]"
2420,2020-02-24 19:44:32,2420,6000.0,,6,175,1,client,finished,1,prediction,3544.0,496.0,,4152,CI.4.19,finished,finished,DA.4.34,848,TECNO CX Air,0,0,0.0,2020-02-24,19:44:32,Monday,1,2,2020,False,Missing,NO OVERCHARGE,19,0.006,3.544,2.9166666666666665,8.266666666666667,60.0,,,,õhtu,0.12342857142857144,False,-5.350000000000001,-3.5380000000000003,<2 km/h,Monday,TECNO,CI.4,DA.4,TECNO,"(-10.0, -5.0]","(0.0, 5.0]","(0.0, 2.0]","(0.0, 2.0]","(0.0, 5.0]"
2421,2020-02-24 20:20:51,2421,15468.24,,12100,1679,1,client,finished,1,prediction,8921.0,1206.0,,4159,CI.4.18,finished,finished,DA.4.31,2125,TECNO MOBILE LIMITED TECNO F3,0,0,0.0,2020-02-24,20:20:51,Monday,1,2,2020,False,Missing,NO OVERCHARGE,20,12.1,8.921,27.983333333333334,20.1,154.6824,,,,õhtu,25.94401429422275,False,7.883333333333333,3.1790000000000003,2–150 km/h,Monday,TECNO,CI.4,DA.4,TECNO,"(5.0, 10.0]","(20.0, 30.0]","(10.0, 20.0]","(10.0, 15.0]","(20.0, 30.0]"
2425,2020-02-24 21:05:17,2425,20591.6,,14316,552,0,client,finished,1,prediction,10450.0,1601.0,,4401,CI.4.16,finished,finished,DA.4.14,65,TECNO-J8,0,0,0.0,2020-02-24,21:05:17,Monday,1,2,2020,False,Missing,NO OVERCHARGE,21,14.316,10.45,9.2,26.683333333333334,205.916,,,,õhtu,93.36521739130436,False,-17.483333333333334,3.8660000000000014,2–150 km/h,Monday,TECNO,CI.4,DA.4,TECNO,,"(5.0, 10.0]","(10.0, 20.0]","(10.0, 15.0]","(5.0, 10.0]"
2426,2020-02-24 21:40:40,2426,15007.26,,10273,2326,1,client,finished,1,prediction,9303.0,1336.0,,4154,CA.4.77,finished,finished,DA.4.41,587,Samsung SM-T815Y,0,0,0.0,2020-02-24,21:40:40,Monday,1,2,2020,False,Missing,NO OVERCHARGE,21,10.273,9.303,38.766666666666666,22.266666666666666,150.0726,,,,õhtu,15.899742046431642,False,16.5,0.9699999999999989,2–150 km/h,Monday,SAMSUNG,CA.4,DA.4,Samsung,"(10.0, 20.0]","(30.0, 60.0]","(10.0, 20.0]","(10.0, 15.0]","(30.0, 60.0]"
2431,2020-02-25 04:17:47,2431,20046.0,,13968,3258,1,client,finished,1,prediction,8437.0,1106.0,,4188,CA.5.44,finished,finished,DI.3.36,196,"iPhone8,1",0,0,0.0,2020-02-25,04:17:47,Tuesday,2,2,2020,False,Missing,NO OVERCHARGE,4,13.968,8.437,54.3,18.433333333333334,200.46,,,,öö,15.434254143646408,False,35.86666666666666,5.531000000000001,2–150 km/h,Tuesday,APPLE,CA.5,DI.3,Apple,"(30.0, 60.0]","(30.0, 60.0]","(10.0, 20.0]","(10.0, 15.0]","(30.0, 60.0]"
2432,2020-02-25 07:11:54,2432,33307.04,,18381,7036,0,client,finished,1,prediction,20925.0,3175.0,,1323,CA.5.44,finished,finished,DA.4.39,1640,OPPO A37fw,0,1,0.0,2020-02-25,07:11:54,Tuesday,2,2,2020,False,Missing,NO OVERCHARGE,7,18.381,20.925,117.26666666666667,52.916666666666664,333.0704,,,,hommik,9.404718590108015,False,64.35,-2.5440000000000005,2–150 km/h,Tuesday,OPPO,CA.5,DA.4,Oppo,"(60.0, inf]","(60.0, inf]","(10.0, 20.0]","(15.0, 20.0]","(60.0, inf]"
2433,2020-02-25 05:55:23,2433,12064.5,,5124,3249,0,client,finished,1,prediction,8067.0,1710.0,,5,CA.5.44,finished,finished,DA.4.37,1514,TECNO MOBILE LIMITED TECNO B1p,0,0,0.0,2020-02-25,05:55:23,Tuesday,2,2,2020,False,Missing,NO OVERCHARGE,5,5.124,8.067,54.15,28.5,120.645,,,,öö,5.677562326869807,False,25.65,-2.9430000000000005,2–150 km/h,Tuesday,TECNO,CA.5,DA.4,TECNO,"(20.0, 30.0]","(30.0, 60.0]","(5.0, 10.0]","(5.0, 10.0]","(30.0, 60.0]"
2437,2020-02-25 07:44:19,2437,25721.22,,15634,5298,0,client,finished,1,prediction,17299.0,2731.0,,4173,CA.5.36,finished,finished,DA.4.39,1457,Samsung SM-G530H,0,0,0.0,2020-02-25,07:44:19,Tuesday,2,2,2020,False,Missing,NO OVERCHARGE,7,15.634,17.299,88.3,45.516666666666666,257.2122,,,,hommik,10.623329558323896,False,42.78333333333333,-1.6649999999999991,2–150 km/h,Tuesday,SAMSUNG,CA.5,DA.4,Samsung,"(30.0, 60.0]","(60.0, inf]","(10.0, 20.0]","(15.0, 20.0]","(60.0, inf]"
2439,2020-02-25 07:40:09,2439,14863.5,,9657,2547,0,client,finished,1,prediction,9657.0,1491.0,,4203,CA.5.44,finished,finished,DA.4.39,2009,INFINIX MOBILITY LIMITED Infinix X606C,0,0,0.0,2020-02-25,07:40:09,Tuesday,2,2,2020,False,Missing,NO OVERCHARGE,7,9.657,9.657,42.45,24.85,148.635,,,,hommik,13.649469964664311,False,17.6,0.0,2–150 km/h,Tuesday,INFINIX,CA.5,DA.4,Infinix,"(10.0, 20.0]","(30.0, 60.0]","(5.0, 10.0]","(5.0, 10.0]","(30.0, 60.0]"
2441,2020-02-25 08:07:42,2441,2000.0,,2363,318,1,client,finished,1,prediction,8349.0,1464.0,,4176,CA.4.92,finished,finished,DA.4.41,2030,INFINIX MOBILITY LIMITED Infinix X626,0,0,0.0,2020-02-25,08:07:42,Tuesday,2,2,2020,False,Missing,NO OVERCHARGE,8,2.363,8.349,5.3,24.4,20.0,,,,hommik,26.750943396226415,False,-19.099999999999998,-5.986000000000001,2–150 km/h,Tuesday,INFINIX,CA.4,DA.4,Infinix,,"(5.0, 10.0]","(2.0, 5.0]","(2.0, 5.0]","(5.0, 10.0]"
2442,2020-02-25 07:49:16,2442,6000.0,,6,54,1,client,finished,1,prediction,1660.0,319.0,,4175,CI.4.19,finished,finished,DA.4.39,580,INFINIX MOBILITY LIMITED Infinix X5515,0,0,27.0,2020-02-25,07:49:16,Tuesday,2,2,2020,False,Positive,NO OVERCHARGE,7,0.006,1.66,0.9,5.316666666666666,60.0,,,,hommik,0.39999999999999997,False,-4.416666666666666,-1.654,<2 km/h,Tuesday,INFINIX,CI.4,DA.4,Infinix,"(-5.0, 0.0]","(0.0, 5.0]","(0.0, 2.0]","(0.0, 2.0]","(0.0, 5.0]"
2445,2020-02-25 09:40:28,2445,13793.28,,6319,3603,0,client,finished,4,prediction,6319.0,1022.0,client_destination_changed,4185,CA.5.26,finished,finished,DA.4.37,1776,Infinix X572,0,0,0.0,2020-02-25,09:40:28,Tuesday,2,2,2020,False,Missing,NO OVERCHARGE,9,6.319,6.319,60.05,17.033333333333335,137.93280000000001,,,,hommik,6.313738551207328,False,43.016666666666666,0.0,2–150 km/h,Tuesday,INFINIX,CA.5,DA.4,Infinix,"(30.0, 60.0]","(60.0, inf]","(5.0, 10.0]","(5.0, 10.0]","(60.0, inf]"
2446,2020-02-25 08:16:47,2446,6000.0,,3191,633,1,client,finished,1,prediction,1798.0,263.0,,4179,CA.5.36,finished,finished,DA.4.39,1671,Samsung SM-N960F,0,0,0.0,2020-02-25,08:16:47,Tuesday,2,2,2020,False,Missing,NO OVERCHARGE,8,3.191,1.798,10.55,4.383333333333334,60.0,,,,hommik,18.1478672985782,False,6.166666666666667,1.3929999999999998,2–150 km/h,Tuesday,SAMSUNG,CA.5,DA.4,Samsung,"(5.0, 10.0]","(10.0, 20.0]","(2.0, 5.0]","(2.0, 5.0]","(10.0, 15.0]"
2450,2020-02-25 13:55:23,2450,14667.96,,10628,1964,1,client,finished,1,prediction,10313.0,1461.0,,4218,CA.5.42,finished,finished,DA.4.35,598,INFINIX MOBILITY LIMITED Infinix X5516B,0,1,0.0,2020-02-25,13:55:23,Tuesday,2,2,2020,False,Missing,NO OVERCHARGE,13,10.628,10.313,32.733333333333334,24.35,146.6796,,,,lõuna,19.481059063136456,False,8.383333333333333,0.3149999999999995,2–150 km/h,Tuesday,INFINIX,CA.5,DA.4,Infinix,"(5.0, 10.0]","(30.0, 60.0]","(10.0, 20.0]","(10.0, 15.0]","(30.0, 60.0]"
2451,2020-02-25 09:54:33,2451,6000.0,,2353,524,1,client,finished,1,prediction,2036.0,347.0,,4194,CI.4.19,finished,finished,DA.4.41,1742,TECNO MOBILE LIMITED TECNO KA7,0,0,0.0,2020-02-25,09:54:33,Tuesday,2,2,2020,False,Missing,NO OVERCHARGE,9,2.353,2.036,8.733333333333333,5.783333333333333,60.0,,,,hommik,16.16564885496183,False,2.9499999999999993,0.31700000000000017,2–150 km/h,Tuesday,TECNO,CI.4,DA.4,TECNO,"(0.0, 5.0]","(5.0, 10.0]","(2.0, 5.0]","(2.0, 5.0]","(5.0, 10.0]"
2453,2020-02-25 10:28:59,2453,11466.78,,7635,1686,0,client,finished,1,prediction,7635.0,975.0,,4195,CI.4.19,finished,finished,DA.4.39,837,Itel W5504,0,0,0.0,2020-02-25,10:28:59,Tuesday,2,2,2020,False,Missing,NO OVERCHARGE,10,7.635,7.635,28.1,16.25,114.6678,,,,hommik,16.302491103202847,False,11.850000000000001,0.0,2–150 km/h,Tuesday,ITEL,CI.4,DA.4,Itel,"(10.0, 20.0]","(20.0, 30.0]","(5.0, 10.0]","(5.0, 10.0]","(20.0, 30.0]"
2454,2020-02-25 11:47:42,2454,30748.78,,18914,5178,0,client,finished,1,prediction,18914.0,2483.0,,4211,CA.5.44,finished,finished,DA.4.39,293,Samsung SM-G935F,0,0,0.0,2020-02-25,11:47:42,Tuesday,2,2,2020,False,Missing,NO OVERCHARGE,11,18.914,18.914,86.3,41.38333333333333,307.4878,,,,hommik,13.149942062572423,False,44.916666666666664,0.0,2–150 km/h,Tuesday,SAMSUNG,CA.5,DA.4,Samsung,"(30.0, 60.0]","(60.0, inf]","(10.0, 20.0]","(15.0, 20.0]","(60.0, inf]"
2455,2020-02-25 10:26:23,2455,6000.0,,2061,420,1,client,finished,1,prediction,2050.0,394.0,,4602,CA.5.45,finished,finished,DA.4.37,1776,Infinix X572,0,0,0.0,2020-02-25,10:26:23,Tuesday,2,2,2020,False,Missing,NO OVERCHARGE,10,2.061,2.05,7.0,6.566666666666666,60.0,,,,hommik,17.665714285714287,False,0.43333333333333357,0.01100000000000012,2–150 km/h,Tuesday,INFINIX,CA.5,DA.4,Infinix,"(0.0, 5.0]","(5.0, 10.0]","(2.0, 5.0]","(2.0, 5.0]","(5.0, 10.0]"
2458,2020-02-25 12:43:58,2458,16178.04,,7003,4570,0,client,finished,2,prediction,8951.0,2033.0,client_destination_changed,4334,CA.5.44,finished,finished,DA.4.34,848,TECNO CX Air,0,1,0.0,2020-02-25,12:43:58,Tuesday,2,2,2020,False,Missing,NO OVERCHARGE,12,7.003,8.951,76.16666666666667,33.88333333333333,161.78040000000001,,,,hommik,5.516586433260394,False,42.28333333333334,-1.9480000000000004,2–150 km/h,Tuesday,TECNO,CA.5,DA.4,TECNO,"(30.0, 60.0]","(60.0, inf]","(5.0, 10.0]","(5.0, 10.0]","(60.0, inf]"
2461,2020-02-25 13:09:04,2461,33269.04,,22442,3472,0,client,finished,1,prediction,19841.0,1847.0,,4208,CI.4.13,finished,finished,DA.4.39,862,TECNO MOBILE LIMITED TECNO B1f,0,0,0.0,2020-02-25,13:09:04,Tuesday,2,2,2020,False,Missing,NO OVERCHARGE,13,22.442,19.841,57.86666666666667,30.783333333333335,332.6904,,,,lõuna,23.269354838709678,False,27.083333333333332,2.600999999999999,2–150 km/h,Tuesday,TECNO,CI.4,DA.4,TECNO,"(20.0, 30.0]","(30.0, 60.0]","(20.0, 30.0]","(20.0, inf]","(30.0, 60.0]"
2462,2020-02-25 12:40:06,2462,12843.24,,9111,1715,1,client,finished,1,prediction,8960.0,1551.0,,4244,CA.5.04,finished,finished,DA.4.41,1258,Samsung SM-G920F,0,1,0.0,2020-02-25,12:40:06,Tuesday,2,2,2020,False,Missing,NO OVERCHARGE,12,9.111,8.96,28.583333333333332,25.85,128.4324,,,,hommik,19.12513119533528,False,2.7333333333333307,0.1509999999999998,2–150 km/h,Tuesday,SAMSUNG,CA.5,DA.4,Samsung,"(0.0, 5.0]","(20.0, 30.0]","(5.0, 10.0]","(5.0, 10.0]","(20.0, 30.0]"
2463,2020-02-25 12:48:24,2463,6000.0,,0,2,1,client,finished,1,prediction,5834.0,1184.0,,4206,CI.4.19,finished,finished,DA.4.41,1816,INFINIX MOBILITY LIMITED Infinix X624B,0,0,0.0,2020-02-25,12:48:24,Tuesday,2,2,2020,True,Missing,NO OVERCHARGE,12,0.0,5.834,0.03333333333333333,19.733333333333334,60.0,,,,hommik,0.0,False,-19.7,-5.834,<2 km/h,Tuesday,INFINIX,CI.4,DA.4,Infinix,,"(0.0, 5.0]",,,"(0.0, 5.0]"
2467,2020-02-25 13:17:24,2467,14639.76,,12851,859,1,client,finished,1,prediction,16147.0,1354.0,,4210,CA.5.44,finished,finished,DA.4.39,2099,HMD Global Nokia 2.2,0,0,0.0,2020-02-25,13:17:24,Tuesday,2,2,2020,False,Missing,NO OVERCHARGE,13,12.851,16.147,14.316666666666666,22.566666666666666,146.3976,,,,lõuna,53.85750873108265,False,-8.25,-3.2959999999999976,2–150 km/h,Tuesday,NOKIA,CA.5,DA.4,Other,"(-10.0, -5.0]","(10.0, 20.0]","(10.0, 20.0]","(10.0, 15.0]","(10.0, 15.0]"
2469,2020-02-25 14:47:11,2469,20824.74,,11804,4748,0,client,finished,1,prediction,11804.0,2358.0,,4292,CA.5.45,finished,finished,DA.4.41,1088,INFINIX MOBILITY LIMITED Infinix X624B,0,0,0.0,2020-02-25,14:47:11,Tuesday,2,2,2020,False,Missing,NO OVERCHARGE,14,11.804,11.804,79.13333333333334,39.3,208.24740000000003,,,,lõuna,8.949957877000843,False,39.83333333333334,0.0,2–150 km/h,Tuesday,INFINIX,CA.5,DA.4,Infinix,"(30.0, 60.0]","(60.0, inf]","(10.0, 20.0]","(10.0, 15.0]","(60.0, inf]"
2470,2020-02-25 15:07:11,2470,21467.76,,9071,6439,0,client,finished,2,prediction,49228.0,4864.0,client_destination_changed,4363,CA.5.44,finished,finished,DA.4.34,848,TECNO CX Air,0,1,0.0,2020-02-25,15:07:11,Tuesday,2,2,2020,False,Missing,NO OVERCHARGE,15,9.071,49.228,107.31666666666666,81.06666666666666,214.67759999999998,,,,lõuna,5.0715328467153284,False,26.25,-40.157000000000004,2–150 km/h,Tuesday,TECNO,CA.5,DA.4,TECNO,"(20.0, 30.0]","(60.0, inf]","(5.0, 10.0]","(5.0, 10.0]","(60.0, inf]"
2472,2020-02-25 16:49:14,2472,49007.26,,22385,12100,1,client,finished,1,prediction,17194.0,3138.0,,4234,CA.5.42,finished,finished,DA.4.31,760,TECNO PHANTOM5,0,1,0.0,2020-02-25,16:49:14,Tuesday,2,2,2020,False,Missing,NO OVERCHARGE,16,22.385,17.194,201.66666666666666,52.3,490.0726,,,,lõuna,6.66,False,149.36666666666667,5.1910000000000025,2–150 km/h,Tuesday,TECNO,CA.5,DA.4,TECNO,"(60.0, inf]","(60.0, inf]","(20.0, 30.0]","(20.0, inf]","(60.0, inf]"
2474,2020-02-25 15:31:28,2474,23689.1,,41844,3023,0,client,finished,1,prediction,41844.0,2992.0,,4231,CA.5.44,finished,finished,DA.4.39,1017,TECNO F3,0,0,0.0,2020-02-25,15:31:28,Tuesday,2,2,2020,False,Missing,NO OVERCHARGE,15,41.844,41.844,50.38333333333333,49.86666666666667,236.891,,,,lõuna,49.83076414158121,False,0.5166666666666657,0.0,2–150 km/h,Tuesday,TECNO,CA.5,DA.4,TECNO,"(0.0, 5.0]","(30.0, 60.0]","(30.0, 50.0]","(20.0, inf]","(30.0, 60.0]"
2476,2020-02-25 14:38:14,2476,6000.0,,1108,566,1,client,finished,1,prediction,7984.0,1547.0,,4219,CI.4.19,finished,finished,DA.4.37,1692,INFINIX MOBILITY LIMITED Infinix X608,0,0,0.0,2020-02-25,14:38:14,Tuesday,2,2,2020,False,Missing,NO OVERCHARGE,14,1.108,7.984,9.433333333333334,25.783333333333335,60.0,,,,lõuna,7.047349823321555,False,-16.35,-6.8759999999999994,2–150 km/h,Tuesday,INFINIX,CI.4,DA.4,Infinix,,"(5.0, 10.0]","(0.0, 2.0]","(0.0, 2.0]","(5.0, 10.0]"
2480,2020-02-25 15:49:05,2480,11600.04,,6129,2500,1,client,finished,1,prediction,6039.0,1314.0,,4662,CA.4.65,finished,finished,DA.4.39,2149,HMD Global Nokia 2.2,0,1,0.0,2020-02-25,15:49:05,Tuesday,2,2,2020,False,Missing,NO OVERCHARGE,15,6.129,6.039,41.666666666666664,21.9,116.00040000000001,,,,lõuna,8.82576,False,19.766666666666666,0.08999999999999986,2–150 km/h,Tuesday,NOKIA,CA.4,DA.4,Other,"(10.0, 20.0]","(30.0, 60.0]","(5.0, 10.0]","(5.0, 10.0]","(30.0, 60.0]"
2486,2020-02-25 17:48:47,2486,19905.78,,9387,5430,1,client,finished,1,prediction,10484.0,2326.0,,4457,CA.5.44,finished,finished,DA.4.37,1233,HMD Global Nokia 2.2,0,0,0.0,2020-02-25,17:48:47,Tuesday,2,2,2020,False,Missing,NO OVERCHARGE,17,9.387,10.484,90.5,38.766666666666666,199.0578,,,,lõuna,6.223425414364641,False,51.733333333333334,-1.0969999999999995,2–150 km/h,Tuesday,NOKIA,CA.5,DA.4,Other,"(30.0, 60.0]","(60.0, inf]","(5.0, 10.0]","(5.0, 10.0]","(60.0, inf]"
2492,2020-02-25 17:13:34,2492,4030.9,,5792,1063,0,client,finished,1,prediction,5792.0,947.0,,4237,CI.4.14,finished,finished,DA.4.39,419,TECNO MOBILE LIMITED TECNO B1,0,1,0.0,2020-02-25,17:13:34,Tuesday,2,2,2020,False,Missing,NO OVERCHARGE,17,5.792,5.792,17.716666666666665,15.783333333333333,40.309,,,,lõuna,19.615428033866415,False,1.9333333333333318,0.0,2–150 km/h,Tuesday,TECNO,CI.4,DA.4,TECNO,"(0.0, 5.0]","(10.0, 20.0]","(5.0, 10.0]","(5.0, 10.0]","(15.0, 20.0]"
2496,2020-02-25 18:15:17,2497,4952.1,,4301,1900,0,client,finished,1,prediction,6747.0,1369.0,,4248,CA.5.44,finished,finished,DA.4.39,419,TECNO MOBILE LIMITED TECNO B1,0,0,0.0,2020-02-25,18:15:17,Tuesday,2,2,2020,False,Missing,NO OVERCHARGE,18,4.301,6.747,31.666666666666668,22.816666666666666,49.521,,,,lõuna,8.149263157894739,False,8.850000000000001,-2.4459999999999997,2–150 km/h,Tuesday,TECNO,CA.5,DA.4,TECNO,"(5.0, 10.0]","(30.0, 60.0]","(2.0, 5.0]","(2.0, 5.0]","(30.0, 60.0]"
2499,2020-02-25 19:24:40,2499,17199.78,,12253,2550,1,client,finished,1,prediction,11433.0,1911.0,,4253,CI.4.17,finished,finished,DA.4.39,931,TECNO F3,0,0,0.0,2020-02-25,19:24:40,Tuesday,2,2,2020,False,Missing,NO OVERCHARGE,19,12.253,11.433,42.5,31.85,171.99779999999998,,,,õhtu,17.29835294117647,False,10.649999999999999,0.8200000000000003,2–150 km/h,Tuesday,TECNO,CI.4,DA.4,TECNO,"(10.0, 20.0]","(30.0, 60.0]","(10.0, 20.0]","(10.0, 15.0]","(30.0, 60.0]"
2500,2020-02-25 20:14:37,2500,14208.48,,9918,2062,1,client,finished,1,prediction,9543.0,1388.0,,4282,CA.5.38,finished,finished,DA.4.34,848,TECNO CX Air,0,0,0.0,2020-02-25,20:14:37,Tuesday,2,2,2020,False,Missing,NO OVERCHARGE,20,9.918,9.543,34.36666666666667,23.133333333333333,142.0848,,,,õhtu,17.315615906886517,False,11.233333333333334,0.375,2–150 km/h,Tuesday,TECNO,CA.5,DA.4,TECNO,"(10.0, 20.0]","(30.0, 60.0]","(5.0, 10.0]","(5.0, 10.0]","(30.0, 60.0]"
2503,2020-02-25 20:26:01,2503,10634.28,,6551,1767,0,client,finished,1,prediction,8379.0,1098.0,,4353,CA.5.32,finished,finished,DA.4.41,1700,Itel itel A12,0,0,0.0,2020-02-25,20:26:01,Tuesday,2,2,2020,False,Missing,NO OVERCHARGE,20,6.551,8.379,29.45,18.3,106.34280000000001,,,,õhtu,13.346689303904924,False,11.149999999999999,-1.8279999999999994,2–150 km/h,Tuesday,ITEL,CA.5,DA.4,Itel,"(10.0, 20.0]","(20.0, 30.0]","(5.0, 10.0]","(5.0, 10.0]","(20.0, 30.0]"
2509,2020-02-25 22:09:00,2509,6000.0,,3566,466,0,client,finished,1,prediction,3566.0,421.0,,4322,CA.5.36,finished,finished,DA.4.34,1316,Infinix HOT 4 Lite,0,0,0.0,2020-02-25,22:09:00,Tuesday,2,2,2020,False,Missing,NO OVERCHARGE,22,3.566,3.566,7.766666666666667,7.016666666666667,60.0,,,,õhtu,27.548497854077254,False,0.75,0.0,2–150 km/h,Tuesday,INFINIX,CA.5,DA.4,Infinix,"(0.0, 5.0]","(5.0, 10.0]","(2.0, 5.0]","(2.0, 5.0]","(5.0, 10.0]"
2510,2020-02-25 22:34:17,2510,30962.26,,23263,1498,0,client,finished,1,prediction,9613.0,1212.0,,4267,CA.5.44,finished,finished,DA.4.12,18,Samsung SM-G6100,0,0,0.0,2020-02-25,22:34:17,Tuesday,2,2,2020,False,Missing,NO OVERCHARGE,22,23.263,9.613,24.966666666666665,20.2,309.6226,,,,õhtu,55.905740987983975,False,4.766666666666666,13.650000000000002,2–150 km/h,Tuesday,SAMSUNG,CA.5,DA.4,Samsung,"(0.0, 5.0]","(20.0, 30.0]","(20.0, 30.0]","(20.0, inf]","(20.0, 30.0]"
2514,2020-02-26 01:22:50,2514,6000.0,,4035,450,1,client,finished,1,prediction,14254.0,1430.0,,4270,CA.5.44,finished,finished,DA.4.39,2099,HMD Global Nokia 2.2,0,0,0.0,2020-02-26,01:22:50,Wednesday,3,2,2020,False,Missing,NO OVERCHARGE,1,4.035,14.254,7.5,23.833333333333332,60.0,,,,öö,32.28,False,-16.333333333333332,-10.219,2–150 km/h,Wednesday,NOKIA,CA.5,DA.4,Other,,"(5.0, 10.0]","(2.0, 5.0]","(2.0, 5.0]","(5.0, 10.0]"
2516,2020-02-26 03:58:31,2516,14661.24,,10142,2201,1,client,finished,1,prediction,4794.0,692.0,,4275,CA.5.26,finished,finished,DA.4.37,1435,TECNO MOBILE LIMITED TECNO F3,0,0,0.0,2020-02-26,03:58:31,Wednesday,3,2,2020,False,Missing,NO OVERCHARGE,3,10.142,4.794,36.68333333333333,11.533333333333333,146.6124,,,,öö,16.58845979100409,False,25.15,5.348,2–150 km/h,Wednesday,TECNO,CA.5,DA.4,TECNO,"(20.0, 30.0]","(30.0, 60.0]","(10.0, 20.0]","(10.0, 15.0]","(30.0, 60.0]"
2517,2020-02-26 05:11:23,2517,13372.02,,7070,3005,1,client,finished,1,prediction,6692.0,1187.0,,4279,CA.5.44,finished,finished,DA.4.41,491,TECNO MOBILE LIMITED TECNO LC6,0,0,0.0,2020-02-26,05:11:23,Wednesday,3,2,2020,False,Missing,NO OVERCHARGE,5,7.07,6.692,50.083333333333336,19.783333333333335,133.7202,,,,öö,8.469883527454243,False,30.3,0.3780000000000001,2–150 km/h,Wednesday,TECNO,CA.5,DA.4,TECNO,"(30.0, 60.0]","(30.0, 60.0]","(5.0, 10.0]","(5.0, 10.0]","(30.0, 60.0]"
2518,2020-02-26 05:04:36,2518,14121.72,,9524,2211,0,client,finished,1,prediction,9524.0,1505.0,,4285,CA.5.25,finished,finished,DA.4.39,415,HUAWEI LDN-L01,0,0,0.0,2020-02-26,05:04:36,Wednesday,3,2,2020,False,Missing,NO OVERCHARGE,5,9.524,9.524,36.85,25.083333333333332,141.2172,,,,öö,15.507191316146542,False,11.76666666666667,0.0,2–150 km/h,Wednesday,HUAWEI,CA.5,DA.4,Huawei,"(10.0, 20.0]","(30.0, 60.0]","(5.0, 10.0]","(5.0, 10.0]","(30.0, 60.0]"
2519,2020-02-26 04:49:33,2519,2000.0,,209,46,1,client,finished,1,prediction,4004.0,776.0,,4278,CA.5.42,finished,finished,DA.4.39,1691,Itel W6002,0,0,0.0,2020-02-26,04:49:33,Wednesday,3,2,2020,False,Missing,NO OVERCHARGE,4,0.209,4.004,0.7666666666666667,12.933333333333334,20.0,,,,öö,16.356521739130436,False,-12.166666666666666,-3.7949999999999995,2–150 km/h,Wednesday,ITEL,CA.5,DA.4,Itel,,"(0.0, 5.0]","(0.0, 2.0]","(0.0, 2.0]","(0.0, 5.0]"
2520,2020-02-26 05:15:03,2520,2000.0,,2049,437,1,client,finished,1,prediction,2323.0,441.0,,4281,CA.5.08,finished,finished,DA.4.39,1834,Samsung SM-G903F,0,0,0.0,2020-02-26,05:15:03,Wednesday,3,2,2020,False,Missing,NO OVERCHARGE,5,2.049,2.323,7.283333333333333,7.35,20.0,,,,öö,16.87963386727689,False,-0.06666666666666643,-0.274,2–150 km/h,Wednesday,SAMSUNG,CA.5,DA.4,Samsung,"(-5.0, 0.0]","(5.0, 10.0]","(2.0, 5.0]","(2.0, 5.0]","(5.0, 10.0]"
2522,2020-02-26 06:14:10,2522,6000.0,,3610,547,0,client,finished,1,prediction,3610.0,781.0,,4284,CA.5.44,finished,finished,DA.4.41,1490,INFINIX MOBILITY LIMITED Infinix X624B,0,0,0.0,2020-02-26,06:14:10,Wednesday,3,2,2020,False,Missing,NO OVERCHARGE,6,3.61,3.61,9.116666666666667,13.016666666666667,60.0,,,,öö,23.758683729433276,False,-3.9000000000000004,0.0,2–150 km/h,Wednesday,INFINIX,CA.5,DA.4,Infinix,"(-5.0, 0.0]","(5.0, 10.0]","(2.0, 5.0]","(2.0, 5.0]","(5.0, 10.0]"
2527,2020-02-26 08:06:51,2527,12029.52,,6881,2366,0,client,finished,1,prediction,11244.0,1792.0,,4309,CI.4.11,finished,finished,DA.4.39,1740,TECNO MOBILE LIMITED TECNO B1p,0,0,0.0,2020-02-26,08:06:51,Wednesday,3,2,2020,False,Missing,NO OVERCHARGE,8,6.881,11.244,39.43333333333333,29.866666666666667,120.29520000000001,,,,hommik,10.469822485207102,False,9.566666666666663,-4.3629999999999995,2–150 km/h,Wednesday,TECNO,CI.4,DA.4,TECNO,"(5.0, 10.0]","(30.0, 60.0]","(5.0, 10.0]","(5.0, 10.0]","(30.0, 60.0]"
2531,2020-02-26 08:13:57,2531,5865.0,,9341,1134,1,client,finished,1,prediction,9730.0,1334.0,,4299,CA.5.44,finished,finished,DA.4.41,2073,TECNO F3,0,1,0.0,2020-02-26,08:13:57,Wednesday,3,2,2020,False,Missing,NO OVERCHARGE,8,9.341,9.73,18.9,22.233333333333334,58.65,,,,hommik,29.65396825396826,False,-3.3333333333333357,-0.3890000000000011,2–150 km/h,Wednesday,TECNO,CA.5,DA.4,TECNO,"(-5.0, 0.0]","(10.0, 20.0]","(5.0, 10.0]","(5.0, 10.0]","(15.0, 20.0]"
2536,2020-02-26 10:30:14,2536,27352.8,,7800,4732,0,client,finished,1,prediction,10224.0,1176.0,,4313,CI.4.19,finished,finished,DA.4.39,1739,TECNO MOBILE LIMITED TECNO CF7,0,0,0.0,2020-02-26,10:30:14,Wednesday,3,2,2020,False,Missing,NO OVERCHARGE,10,7.8,10.224,78.86666666666666,19.6,273.528,,,,hommik,5.934065934065934,False,59.26666666666666,-2.4240000000000004,2–150 km/h,Wednesday,TECNO,CI.4,DA.4,TECNO,"(30.0, 60.0]","(60.0, inf]","(5.0, 10.0]","(5.0, 10.0]","(60.0, inf]"
2540,2020-02-26 10:32:06,2540,33381.46,,25963,461,0,client,finished,1,prediction,6385.0,1138.0,,4329,CI.4.19,finished,finished,DA.4.14,335,HMD Global Nokia 1,0,1,0.0,2020-02-26,10:32:06,Wednesday,3,2,2020,False,Missing,NO OVERCHARGE,10,25.963,6.385,7.683333333333334,18.966666666666665,333.8146,,,,hommik,202.74793926247287,True,-11.283333333333331,19.578000000000003,≥150 km/h,Wednesday,NOKIA,CI.4,DA.4,Other,,"(5.0, 10.0]","(20.0, 30.0]","(20.0, inf]","(5.0, 10.0]"
2541,2020-02-26 10:58:32,2541,2087.4,,2765,543,1,client,finished,1,prediction,2443.0,568.0,,4312,CI.4.18,finished,finished,DA.4.41,475,Itel S12,0,0,0.0,2020-02-26,10:58:32,Wednesday,3,2,2020,False,Missing,NO OVERCHARGE,10,2.765,2.443,9.05,9.466666666666667,20.874000000000002,,,,hommik,18.331491712707184,False,-0.4166666666666661,0.32200000000000006,2–150 km/h,Wednesday,ITEL,CI.4,DA.4,Itel,"(-5.0, 0.0]","(5.0, 10.0]","(2.0, 5.0]","(2.0, 5.0]","(5.0, 10.0]"
2544,2020-02-26 11:57:38,2544,35631.52,,23413,3914,1,client,finished,1,prediction,17746.0,2128.0,,4318,CA.5.40,finished,finished,DA.4.31,1438,TECNO L8 Lite,0,0,0.0,2020-02-26,11:57:38,Wednesday,3,2,2020,False,Missing,NO OVERCHARGE,11,23.413,17.746,65.23333333333333,35.46666666666667,356.31519999999995,,,,hommik,21.534695963208993,False,29.766666666666666,5.667000000000002,2–150 km/h,Wednesday,TECNO,CA.5,DA.4,TECNO,"(20.0, 30.0]","(60.0, inf]","(20.0, 30.0]","(20.0, inf]","(60.0, inf]"
2545,2020-02-26 11:30:45,2545,8742.0,,5806,1098,1,client,finished,1,prediction,5964.0,979.0,,4316,CA.5.43,finished,finished,DA.4.37,1776,Infinix X572,0,0,0.0,2020-02-26,11:30:45,Wednesday,3,2,2020,False,Missing,NO OVERCHARGE,11,5.806,5.964,18.3,16.316666666666666,87.42,,,,hommik,19.036065573770493,False,1.9833333333333343,-0.15800000000000036,2–150 km/h,Wednesday,INFINIX,CA.5,DA.4,Infinix,"(0.0, 5.0]","(10.0, 20.0]","(5.0, 10.0]","(5.0, 10.0]","(15.0, 20.0]"
2547,2020-02-26 12:17:55,2547,12385.98,,7837,2089,1,client,finished,1,prediction,6835.0,1020.0,,4357,CA.5.40,finished,finished,DA.4.34,470,Infinix HOT 4 Lite,0,0,0.0,2020-02-26,12:17:55,Wednesday,3,2,2020,False,Missing,NO OVERCHARGE,12,7.837,6.835,34.81666666666667,17.0,123.85979999999999,,,,hommik,13.505600765916705,False,17.81666666666667,1.0019999999999998,2–150 km/h,Wednesday,INFINIX,CA.5,DA.4,Infinix,"(10.0, 20.0]","(30.0, 60.0]","(5.0, 10.0]","(5.0, 10.0]","(30.0, 60.0]"
2548,2020-02-26 13:03:08,2548,79705.5,,50790,4059,1,client,finished,1,prediction,22613.0,3275.0,,4379,CA.5.44,finished,finished,DI.3.34,189,"iPhone7,2",0,1,0.0,2020-02-26,13:03:08,Wednesday,3,2,2020,False,Missing,NO OVERCHARGE,13,50.79,22.613,67.65,54.583333333333336,797.055,,,,lõuna,45.04656319290466,False,13.06666666666667,28.177,2–150 km/h,Wednesday,APPLE,CA.5,DI.3,Apple,"(10.0, 20.0]","(60.0, inf]","(50.0, 100.0]","(20.0, inf]","(60.0, inf]"
2549,2020-02-26 13:17:51,2549,6000.0,,2457,426,1,client,finished,1,prediction,3206.0,504.0,,4326,CI.4.19,finished,finished,DA.4.39,1011,Samsung SM-N9100,0,1,0.0,2020-02-26,13:17:51,Wednesday,3,2,2020,False,Missing,NO OVERCHARGE,13,2.457,3.206,7.1,8.4,60.0,,,,lõuna,20.763380281690143,False,-1.3000000000000007,-0.7490000000000001,2–150 km/h,Wednesday,SAMSUNG,CI.4,DA.4,Samsung,"(-5.0, 0.0]","(5.0, 10.0]","(2.0, 5.0]","(2.0, 5.0]","(5.0, 10.0]"
2550,2020-02-26 13:32:50,2550,6000.0,,0,146,1,client,finished,1,prediction,11633.0,1907.0,,4328,CA.5.08,finished,finished,DA.4.39,905,Samsung SM-J250F,0,0,0.0,2020-02-26,13:32:50,Wednesday,3,2,2020,True,Missing,NO OVERCHARGE,13,0.0,11.633,2.433333333333333,31.783333333333335,60.0,,,,lõuna,0.0,False,-29.35,-11.633,<2 km/h,Wednesday,SAMSUNG,CA.5,DA.4,Samsung,,"(0.0, 5.0]",,,"(0.0, 5.0]"
2554,2020-02-26 14:44:46,2554,11886.96,,7982,1748,1,client,finished,1,prediction,8039.0,1257.0,,4338,CA.5.44,finished,finished,DA.4.39,1986,HUAWEI TRT-L21A,0,0,0.0,2020-02-26,14:44:46,Wednesday,3,2,2020,False,Missing,NO OVERCHARGE,14,7.982,8.039,29.133333333333333,20.95,118.86959999999999,,,,lõuna,16.438901601830665,False,8.183333333333334,-0.056999999999999496,2–150 km/h,Wednesday,HUAWEI,CA.5,DA.4,Huawei,"(5.0, 10.0]","(20.0, 30.0]","(5.0, 10.0]","(5.0, 10.0]","(20.0, 30.0]"
2555,2020-02-26 16:16:36,2555,18378.78,,12461,3090,1,client,finished,1,prediction,11319.0,1827.0,,4343,CA.5.44,finished,finished,DA.4.31,258,Samsung SM-A260F,0,0,0.0,2020-02-26,16:16:36,Wednesday,3,2,2020,False,Missing,NO OVERCHARGE,16,12.461,11.319,51.5,30.45,183.78779999999998,,,,lõuna,14.51766990291262,False,21.05,1.1419999999999995,2–150 km/h,Wednesday,SAMSUNG,CA.5,DA.4,Samsung,"(20.0, 30.0]","(30.0, 60.0]","(10.0, 20.0]","(10.0, 15.0]","(30.0, 60.0]"
2556,2020-02-26 15:31:49,2556,7570.7,,10164,2689,0,client,finished,1,prediction,11300.0,2052.0,,4340,CI.4.19,finished,finished,DA.4.39,1267,TECNO MOBILE LIMITED TECNO B1p,0,0,0.0,2020-02-26,15:31:49,Wednesday,3,2,2020,False,Missing,NO OVERCHARGE,15,10.164,11.3,44.81666666666667,34.2,75.707,,,,lõuna,13.607437709185572,False,10.616666666666667,-1.136000000000001,2–150 km/h,Wednesday,TECNO,CI.4,DA.4,TECNO,"(10.0, 20.0]","(30.0, 60.0]","(10.0, 20.0]","(10.0, 15.0]","(30.0, 60.0]"
2557,2020-02-26 16:07:57,2557,21423.78,,13126,4422,0,client,finished,1,prediction,13126.0,2142.0,,4345,CA.5.44,finished,finished,DA.4.39,2149,HMD Global Nokia 2.2,0,0,0.0,2020-02-26,16:07:57,Wednesday,3,2,2020,False,Missing,NO OVERCHARGE,16,13.126,13.126,73.7,35.7,214.2378,,,,lõuna,10.686024423337857,False,38.0,0.0,2–150 km/h,Wednesday,NOKIA,CA.5,DA.4,Other,"(30.0, 60.0]","(60.0, inf]","(10.0, 20.0]","(10.0, 15.0]","(60.0, inf]"
2558,2020-02-26 15:56:29,2558,6000.0,,56,10,1,client,finished,1,prediction,8207.0,1617.0,,4341,CI.4.18,finished,finished,DA.4.39,859,Samsung SM-G928F,0,0,30.0,2020-02-26,15:56:29,Wednesday,3,2,2020,False,Positive,NO OVERCHARGE,15,0.056,8.207,0.16666666666666666,26.95,60.0,,,,lõuna,20.16,False,-26.78333333333333,-8.151000000000002,2–150 km/h,Wednesday,SAMSUNG,CI.4,DA.4,Samsung,,"(0.0, 5.0]","(0.0, 2.0]","(0.0, 2.0]","(0.0, 5.0]"
2559,2020-02-26 16:21:02,2559,5626.8,,8227,1514,1,client,finished,1,prediction,7621.0,1358.0,,4346,CA.5.43,finished,finished,DA.4.41,475,Itel S12,0,0,0.0,2020-02-26,16:21:02,Wednesday,3,2,2020,False,Missing,NO OVERCHARGE,16,8.227,7.621,25.233333333333334,22.633333333333333,56.268,,,,lõuna,19.56221928665786,False,2.6000000000000014,0.6059999999999999,2–150 km/h,Wednesday,ITEL,CA.5,DA.4,Itel,"(0.0, 5.0]","(20.0, 30.0]","(5.0, 10.0]","(5.0, 10.0]","(20.0, 30.0]"
2567,2020-02-26 17:03:25,2567,6000.0,,346,133,1,client,finished,1,prediction,2667.0,576.0,,4349,CA.5.44,finished,finished,DA.4.34,1525,TECNO MOBILE LIMITED TECNO CA7,0,0,0.0,2020-02-26,17:03:25,Wednesday,3,2,2020,False,Missing,NO OVERCHARGE,17,0.346,2.667,2.216666666666667,9.6,60.0,,,,lõuna,9.365413533834587,False,-7.383333333333333,-2.3209999999999997,2–150 km/h,Wednesday,TECNO,CA.5,DA.4,TECNO,"(-10.0, -5.0]","(0.0, 5.0]","(0.0, 2.0]","(0.0, 2.0]","(0.0, 5.0]"
2571,2020-02-26 20:05:16,2571,13325.52,,9417,1826,0,client,finished,1,prediction,9417.0,1426.0,,4359,CA.5.42,finished,finished,DA.4.39,1359,Samsung SM-G935F,0,0,0.0,2020-02-26,20:05:16,Wednesday,3,2,2020,False,Missing,NO OVERCHARGE,20,9.417,9.417,30.433333333333334,23.766666666666666,133.2552,,,,õhtu,18.5658269441402,False,6.666666666666668,0.0,2–150 km/h,Wednesday,SAMSUNG,CA.5,DA.4,Samsung,"(5.0, 10.0]","(30.0, 60.0]","(5.0, 10.0]","(5.0, 10.0]","(30.0, 60.0]"
2574,2020-02-26 20:14:07,2574,6000.0,,2525,423,1,client,finished,1,prediction,9814.0,1553.0,,4362,CI.4.19,finished,finished,DA.4.41,1092,TECNO F3,0,0,0.0,2020-02-26,20:14:07,Wednesday,3,2,2020,False,Missing,NO OVERCHARGE,20,2.525,9.814,7.05,25.883333333333333,60.0,,,,õhtu,21.48936170212766,False,-18.833333333333332,-7.289,2–150 km/h,Wednesday,TECNO,CI.4,DA.4,TECNO,,"(5.0, 10.0]","(2.0, 5.0]","(2.0, 5.0]","(5.0, 10.0]"
2580,2020-02-26 21:40:18,2580,6000.0,,3469,643,1,client,finished,1,prediction,3279.0,428.0,,4367,CI.4.19,finished,finished,DA.4.41,1001,HUAWEI LLD-L31,0,0,0.0,2020-02-26,21:40:18,Wednesday,3,2,2020,False,Missing,NO OVERCHARGE,21,3.469,3.279,10.716666666666667,7.133333333333334,60.0,,,,õhtu,19.42208398133748,False,3.583333333333333,0.18999999999999995,2–150 km/h,Wednesday,HUAWEI,CI.4,DA.4,Huawei,"(0.0, 5.0]","(10.0, 20.0]","(2.0, 5.0]","(2.0, 5.0]","(10.0, 15.0]"
2581,2020-02-26 22:14:52,2581,22193.04,,17252,1960,1,client,finished,1,prediction,15589.0,1626.0,,4368,CA.5.44,finished,finished,DA.4.39,459,Welcome A70,0,0,0.0,2020-02-26,22:14:52,Wednesday,3,2,2020,False,Missing,NO OVERCHARGE,22,17.252,15.589,32.666666666666664,27.1,221.93040000000002,,,,õhtu,31.68734693877551,False,5.566666666666663,1.6629999999999985,2–150 km/h,Wednesday,Other,CA.5,DA.4,Other,"(5.0, 10.0]","(30.0, 60.0]","(10.0, 20.0]","(15.0, 20.0]","(30.0, 60.0]"
2587,2020-02-27 00:31:45,2587,18199.6,,9202,1524,0,client,finished,1,prediction,9202.0,1076.0,,4374,CA.5.44,finished,finished,DA.4.39,1962,Samsung SM-G570F,0,0,0.0,2020-02-27,00:31:45,Thursday,4,2,2020,False,Missing,NO OVERCHARGE,0,9.202,9.202,25.4,17.933333333333334,181.99599999999998,,,,öö,21.73700787401575,False,7.466666666666665,0.0,2–150 km/h,Thursday,SAMSUNG,CA.5,DA.4,Samsung,"(5.0, 10.0]","(20.0, 30.0]","(5.0, 10.0]","(5.0, 10.0]","(20.0, 30.0]"
2588,2020-02-27 01:06:58,2588,8339.46,,4244,1649,0,client,finished,1,prediction,4244.0,719.0,,4375,CA.5.42,finished,finished,DA.4.37,1147,TECNO MOBILE LIMITED TECNO B1p,0,0,0.0,2020-02-27,01:06:58,Thursday,4,2,2020,False,Missing,NO OVERCHARGE,1,4.244,4.244,27.483333333333334,11.983333333333333,83.3946,,,,öö,9.265251667677381,False,15.500000000000002,0.0,2–150 km/h,Thursday,TECNO,CA.5,DA.4,TECNO,"(10.0, 20.0]","(20.0, 30.0]","(2.0, 5.0]","(2.0, 5.0]","(20.0, 30.0]"
2589,2020-02-27 01:50:16,2589,32326.98,,24235,1387,0,client,finished,1,prediction,8142.0,1124.0,,4376,CA.5.36,finished,finished,DA.4.12,18,Samsung SM-G6100,0,1,0.0,2020-02-27,01:50:16,Thursday,4,2,2020,False,Missing,NO OVERCHARGE,1,24.235,8.142,23.116666666666667,18.733333333333334,323.2698,,,,öö,62.90266762797404,False,4.383333333333333,16.093,2–150 km/h,Thursday,SAMSUNG,CA.5,DA.4,Samsung,"(0.0, 5.0]","(20.0, 30.0]","(20.0, 30.0]","(20.0, inf]","(20.0, 30.0]"
2592,2020-02-27 04:01:21,2592,6000.0,,56,518,1,client,finished,1,prediction,1101.0,171.0,,4380,CI.4.18,finished,finished,DA.4.39,313,HUAWEI BLN-L21,0,0,0.0,2020-02-27,04:01:21,Thursday,4,2,2020,False,Missing,NO OVERCHARGE,4,0.056,1.101,8.633333333333333,2.85,60.0,,,,öö,0.3891891891891892,False,5.783333333333333,-1.045,<2 km/h,Thursday,HUAWEI,CI.4,DA.4,Huawei,"(5.0, 10.0]","(5.0, 10.0]","(0.0, 2.0]","(0.0, 2.0]","(5.0, 10.0]"
2593,2020-02-27 05:19:57,2593,17322.0,,9877,3780,1,client,finished,1,prediction,39417.0,2672.0,,4381,CA.5.13,finished,finished,DA.4.37,909,TECNO MOBILE LIMITED TECNO CA7,0,0,0.0,2020-02-27,05:19:57,Thursday,4,2,2020,False,Missing,NO OVERCHARGE,5,9.877,39.417,63.0,44.53333333333333,173.22,,,,öö,9.406666666666668,False,18.46666666666667,-29.54,2–150 km/h,Thursday,TECNO,CA.5,DA.4,TECNO,"(10.0, 20.0]","(60.0, inf]","(5.0, 10.0]","(5.0, 10.0]","(60.0, inf]"
2601,2020-02-27 07:31:07,2601,9613.26,,6877,1048,1,client,finished,1,prediction,6529.0,954.0,,4385,CA.5.44,finished,finished,DA.4.39,1011,Samsung SM-N9100,0,0,0.0,2020-02-27,07:31:07,Thursday,4,2,2020,False,Missing,NO OVERCHARGE,7,6.877,6.529,17.466666666666665,15.9,96.1326,,,,hommik,23.623282442748092,False,1.5666666666666647,0.34799999999999986,2–150 km/h,Thursday,SAMSUNG,CA.5,DA.4,Samsung,"(0.0, 5.0]","(10.0, 20.0]","(5.0, 10.0]","(5.0, 10.0]","(15.0, 20.0]"
2605,2020-02-27 08:38:32,2605,2289.2,,3023,635,1,client,finished,1,prediction,3006.0,525.0,,4391,CA.5.45,finished,finished,DA.4.37,497,Itel S12,0,0,0.0,2020-02-27,08:38:32,Thursday,4,2,2020,False,Missing,NO OVERCHARGE,8,3.023,3.006,10.583333333333334,8.75,22.892,,,,hommik,17.138267716535434,False,1.833333333333334,0.017000000000000348,2–150 km/h,Thursday,ITEL,CA.5,DA.4,Itel,"(0.0, 5.0]","(10.0, 20.0]","(2.0, 5.0]","(2.0, 5.0]","(10.0, 15.0]"
2606,2020-02-27 09:11:37,2606,17378.28,,13641,1965,1,client,finished,1,prediction,4357.0,943.0,,4422,CA.5.23,finished,finished,DA.4.39,2091,OPPO A37m,0,0,0.0,2020-02-27,09:11:37,Thursday,4,2,2020,False,Missing,NO OVERCHARGE,9,13.641,4.357,32.75,15.716666666666667,173.78279999999998,,,,hommik,24.99114503816794,False,17.03333333333333,9.283999999999999,2–150 km/h,Thursday,OPPO,CA.5,DA.4,Oppo,"(10.0, 20.0]","(30.0, 60.0]","(10.0, 20.0]","(10.0, 15.0]","(30.0, 60.0]"
2610,2020-02-27 10:53:34,2610,6000.0,,1770,594,1,client,finished,1,prediction,1664.0,381.0,,4397,CI.4.19,finished,finished,DA.4.37,2121,TECNO MOBILE LIMITED TECNO KA7,0,0,0.0,2020-02-27,10:53:34,Thursday,4,2,2020,False,Missing,NO OVERCHARGE,10,1.77,1.664,9.9,6.35,60.0,,,,hommik,10.727272727272727,False,3.5500000000000007,0.1060000000000001,2–150 km/h,Thursday,TECNO,CI.4,DA.4,TECNO,"(0.0, 5.0]","(5.0, 10.0]","(0.0, 2.0]","(0.0, 2.0]","(5.0, 10.0]"
2611,2020-02-27 13:06:01,2611,35967.48,,18751,8164,0,client,finished,1,prediction,31373.0,2899.0,,4413,CI.4.13,finished,finished,DA.4.39,862,TECNO MOBILE LIMITED TECNO B1f,0,0,0.0,2020-02-27,13:06:01,Thursday,4,2,2020,False,Missing,NO OVERCHARGE,13,18.751,31.373,136.06666666666666,48.31666666666667,359.6748,,,,lõuna,8.268446839784419,False,87.75,-12.622,2–150 km/h,Thursday,TECNO,CI.4,DA.4,TECNO,"(60.0, inf]","(60.0, inf]","(10.0, 20.0]","(15.0, 20.0]","(60.0, inf]"
2621,2020-02-27 14:27:39,2621,6000.0,,1288,450,1,client,finished,1,prediction,13819.0,2249.0,,4423,CA.5.04,finished,finished,DA.4.34,606,Samsung SM-G935T,0,0,0.0,2020-02-27,14:27:39,Thursday,4,2,2020,False,Missing,NO OVERCHARGE,14,1.288,13.819,7.5,37.483333333333334,60.0,,,,lõuna,10.304,False,-29.983333333333334,-12.531,2–150 km/h,Thursday,SAMSUNG,CA.5,DA.4,Samsung,,"(5.0, 10.0]","(0.0, 2.0]","(0.0, 2.0]","(5.0, 10.0]"
2622,2020-02-27 13:16:10,2622,14271.54,,10616,1753,1,client,finished,1,prediction,10267.0,1517.0,,4420,CA.5.00,finished,finished,DA.4.39,1336,HUAWEI MT7-L09,0,0,0.0,2020-02-27,13:16:10,Thursday,4,2,2020,False,Missing,NO OVERCHARGE,13,10.616,10.267,29.216666666666665,25.283333333333335,142.71540000000002,,,,lõuna,21.80125499144324,False,3.93333333333333,0.3490000000000002,2–150 km/h,Thursday,HUAWEI,CA.5,DA.4,Huawei,"(0.0, 5.0]","(20.0, 30.0]","(10.0, 20.0]","(10.0, 15.0]","(20.0, 30.0]"
2623,2020-02-27 14:23:25,2623,18184.02,,11827,3293,0,client,finished,1,prediction,11827.0,2050.0,,4416,CA.5.45,finished,finished,DA.4.41,1866,INFINIX MOBILITY LIMITED Infinix X624B,0,0,0.0,2020-02-27,14:23:25,Thursday,4,2,2020,False,Missing,NO OVERCHARGE,14,11.827,11.827,54.88333333333333,34.166666666666664,181.8402,,,,lõuna,12.929608259945338,False,20.71666666666667,0.0,2–150 km/h,Thursday,INFINIX,CA.5,DA.4,Infinix,"(20.0, 30.0]","(30.0, 60.0]","(10.0, 20.0]","(10.0, 15.0]","(30.0, 60.0]"
2627,2020-02-27 14:35:15,2627,6000.0,,2706,414,1,client,finished,1,prediction,3111.0,463.0,,4418,CI.4.19,finished,finished,DA.4.39,577,Infinix HOT 4,0,0,0.0,2020-02-27,14:35:15,Thursday,4,2,2020,False,Missing,NO OVERCHARGE,14,2.706,3.111,6.9,7.716666666666667,60.0,,,,lõuna,23.530434782608694,False,-0.8166666666666664,-0.40500000000000025,2–150 km/h,Thursday,INFINIX,CI.4,DA.4,Infinix,"(-5.0, 0.0]","(5.0, 10.0]","(2.0, 5.0]","(2.0, 5.0]","(5.0, 10.0]"
2638,2020-02-27 17:19:48,2638,14988.2,,21048,5056,0,client,finished,2,prediction,10008.0,1711.0,client_destination_changed,4478,CA.5.13,finished,finished,DA.4.41,265,TECNO F3,0,1,0.0,2020-02-27,17:19:48,Thursday,4,2,2020,False,Missing,NO OVERCHARGE,17,21.048,10.008,84.26666666666667,28.516666666666666,149.882,,,,lõuna,14.986708860759494,False,55.75,11.04,2–150 km/h,Thursday,TECNO,CA.5,DA.4,TECNO,"(30.0, 60.0]","(60.0, inf]","(20.0, 30.0]","(20.0, inf]","(60.0, inf]"
2640,2020-02-27 16:20:27,2640,2000.0,,8,9,1,client,finished,1,prediction,4569.0,1129.0,,4432,CA.5.42,finished,finished,DA.4.41,1649,TECNO CA6,0,1,0.0,2020-02-27,16:20:27,Thursday,4,2,2020,False,Missing,NO OVERCHARGE,16,0.008,4.569,0.15,18.816666666666666,20.0,,,,lõuna,3.1999999999999997,False,-18.666666666666668,-4.561,2–150 km/h,Thursday,TECNO,CA.5,DA.4,TECNO,,"(0.0, 5.0]","(0.0, 2.0]","(0.0, 2.0]","(0.0, 5.0]"
2644,2020-02-27 17:57:07,2644,16005.78,,7114,4422,1,client,finished,1,prediction,7075.0,1748.0,,4444,CA.5.01,finished,finished,DA.4.41,535,TECNO MOBILE LIMITED TECNO KC8,0,0,0.0,2020-02-27,17:57:07,Thursday,4,2,2020,False,Missing,NO OVERCHARGE,17,7.114,7.075,73.7,29.133333333333333,160.05780000000001,,,,lõuna,5.791587516960651,False,44.56666666666667,0.0389999999999997,2–150 km/h,Thursday,TECNO,CA.5,DA.4,TECNO,"(30.0, 60.0]","(60.0, inf]","(5.0, 10.0]","(5.0, 10.0]","(60.0, inf]"
2647,2020-02-27 17:22:25,2647,6000.0,,30,35,1,client,finished,1,prediction,8601.0,1425.0,,4942,CI.4.19,finished,finished,DA.4.39,1359,Samsung SM-G935F,0,0,-162.0,2020-02-27,17:22:25,Thursday,4,2,2020,False,Negative,NO OVERCHARGE,17,0.03,8.601,0.5833333333333334,23.75,60.0,,,,lõuna,3.0857142857142854,False,-23.166666666666668,-8.571000000000002,2–150 km/h,Thursday,SAMSUNG,CI.4,DA.4,Samsung,,"(0.0, 5.0]","(0.0, 2.0]","(0.0, 2.0]","(0.0, 5.0]"
2648,2020-02-27 17:38:02,2648,3970.7,,5627,1087,0,client,finished,1,prediction,5627.0,812.0,,4443,CA.5.36,finished,finished,DA.4.39,649,Itel S12,0,0,0.0,2020-02-27,17:38:02,Thursday,4,2,2020,False,Missing,NO OVERCHARGE,17,5.627,5.627,18.116666666666667,13.533333333333333,39.707,,,,lõuna,18.635878564857407,False,4.583333333333334,0.0,2–150 km/h,Thursday,ITEL,CA.5,DA.4,Itel,"(0.0, 5.0]","(10.0, 20.0]","(5.0, 10.0]","(5.0, 10.0]","(15.0, 20.0]"
2650,2020-02-27 18:09:58,2650,7039.5,,3571,1269,1,client,finished,1,prediction,752.0,217.0,,4469,CI.4.18,finished,finished,DA.4.39,668,TECNO K7,0,0,0.0,2020-02-27,18:09:58,Thursday,4,2,2020,False,Missing,NO OVERCHARGE,18,3.571,0.752,21.15,3.6166666666666667,70.395,,,,lõuna,10.13049645390071,False,17.53333333333333,2.819,2–150 km/h,Thursday,TECNO,CI.4,DA.4,TECNO,"(10.0, 20.0]","(20.0, 30.0]","(2.0, 5.0]","(2.0, 5.0]","(20.0, 30.0]"
2651,2020-02-27 20:37:55,2651,40205.76,,20075,9319,0,client,finished,2,prediction,20075.0,1901.0,client_destination_changed,4460,CA.5.45,finished,finished,DA.4.16,393,HMD Global TA-1054,0,0,0.0,2020-02-27,20:37:55,Thursday,4,2,2020,False,Missing,NO OVERCHARGE,20,20.075,20.075,155.31666666666666,31.683333333333334,402.05760000000004,,,,õhtu,7.755123940336946,False,123.63333333333333,0.0,2–150 km/h,Thursday,NOKIA,CA.5,DA.4,Other,"(60.0, inf]","(60.0, inf]","(20.0, 30.0]","(20.0, inf]","(60.0, inf]"
2652,2020-02-27 19:20:11,2652,20846.28,,12800,4269,0,client,finished,1,prediction,12800.0,2133.0,,4450,CI.4.19,finished,finished,DA.4.39,1640,OPPO A37fw,0,0,0.0,2020-02-27,19:20:11,Thursday,4,2,2020,False,Missing,NO OVERCHARGE,19,12.8,12.8,71.15,35.55,208.4628,,,,õhtu,10.79409697821504,False,35.60000000000001,0.0,2–150 km/h,Thursday,OPPO,CI.4,DA.4,Oppo,"(30.0, 60.0]","(60.0, inf]","(10.0, 20.0]","(10.0, 15.0]","(60.0, inf]"
2653,2020-02-27 19:02:11,2653,11637.48,,7648,1774,1,client,finished,1,prediction,11422.0,1706.0,,4455,CA.5.36,finished,finished,DA.4.37,328,INFINIX MOBILITY LIMITED Infinix X606B,0,0,0.0,2020-02-27,19:02:11,Thursday,4,2,2020,False,Missing,NO OVERCHARGE,19,7.648,11.422,29.566666666666666,28.433333333333334,116.3748,,,,õhtu,15.520180383314544,False,1.1333333333333329,-3.774000000000001,2–150 km/h,Thursday,INFINIX,CA.5,DA.4,Infinix,"(0.0, 5.0]","(20.0, 30.0]","(5.0, 10.0]","(5.0, 10.0]","(20.0, 30.0]"
2654,2020-02-27 19:35:09,2654,22025.46,,15809,3125,0,client,finished,1,prediction,15809.0,2427.0,,4453,CI.4.19,finished,finished,DA.4.34,371,Samsung SAMSUNG-SM-G920A,0,0,0.0,2020-02-27,19:35:09,Thursday,4,2,2020,False,Missing,NO OVERCHARGE,19,15.809,15.809,52.083333333333336,40.45,220.25459999999998,,,,õhtu,18.211968000000002,False,11.633333333333333,0.0,2–150 km/h,Thursday,SAMSUNG,CI.4,DA.4,Samsung,"(10.0, 20.0]","(30.0, 60.0]","(10.0, 20.0]","(15.0, 20.0]","(30.0, 60.0]"
2655,2020-02-27 19:49:01,2655,4063.0,,3577,549,1,client,finished,1,prediction,3690.0,595.0,,4451,CA.5.30,finished,finished,DA.4.42,2153,Samsung SM-G900W8,0,0,0.0,2020-02-27,19:49:01,Thursday,4,2,2020,False,Missing,NO OVERCHARGE,19,3.577,3.69,9.15,9.916666666666666,40.63,,,,õhtu,23.455737704918032,False,-0.7666666666666657,-0.11299999999999999,2–150 km/h,Thursday,SAMSUNG,CA.5,DA.4,Samsung,"(-5.0, 0.0]","(5.0, 10.0]","(2.0, 5.0]","(2.0, 5.0]","(5.0, 10.0]"
2662,2020-02-27 22:01:16,2662,11826.54,,9593,925,1,client,finished,1,prediction,8559.0,984.0,,4692,CI.4.19,finished,finished,DA.4.39,1414,HUAWEI DUB-LX1,0,0,0.0,2020-02-27,22:01:16,Thursday,4,2,2020,False,Missing,NO OVERCHARGE,22,9.593,8.559,15.416666666666666,16.4,118.26540000000001,,,,õhtu,37.33491891891892,False,-0.9833333333333325,1.0340000000000007,2–150 km/h,Thursday,HUAWEI,CI.4,DA.4,Huawei,"(-5.0, 0.0]","(10.0, 20.0]","(5.0, 10.0]","(5.0, 10.0]","(15.0, 20.0]"
2664,2020-02-27 23:02:55,2664,6000.0,,2377,459,1,client,finished,2,prediction,2552.0,438.0,client_destination_changed,4483,CA.5.44,finished,finished,DA.4.39,1336,HUAWEI MT7-L09,0,0,0.0,2020-02-27,23:02:55,Thursday,4,2,2020,False,Missing,NO OVERCHARGE,23,2.377,2.552,7.65,7.3,60.0,,,,õhtu,18.643137254901962,False,0.35000000000000053,-0.17500000000000027,2–150 km/h,Thursday,HUAWEI,CA.5,DA.4,Huawei,"(0.0, 5.0]","(5.0, 10.0]","(2.0, 5.0]","(2.0, 5.0]","(5.0, 10.0]"
2666,2020-02-28 00:03:46,2666,11796.78,,5220,3054,1,client,finished,1,prediction,1308.0,210.0,,4659,CA.4.77,finished,finished,DA.4.39,395,Samsung SM-G532F,0,0,0.0,2020-02-28,00:03:46,Friday,5,2,2020,False,Missing,NO OVERCHARGE,0,5.22,1.308,50.9,3.5,117.96780000000001,,,,öö,6.153241650294696,False,47.4,3.912,2–150 km/h,Friday,SAMSUNG,CA.4,DA.4,Samsung,"(30.0, 60.0]","(30.0, 60.0]","(5.0, 10.0]","(5.0, 10.0]","(30.0, 60.0]"
2668,2020-02-28 00:42:22,2668,20972.24,,15203,3083,1,client,finished,1,prediction,9567.0,1105.0,,4465,CI.4.13,finished,finished,DA.4.39,1445,TECNO-W3,0,0,0.0,2020-02-28,00:42:22,Friday,5,2,2020,False,Missing,NO OVERCHARGE,0,15.203,9.567,51.38333333333333,18.416666666666668,209.72240000000002,,,,öö,17.752448913396044,False,32.96666666666667,5.635999999999999,2–150 km/h,Friday,TECNO,CI.4,DA.4,TECNO,"(30.0, 60.0]","(30.0, 60.0]","(10.0, 20.0]","(15.0, 20.0]","(30.0, 60.0]"
2669,2020-02-28 00:20:54,2669,8104.02,,5579,863,1,client,finished,1,prediction,5169.0,724.0,,4464,CI.4.16,finished,finished,DA.4.39,1878,TECNO MOBILE LIMITED TECNO KB7j,0,0,0.0,2020-02-28,00:20:54,Friday,5,2,2020,False,Missing,NO OVERCHARGE,0,5.579,5.169,14.383333333333333,12.066666666666666,81.0402,,,,öö,23.272769409038236,False,2.3166666666666664,0.41000000000000014,2–150 km/h,Friday,TECNO,CI.4,DA.4,TECNO,"(0.0, 5.0]","(10.0, 20.0]","(5.0, 10.0]","(5.0, 10.0]","(10.0, 15.0]"
2672,2020-02-28 04:26:17,2672,62332.46,,37971,5771,1,client,finished,1,prediction,14723.0,1791.0,,4476,CI.4.14,finished,finished,DA.4.37,945,HMD Global Nokia 2.2,0,0,0.0,2020-02-28,04:26:17,Friday,5,2,2020,False,Missing,NO OVERCHARGE,4,37.971,14.723,96.18333333333334,29.85,623.3246,,,,öö,23.686640097036907,False,66.33333333333334,23.247999999999998,2–150 km/h,Friday,NOKIA,CI.4,DA.4,Other,"(60.0, inf]","(60.0, inf]","(30.0, 50.0]","(20.0, inf]","(60.0, inf]"
2674,2020-02-28 05:44:12,2674,18505.02,,10613,4067,0,client,finished,1,prediction,11809.0,2080.0,,4599,CA.5.45,finished,finished,DA.4.39,1576,TECNO MOBILE LIMITED TECNO BA2,0,0,0.0,2020-02-28,05:44:12,Friday,5,2,2020,False,Missing,NO OVERCHARGE,5,10.613,11.809,67.78333333333333,34.666666666666664,185.05020000000002,,,,öö,9.394344725842146,False,33.11666666666667,-1.1959999999999997,2–150 km/h,Friday,TECNO,CA.5,DA.4,TECNO,"(30.0, 60.0]","(60.0, inf]","(10.0, 20.0]","(10.0, 15.0]","(60.0, inf]"
2676,2020-02-28 05:47:22,2676,11573.04,,6763,2176,0,client,finished,2,prediction,6763.0,1538.0,client_destination_changed,4500,CI.4.19,finished,finished,DA.4.41,277,TECNO K7,0,0,0.0,2020-02-28,05:47:22,Friday,5,2,2020,False,Missing,NO OVERCHARGE,5,6.763,6.763,36.266666666666666,25.633333333333333,115.7304,,,,öö,11.188786764705883,False,10.633333333333333,0.0,2–150 km/h,Friday,TECNO,CI.4,DA.4,TECNO,"(10.0, 20.0]","(30.0, 60.0]","(5.0, 10.0]","(5.0, 10.0]","(30.0, 60.0]"
2677,2020-02-28 05:50:46,2677,12144.72,,7691,2031,0,client,finished,2,prediction,7691.0,1449.0,client_destination_changed,4485,CA.5.45,finished,finished,DA.4.23,336,Itel S33,0,0,0.0,2020-02-28,05:50:46,Friday,5,2,2020,False,Missing,NO OVERCHARGE,5,7.691,7.691,33.85,24.15,121.4472,,,,öö,13.632496307237815,False,9.700000000000003,0.0,2–150 km/h,Friday,ITEL,CA.5,DA.4,Itel,"(5.0, 10.0]","(30.0, 60.0]","(5.0, 10.0]","(5.0, 10.0]","(30.0, 60.0]"
2678,2020-02-28 07:16:42,2678,47758.78,,27193,7230,0,client,finished,1,prediction,26623.0,3614.0,,4498,CA.5.45,finished,finished,DA.4.39,313,HUAWEI BLN-L21,0,0,0.0,2020-02-28,07:16:42,Friday,5,2,2020,False,Missing,NO OVERCHARGE,7,27.193,26.623,120.5,60.233333333333334,477.5878,,,,hommik,13.540082987551868,False,60.266666666666666,0.5700000000000003,2–150 km/h,Friday,HUAWEI,CA.5,DA.4,Huawei,"(60.0, inf]","(60.0, inf]","(20.0, 30.0]","(20.0, inf]","(60.0, inf]"
2680,2020-02-28 05:57:44,2680,9475.74,,5463,1670,1,client,finished,1,prediction,2044.0,429.0,,4601,CA.5.45,finished,finished,DA.4.42,1630,TECNO MOBILE LIMITED TECNO KB8,0,0,0.0,2020-02-28,05:57:44,Friday,5,2,2020,False,Missing,NO OVERCHARGE,5,5.463,2.044,27.833333333333332,7.15,94.7574,,,,öö,11.776526946107785,False,20.68333333333333,3.419,2–150 km/h,Friday,TECNO,CA.5,DA.4,TECNO,"(20.0, 30.0]","(20.0, 30.0]","(5.0, 10.0]","(5.0, 10.0]","(20.0, 30.0]"
2682,2020-02-28 07:28:38,2682,18949.02,,10810,4211,1,client,finished,1,prediction,10327.0,1653.0,,4477,CA.5.40,finished,finished,DA.4.39,1986,HUAWEI TRT-L21A,0,0,0.0,2020-02-28,07:28:38,Friday,5,2,2020,False,Missing,NO OVERCHARGE,7,10.81,10.327,70.18333333333334,27.55,189.49020000000002,,,,hommik,9.241510330087864,False,42.63333333333334,0.48300000000000054,2–150 km/h,Friday,HUAWEI,CA.5,DA.4,Huawei,"(30.0, 60.0]","(60.0, inf]","(10.0, 20.0]","(10.0, 15.0]","(60.0, inf]"
2683,2020-02-28 06:31:30,2683,6089.04,,3926,574,1,client,finished,1,prediction,2228.0,391.0,,4473,CA.5.36,finished,finished,DI.3.36,56,"iPhone7,2",0,0,0.0,2020-02-28,06:31:30,Friday,5,2,2020,False,Missing,NO OVERCHARGE,6,3.926,2.228,9.566666666666666,6.516666666666667,60.8904,,,,öö,24.622996515679443,False,3.05,1.698,2–150 km/h,Friday,APPLE,CA.5,DI.3,Apple,"(0.0, 5.0]","(5.0, 10.0]","(2.0, 5.0]","(2.0, 5.0]","(5.0, 10.0]"
2686,2020-02-28 07:18:35,2686,9590.28,,6377,1281,1,client,finished,1,prediction,4686.0,928.0,,4481,CA.5.45,finished,finished,DA.4.31,1182,Samsung SM-G928F,0,1,0.0,2020-02-28,07:18:35,Friday,5,2,2020,False,Missing,NO OVERCHARGE,7,6.377,4.686,21.35,15.466666666666667,95.90280000000001,,,,hommik,17.921311475409837,False,5.883333333333335,1.6909999999999998,2–150 km/h,Friday,SAMSUNG,CA.5,DA.4,Samsung,"(5.0, 10.0]","(20.0, 30.0]","(5.0, 10.0]","(5.0, 10.0]","(20.0, 30.0]"
2687,2020-02-28 07:54:47,2687,8126.76,,5101,1111,1,client,finished,1,prediction,5542.0,978.0,,4507,CA.5.32,finished,finished,DA.4.39,395,Samsung SM-G532F,0,0,0.0,2020-02-28,07:54:47,Friday,5,2,2020,False,Missing,NO OVERCHARGE,7,5.101,5.542,18.516666666666666,16.3,81.2676,,,,hommik,16.52889288928893,False,2.216666666666665,-0.44099999999999984,2–150 km/h,Friday,SAMSUNG,CA.5,DA.4,Samsung,"(0.0, 5.0]","(10.0, 20.0]","(5.0, 10.0]","(5.0, 10.0]","(15.0, 20.0]"
2691,2020-02-28 08:29:48,2691,23590.76,,18564,1579,0,client,finished,1,prediction,5196.0,1140.0,,4499,CI.4.18,finished,finished,DA.4.42,967,HMD Global Nokia 1,0,1,0.0,2020-02-28,08:29:48,Friday,5,2,2020,False,Missing,NO OVERCHARGE,8,18.564,5.196,26.316666666666666,19.0,235.90759999999997,,,,hommik,42.32450918302723,False,7.316666666666666,13.368,2–150 km/h,Friday,NOKIA,CI.4,DA.4,Other,"(5.0, 10.0]","(20.0, 30.0]","(10.0, 20.0]","(15.0, 20.0]","(20.0, 30.0]"
2692,2020-02-28 08:43:46,2692,10550.04,,4885,2536,1,client,finished,1,prediction,4828.0,779.0,,4489,CA.5.43,finished,finished,DA.4.39,1708,INFINIX MOBILITY LIMITED Infinix X606D,0,0,0.0,2020-02-28,08:43:46,Friday,5,2,2020,False,Missing,NO OVERCHARGE,8,4.885,4.828,42.266666666666666,12.983333333333333,105.50040000000001,,,,hommik,6.934542586750789,False,29.28333333333333,0.056999999999999496,2–150 km/h,Friday,INFINIX,CA.5,DA.4,Infinix,"(20.0, 30.0]","(30.0, 60.0]","(2.0, 5.0]","(2.0, 5.0]","(30.0, 60.0]"
2697,2020-02-28 09:19:03,2697,6000.0,,692,638,1,client,finished,1,prediction,8732.0,1577.0,,4492,CA.5.32,finished,finished,DA.4.39,340,TECNO MOBILE LIMITED TECNO LC6,0,0,0.0,2020-02-28,09:19:03,Friday,5,2,2020,False,Missing,NO OVERCHARGE,9,0.692,8.732,10.633333333333333,26.283333333333335,60.0,,,,hommik,3.9047021943573674,False,-15.650000000000002,-8.04,2–150 km/h,Friday,TECNO,CA.5,DA.4,TECNO,,"(10.0, 20.0]","(0.0, 2.0]","(0.0, 2.0]","(10.0, 15.0]"
2700,2020-02-28 09:49:43,2700,8750.22,,4563,1716,1,client,finished,1,prediction,4161.0,920.0,,4495,CA.5.43,finished,finished,DA.4.16,831,Samsung SM-G611F,0,0,0.0,2020-02-28,09:49:43,Friday,5,2,2020,False,Missing,NO OVERCHARGE,9,4.563,4.161,28.6,15.333333333333334,87.50219999999999,,,,hommik,9.572727272727274,False,13.266666666666667,0.40200000000000014,2–150 km/h,Friday,SAMSUNG,CA.5,DA.4,Samsung,"(10.0, 20.0]","(20.0, 30.0]","(2.0, 5.0]","(2.0, 5.0]","(20.0, 30.0]"
2702,2020-02-28 10:40:22,2702,66001.76,,45499,1201,0,client,finished,1,prediction,8785.0,1311.0,,4620,CA.5.45,finished,finished,DA.4.42,967,HMD Global Nokia 1,0,1,0.0,2020-02-28,10:40:22,Friday,5,2,2020,False,Missing,NO OVERCHARGE,10,45.499,8.785,20.016666666666666,21.85,660.0175999999999,,,,hommik,136.3833472106578,False,-1.8333333333333357,36.714,2–150 km/h,Friday,NOKIA,CA.5,DA.4,Other,"(-5.0, 0.0]","(20.0, 30.0]","(30.0, 50.0]","(20.0, inf]","(20.0, 30.0]"
2703,2020-02-28 10:31:14,2703,12354.0,,7988,1998,0,client,finished,1,prediction,7988.0,1458.0,,4497,CA.5.42,finished,finished,DA.4.37,1091,TECNO MOBILE LIMITED TECNO B1p,0,0,0.0,2020-02-28,10:31:14,Friday,5,2,2020,False,Missing,NO OVERCHARGE,10,7.988,7.988,33.3,24.3,123.54,,,,hommik,14.392792792792793,False,8.999999999999996,0.0,2–150 km/h,Friday,TECNO,CA.5,DA.4,TECNO,"(5.0, 10.0]","(30.0, 60.0]","(5.0, 10.0]","(5.0, 10.0]","(30.0, 60.0]"
2704,2020-02-28 10:44:29,2704,10614.48,,7210,1432,1,client,finished,1,prediction,6509.0,1078.0,,4513,CA.5.04,finished,finished,DA.4.39,618,TECNO K7,0,0,0.0,2020-02-28,10:44:29,Friday,5,2,2020,False,Missing,NO OVERCHARGE,10,7.21,6.509,23.866666666666667,17.966666666666665,106.14479999999999,,,,hommik,18.125698324022345,False,5.900000000000002,0.7009999999999996,2–150 km/h,Friday,TECNO,CA.5,DA.4,TECNO,"(5.0, 10.0]","(20.0, 30.0]","(5.0, 10.0]","(5.0, 10.0]","(20.0, 30.0]"
2706,2020-02-28 10:56:24,2706,5622.6,,8563,1311,1,client,finished,1,prediction,9193.0,1643.0,,4852,CA.5.42,finished,finished,DA.4.39,2047,TECNO F3,0,0,0.0,2020-02-28,10:56:24,Friday,5,2,2020,False,Missing,NO OVERCHARGE,10,8.563,9.193,21.85,27.383333333333333,56.226000000000006,,,,hommik,23.51395881006865,False,-5.533333333333331,-0.629999999999999,2–150 km/h,Friday,TECNO,CA.5,DA.4,TECNO,"(-10.0, -5.0]","(20.0, 30.0]","(5.0, 10.0]","(5.0, 10.0]","(20.0, 30.0]"
2707,2020-02-28 11:11:40,2707,8080.98,,4668,1297,1,client,finished,1,prediction,4305.0,694.0,,4505,CI.4.19,finished,finished,DI.3.32,160,"iPhone9,3",0,0,0.0,2020-02-28,11:11:40,Friday,5,2,2020,False,Missing,NO OVERCHARGE,11,4.668,4.305,21.616666666666667,11.566666666666666,80.8098,,,,hommik,12.956669236700078,False,10.05,0.36300000000000043,2–150 km/h,Friday,APPLE,CI.4,DI.3,Apple,"(10.0, 20.0]","(20.0, 30.0]","(2.0, 5.0]","(2.0, 5.0]","(20.0, 30.0]"
2708,2020-02-28 12:40:02,2708,26865.46,,17015,4709,0,client,finished,1,prediction,17015.0,2782.0,,4506,CA.5.45,finished,finished,DA.4.39,1359,Samsung SM-G935F,0,0,0.0,2020-02-28,12:40:02,Friday,5,2,2020,False,Missing,NO OVERCHARGE,12,17.015,17.015,78.48333333333333,46.36666666666667,268.6546,,,,hommik,13.007857294542365,False,32.11666666666667,0.0,2–150 km/h,Friday,SAMSUNG,CA.5,DA.4,Samsung,"(30.0, 60.0]","(60.0, inf]","(10.0, 20.0]","(15.0, 20.0]","(60.0, inf]"
2709,2020-02-28 12:22:59,2709,15918.24,,7652,4109,1,client,finished,1,prediction,7059.0,1193.0,,4502,CI.4.17,finished,finished,DA.4.39,489,SHARP SH-02J,0,0,0.0,2020-02-28,12:22:59,Friday,5,2,2020,False,Missing,NO OVERCHARGE,12,7.652,7.059,68.48333333333333,19.883333333333333,159.1824,,,,hommik,6.704112922852276,False,48.6,0.593,2–150 km/h,Friday,SHARP,CI.4,DA.4,Other,"(30.0, 60.0]","(60.0, inf]","(5.0, 10.0]","(5.0, 10.0]","(60.0, inf]"
2712,2020-02-28 12:33:19,2712,55616.22,,38790,1392,0,client,finished,1,prediction,7231.0,1221.0,,695,CA.5.40,finished,finished,DA.4.42,967,HMD Global Nokia 1,0,1,0.0,2020-02-28,12:33:19,Friday,5,2,2020,False,Missing,NO OVERCHARGE,12,38.79,7.231,23.2,20.35,556.1622,,,,hommik,100.31896551724138,False,2.849999999999998,31.558999999999997,2–150 km/h,Friday,NOKIA,CA.5,DA.4,Other,"(0.0, 5.0]","(20.0, 30.0]","(30.0, 50.0]","(20.0, inf]","(20.0, 30.0]"
2715,2020-02-28 13:48:07,2715,18241.98,,8814,4807,0,client,finished,1,prediction,8932.0,1764.0,,4518,CA.5.27,finished,finished,DA.4.39,110,Samsung SM-J200H,0,0,0.0,2020-02-28,13:48:07,Friday,5,2,2020,False,Missing,NO OVERCHARGE,13,8.814,8.932,80.11666666666666,29.4,182.4198,,,,lõuna,6.600873725816518,False,50.71666666666666,-0.11800000000000033,2–150 km/h,Friday,SAMSUNG,CA.5,DA.4,Samsung,"(30.0, 60.0]","(60.0, inf]","(5.0, 10.0]","(5.0, 10.0]","(60.0, inf]"
2721,2020-02-28 14:51:51,2721,21143.8,,7610,2932,1,client,finished,1,prediction,5493.0,1122.0,,4523,CI.4.17,finished,finished,DA.4.39,340,TECNO MOBILE LIMITED TECNO LC6,0,0,0.0,2020-02-28,14:51:51,Friday,5,2,2020,False,Missing,NO OVERCHARGE,14,7.61,5.493,48.86666666666667,18.7,211.438,,,,lõuna,9.343792633015006,False,30.166666666666668,2.117,2–150 km/h,Friday,TECNO,CI.4,DA.4,TECNO,"(30.0, 60.0]","(30.0, 60.0]","(5.0, 10.0]","(5.0, 10.0]","(30.0, 60.0]"
2726,2020-02-28 15:22:53,2726,121697.5,,78854,2475,0,client,finished,1,prediction,9817.0,1801.0,,4530,CI.4.19,finished,finished,DA.4.39,495,Samsung SGH-M819N,0,0,0.0,2020-02-28,15:22:53,Friday,5,2,2020,False,Missing,NO OVERCHARGE,15,78.854,9.817,41.25,30.016666666666666,1216.975,,,,lõuna,114.69672727272727,False,11.233333333333334,69.037,2–150 km/h,Friday,SAMSUNG,CI.4,DA.4,Samsung,"(10.0, 20.0]","(30.0, 60.0]","(50.0, 100.0]","(20.0, inf]","(30.0, 60.0]"
2727,2020-02-28 16:09:26,2727,20638.74,,11410,4838,0,client,finished,1,prediction,10777.0,2035.0,,4596,CA.5.44,finished,finished,DA.4.37,1019,ITEL MOBILE LIMITED itel A23A,0,1,0.0,2020-02-28,16:09:26,Friday,5,2,2020,False,Missing,NO OVERCHARGE,16,11.41,10.777,80.63333333333334,33.916666666666664,206.3874,,,,lõuna,8.490285241835469,False,46.716666666666676,0.6330000000000009,2–150 km/h,Friday,ITEL,CA.5,DA.4,Itel,"(30.0, 60.0]","(60.0, inf]","(10.0, 20.0]","(10.0, 15.0]","(60.0, inf]"
2728,2020-02-28 15:06:59,2728,6000.0,,2180,1013,0,client,finished,1,prediction,2180.0,454.0,,4551,CI.4.13,finished,finished,DA.4.39,110,Samsung SM-J200H,0,0,0.0,2020-02-28,15:06:59,Friday,5,2,2020,False,Missing,NO OVERCHARGE,15,2.18,2.18,16.883333333333333,7.566666666666666,60.0,,,,lõuna,7.747285291214215,False,9.316666666666666,0.0,2–150 km/h,Friday,SAMSUNG,CI.4,DA.4,Samsung,"(5.0, 10.0]","(10.0, 20.0]","(2.0, 5.0]","(2.0, 5.0]","(15.0, 20.0]"
2732,2020-02-28 16:22:52,2732,3546.8,,323,3764,0,client,finished,1,prediction,7881.0,1704.0,,182,CA.5.45,finished,finished,DA.4.39,1863,HMD Global TA-1032,0,0,0.0,2020-02-28,16:22:52,Friday,5,2,2020,False,Missing,NO OVERCHARGE,16,0.323,7.881,62.733333333333334,28.4,35.468,,,,lõuna,0.3089266737513284,False,34.333333333333336,-7.558,<2 km/h,Friday,NOKIA,CA.5,DA.4,Other,"(30.0, 60.0]","(60.0, inf]","(0.0, 2.0]","(0.0, 2.0]","(60.0, inf]"
2734,2020-02-28 16:46:34,2734,12748.98,,7727,2341,0,client,finished,1,prediction,6655.0,1294.0,,4540,CI.4.19,finished,finished,DA.4.39,1740,TECNO MOBILE LIMITED TECNO B1p,0,0,0.0,2020-02-28,16:46:34,Friday,5,2,2020,False,Missing,NO OVERCHARGE,16,7.727,6.655,39.016666666666666,21.566666666666666,127.4898,,,,lõuna,11.882614267407092,False,17.45,1.072,2–150 km/h,Friday,TECNO,CI.4,DA.4,TECNO,"(10.0, 20.0]","(30.0, 60.0]","(5.0, 10.0]","(5.0, 10.0]","(30.0, 60.0]"
2736,2020-02-28 17:59:02,2736,23929.26,,11532,6574,1,client,finished,1,prediction,11127.0,1994.0,,4849,CA.5.32,finished,finished,DA.4.31,760,TECNO PHANTOM5,0,0,0.0,2020-02-28,17:59:02,Friday,5,2,2020,False,Missing,NO OVERCHARGE,17,11.532,11.127,109.56666666666666,33.233333333333334,239.2926,,,,lõuna,6.3150593246121085,False,76.33333333333333,0.40499999999999936,2–150 km/h,Friday,TECNO,CA.5,DA.4,TECNO,"(60.0, inf]","(60.0, inf]","(10.0, 20.0]","(10.0, 15.0]","(60.0, inf]"
2743,2020-02-28 18:18:57,2743,20265.78,,12755,3972,1,client,finished,1,prediction,12100.0,1990.0,,4552,CI.4.01,finished,finished,DA.4.39,1809,Samsung SM-A710F,0,1,0.0,2020-02-28,18:18:57,Friday,5,2,2020,False,Missing,NO OVERCHARGE,18,12.755,12.1,66.2,33.166666666666664,202.65779999999998,,,,lõuna,11.560422960725075,False,33.03333333333334,0.6550000000000011,2–150 km/h,Friday,SAMSUNG,CI.4,DA.4,Samsung,"(30.0, 60.0]","(60.0, inf]","(10.0, 20.0]","(10.0, 15.0]","(60.0, inf]"
2746,2020-02-28 17:56:39,2746,6507.0,,3947,792,1,client,finished,1,prediction,3684.0,684.0,,261,CA.5.44,finished,finished,DA.4.35,264,Samsung SM-A8000,0,0,0.0,2020-02-28,17:56:39,Friday,5,2,2020,False,Missing,NO OVERCHARGE,17,3.947,3.684,13.2,11.4,65.07,,,,lõuna,17.94090909090909,False,1.799999999999999,0.2629999999999999,2–150 km/h,Friday,SAMSUNG,CA.5,DA.4,Samsung,"(0.0, 5.0]","(10.0, 20.0]","(2.0, 5.0]","(2.0, 5.0]","(10.0, 15.0]"
2749,2020-02-28 19:48:57,2749,34761.24,,19921,6485,1,client,finished,1,prediction,12804.0,2255.0,,4700,CA.5.44,finished,finished,DA.4.31,992,TECNO K7,0,0,0.0,2020-02-28,19:48:57,Friday,5,2,2020,False,Missing,NO OVERCHARGE,19,19.921,12.804,108.08333333333333,37.583333333333336,347.6124,,,,õhtu,11.058689282960678,False,70.5,7.116999999999999,2–150 km/h,Friday,TECNO,CA.5,DA.4,TECNO,"(60.0, inf]","(60.0, inf]","(10.0, 20.0]","(15.0, 20.0]","(60.0, inf]"
2759,2020-02-28 19:52:51,2759,18354.72,,13490,2571,0,client,finished,1,prediction,13490.0,2398.0,,4564,CA.5.45,finished,finished,DA.4.37,2098,TECNO MOBILE LIMITED TECNO LA7,0,0,0.0,2020-02-28,19:52:51,Friday,5,2,2020,False,Missing,NO OVERCHARGE,19,13.49,13.49,42.85,39.96666666666667,183.5472,,,,õhtu,18.88914819136523,False,2.883333333333333,0.0,2–150 km/h,Friday,TECNO,CA.5,DA.4,TECNO,"(0.0, 5.0]","(30.0, 60.0]","(10.0, 20.0]","(10.0, 15.0]","(30.0, 60.0]"
2761,2020-02-28 19:42:56,2760,16737.96,,11502,2666,1,client,finished,1,prediction,8228.0,1117.0,,4585,CI.4.19,finished,finished,DA.4.16,1217,Samsung SAMSUNG-SM-G900A,0,0,0.0,2020-02-28,19:42:56,Friday,5,2,2020,False,Missing,NO OVERCHARGE,19,11.502,8.228,44.43333333333333,18.616666666666667,167.37959999999998,,,,õhtu,15.531582895723933,False,25.816666666666663,3.274000000000001,2–150 km/h,Friday,SAMSUNG,CI.4,DA.4,Samsung,"(20.0, 30.0]","(30.0, 60.0]","(10.0, 20.0]","(10.0, 15.0]","(30.0, 60.0]"
2763,2020-02-28 19:49:07,2763,9865.0,,9905,1755,0,client,finished,1,prediction,7529.0,1109.0,,4563,CA.5.43,finished,finished,DA.4.42,1069,HMD Global Nokia 1 Plus,0,0,0.0,2020-02-28,19:49:07,Friday,5,2,2020,False,Missing,NO OVERCHARGE,19,9.905,7.529,29.25,18.483333333333334,98.65,,,,õhtu,20.317948717948717,False,10.766666666666666,2.3759999999999994,2–150 km/h,Friday,NOKIA,CA.5,DA.4,Other,"(10.0, 20.0]","(20.0, 30.0]","(5.0, 10.0]","(5.0, 10.0]","(20.0, 30.0]"
2765,2020-02-28 20:04:59,2765,7041.78,,2873,1614,0,client,finished,1,prediction,6359.0,924.0,,4677,CI.4.19,finished,finished,DA.4.39,1665,OPPO A37fw,0,1,0.0,2020-02-28,20:04:59,Friday,5,2,2020,False,Missing,NO OVERCHARGE,20,2.873,6.359,26.9,15.4,70.4178,,,,õhtu,6.40817843866171,False,11.499999999999998,-3.4859999999999998,2–150 km/h,Friday,OPPO,CI.4,DA.4,Oppo,"(10.0, 20.0]","(20.0, 30.0]","(2.0, 5.0]","(2.0, 5.0]","(20.0, 30.0]"
2766,2020-02-28 20:47:12,2766,27216.98,,18204,3871,1,client,finished,1,prediction,15352.0,2105.0,,4574,CA.5.44,finished,finished,DI.3.36,143,"iPhone7,2",0,1,0.0,2020-02-28,20:47:12,Friday,5,2,2020,False,Missing,NO OVERCHARGE,20,18.204,15.352,64.51666666666667,35.083333333333336,272.1698,,,,õhtu,16.929578920175665,False,29.43333333333333,2.8520000000000003,2–150 km/h,Friday,APPLE,CA.5,DI.3,Apple,"(20.0, 30.0]","(60.0, inf]","(10.0, 20.0]","(15.0, 20.0]","(60.0, inf]"
2767,2020-02-28 20:34:27,2767,15888.54,,10401,2743,1,client,finished,1,prediction,9858.0,1430.0,,4876,CA.5.44,finished,finished,DA.4.39,971,INFINIX MOBILITY LIMITED Infinix X650B,0,0,0.0,2020-02-28,20:34:27,Friday,5,2,2020,False,Missing,NO OVERCHARGE,20,10.401,9.858,45.71666666666667,23.833333333333332,158.8854,,,,õhtu,13.650601531170253,False,21.883333333333336,0.5429999999999993,2–150 km/h,Friday,INFINIX,CA.5,DA.4,Infinix,"(20.0, 30.0]","(30.0, 60.0]","(10.0, 20.0]","(10.0, 15.0]","(30.0, 60.0]"
2769,2020-02-28 20:26:38,2769,11440.5,,8789,1107,1,client,finished,1,prediction,8811.0,1273.0,,4614,CI.4.19,finished,finished,DA.4.39,994,TECNO-J8,0,0,0.0,2020-02-28,20:26:38,Friday,5,2,2020,False,Missing,NO OVERCHARGE,20,8.789,8.811,18.45,21.216666666666665,114.405,,,,õhtu,28.58211382113821,False,-2.7666666666666657,-0.02200000000000024,2–150 km/h,Friday,TECNO,CI.4,DA.4,TECNO,"(-5.0, 0.0]","(10.0, 20.0]","(5.0, 10.0]","(5.0, 10.0]","(15.0, 20.0]"
2770,2020-02-28 20:34:39,2770,17486.28,,12989,2343,0,client,finished,1,prediction,8930.0,1636.0,,100,CA.5.44,finished,finished,DA.4.16,1217,Samsung SAMSUNG-SM-G900A,0,1,0.0,2020-02-28,20:34:39,Friday,5,2,2020,False,Missing,NO OVERCHARGE,20,12.989,8.93,39.05,27.266666666666666,174.8628,,,,õhtu,19.957490396927017,False,11.783333333333331,4.059000000000001,2–150 km/h,Friday,SAMSUNG,CA.5,DA.4,Samsung,"(10.0, 20.0]","(30.0, 60.0]","(10.0, 20.0]","(10.0, 15.0]","(30.0, 60.0]"
2772,2020-02-28 20:58:50,2772,26295.0,,18776,2862,1,client,finished,1,prediction,14826.0,1966.0,,4653,CA.5.44,finished,finished,DA.4.39,1249,TECNO MOBILE LIMITED TECNO LB7,0,0,0.0,2020-02-28,20:58:50,Friday,5,2,2020,False,Missing,NO OVERCHARGE,20,18.776,14.826,47.7,32.766666666666666,262.95,,,,õhtu,23.617610062893082,False,14.933333333333337,3.9499999999999993,2–150 km/h,Friday,TECNO,CA.5,DA.4,TECNO,"(10.0, 20.0]","(30.0, 60.0]","(10.0, 20.0]","(15.0, 20.0]","(30.0, 60.0]"
2775,2020-02-28 20:44:57,2775,7338.78,,4634,912,1,client,finished,1,prediction,4006.0,542.0,,4568,CA.5.01,finished,finished,DA.4.39,1451,INFINIX MOBILITY LIMITED Infinix X650,0,0,0.0,2020-02-28,20:44:57,Friday,5,2,2020,False,Missing,NO OVERCHARGE,20,4.634,4.006,15.2,9.033333333333333,73.3878,,,,õhtu,18.292105263157893,False,6.166666666666666,0.6280000000000001,2–150 km/h,Friday,INFINIX,CA.5,DA.4,Infinix,"(5.0, 10.0]","(10.0, 20.0]","(2.0, 5.0]","(2.0, 5.0]","(15.0, 20.0]"
2779,2020-02-28 21:43:12,2779,6000.0,,1599,682,0,client,finished,1,prediction,6373.0,840.0,,4575,CI.3.87,finished,finished,DA.4.42,578,TECNO MOBILE LIMITED TECNO LA7,0,0,0.0,2020-02-28,21:43:12,Friday,5,2,2020,False,Missing,NO OVERCHARGE,21,1.599,6.373,11.366666666666667,14.0,60.0,,,,õhtu,8.440469208211145,False,-2.633333333333333,-4.774,2–150 km/h,Friday,TECNO,CI.3,DA.4,TECNO,"(-5.0, 0.0]","(10.0, 20.0]","(0.0, 2.0]","(0.0, 2.0]","(10.0, 15.0]"
2791,2020-02-28 23:35:30,2791,14522.76,,12063,1183,1,client,finished,1,prediction,12305.0,1447.0,,4757,CA.5.01,finished,finished,DA.4.39,1029,TECNO MOBILE LIMITED TECNO AB7,0,0,0.0,2020-02-28,23:35:30,Friday,5,2,2020,False,Missing,NO OVERCHARGE,23,12.063,12.305,19.716666666666665,24.116666666666667,145.2276,,,,õhtu,36.7090448013525,False,-4.400000000000002,-0.2419999999999991,2–150 km/h,Friday,TECNO,CA.5,DA.4,TECNO,"(-5.0, 0.0]","(10.0, 20.0]","(10.0, 20.0]","(10.0, 15.0]","(15.0, 20.0]"
2805,2020-02-29 02:36:34,2805,16937.76,,13015,2029,1,client,finished,1,prediction,11366.0,1422.0,,4589,CI.4.07,finished,finished,DA.4.39,2099,HMD Global Nokia 2.2,0,0,0.0,2020-02-29,02:36:34,Saturday,6,2,2020,False,Missing,NO OVERCHARGE,2,13.015,11.366,33.81666666666667,23.7,169.37759999999997,,,,öö,23.092163627402662,False,10.11666666666667,1.649000000000001,2–150 km/h,Saturday,NOKIA,CI.4,DA.4,Other,"(10.0, 20.0]","(30.0, 60.0]","(10.0, 20.0]","(10.0, 15.0]","(30.0, 60.0]"
2806,2020-02-29 03:00:22,2806,14577.48,,10551,1954,1,client,finished,1,prediction,9734.0,1096.0,,4621,CI.4.14,finished,finished,DA.4.42,1962,Samsung SM-G570F,0,1,0.0,2020-02-29,03:00:22,Saturday,6,2,2020,False,Missing,NO OVERCHARGE,3,10.551,9.734,32.56666666666667,18.266666666666666,145.7748,,,,öö,19.438894575230297,False,14.300000000000004,0.8170000000000002,2–150 km/h,Saturday,SAMSUNG,CI.4,DA.4,Samsung,"(10.0, 20.0]","(30.0, 60.0]","(10.0, 20.0]","(10.0, 15.0]","(30.0, 60.0]"
2808,2020-02-29 03:26:42,2808,8985.96,,4827,1712,1,client,finished,1,prediction,4333.0,569.0,,4613,CI.4.10,finished,finished,DA.4.31,1438,TECNO L8 Lite,0,0,0.0,2020-02-29,03:26:42,Saturday,6,2,2020,False,Missing,NO OVERCHARGE,3,4.827,4.333,28.533333333333335,9.483333333333333,89.85959999999999,,,,öö,10.150233644859814,False,19.050000000000004,0.4939999999999998,2–150 km/h,Saturday,TECNO,CI.4,DA.4,TECNO,"(10.0, 20.0]","(20.0, 30.0]","(2.0, 5.0]","(2.0, 5.0]","(20.0, 30.0]"
2816,2020-02-29 05:15:40,2816,35965.02,,24332,3293,1,client,finished,1,prediction,9078.0,1151.0,,4600,CA.5.44,finished,finished,DA.4.16,1136,TCL 9001X,0,0,0.0,2020-02-29,05:15:40,Saturday,6,2,2020,False,Missing,NO OVERCHARGE,5,24.332,9.078,54.88333333333333,19.183333333333334,359.6502,,,,öö,26.600425144245367,False,35.7,15.254000000000001,2–150 km/h,Saturday,TCL,CA.5,DA.4,Other,"(30.0, 60.0]","(30.0, 60.0]","(20.0, 30.0]","(20.0, inf]","(30.0, 60.0]"
2820,2020-02-29 06:14:36,2820,14658.96,,10290,2126,0,client,finished,1,prediction,7216.0,1199.0,,4604,CA.5.23,finished,finished,DA.4.41,1062,TECNO WX3,0,1,0.0,2020-02-29,06:14:36,Saturday,6,2,2020,False,Missing,NO OVERCHARGE,6,10.29,7.216,35.43333333333333,19.983333333333334,146.5896,,,,öö,17.424270931326436,False,15.449999999999996,3.073999999999999,2–150 km/h,Saturday,TECNO,CA.5,DA.4,TECNO,"(10.0, 20.0]","(30.0, 60.0]","(10.0, 20.0]","(10.0, 15.0]","(30.0, 60.0]"
2823,2020-02-29 07:42:32,2823,10472.04,,1321,4246,0,client,finished,5,prediction,10513.0,1474.0,client_destination_changed,4610,CA.5.38,finished,finished,DA.4.39,648,Xiaomi Redmi 6,0,0,0.0,2020-02-29,07:42:32,Saturday,6,2,2020,False,Missing,NO OVERCHARGE,7,1.321,10.513,70.76666666666667,24.566666666666666,104.72040000000001,,,,hommik,1.1200188412623646,False,46.2,-9.192,<2 km/h,Saturday,XIAOMI,CA.5,DA.4,Other,"(30.0, 60.0]","(60.0, inf]","(0.0, 2.0]","(0.0, 2.0]","(60.0, inf]"
2825,2020-02-29 07:48:38,2825,15348.24,,14017,671,0,client,finished,1,prediction,14017.0,1873.0,,4657,CA.5.43,finished,finished,DA.4.34,383,Vodafone VFD 200,0,0,0.0,2020-02-29,07:48:38,Saturday,6,2,2020,False,Missing,NO OVERCHARGE,7,14.017,14.017,11.183333333333334,31.216666666666665,153.48239999999998,,,,hommik,75.20298062593145,False,-20.03333333333333,0.0,2–150 km/h,Saturday,VODAFONE,CA.5,DA.4,Other,,"(10.0, 20.0]","(10.0, 20.0]","(10.0, 15.0]","(10.0, 15.0]"
2827,2020-02-29 08:39:58,2827,7140.24,,4354,941,1,client,finished,1,prediction,4249.0,734.0,,4617,CA.5.44,finished,finished,DA.4.39,1582,Samsung SM-J701F,0,0,0.0,2020-02-29,08:39:58,Saturday,6,2,2020,False,Missing,NO OVERCHARGE,8,4.354,4.249,15.683333333333334,12.233333333333333,71.4024,,,,hommik,16.657173219978745,False,3.450000000000001,0.10500000000000043,2–150 km/h,Saturday,SAMSUNG,CA.5,DA.4,Samsung,"(0.0, 5.0]","(10.0, 20.0]","(2.0, 5.0]","(2.0, 5.0]","(15.0, 20.0]"
2828,2020-02-29 08:39:10,2828,16826.46,,9709,3593,0,client,finished,1,prediction,9709.0,1601.0,,4615,CI.4.19,finished,finished,DA.4.37,1776,Infinix X572,0,1,0.0,2020-02-29,08:39:10,Saturday,6,2,2020,False,Missing,NO OVERCHARGE,8,9.709,9.709,59.88333333333333,26.683333333333334,168.2646,,,,hommik,9.727915391038131,False,33.2,0.0,2–150 km/h,Saturday,INFINIX,CI.4,DA.4,Infinix,"(30.0, 60.0]","(30.0, 60.0]","(5.0, 10.0]","(5.0, 10.0]","(30.0, 60.0]"
2829,2020-02-29 15:18:45,2829,37453.5,,553,19341,0,client,finished,1,prediction,28635.0,2170.0,,175,CI.4.19,finished,finished,DA.4.39,821,Sony SO-03E,0,0,0.0,2020-02-29,15:18:45,Saturday,6,2,2020,False,Missing,NO OVERCHARGE,15,0.553,28.635,322.35,36.166666666666664,374.535,,,,lõuna,0.10293159609120521,False,286.18333333333334,-28.082,<2 km/h,Saturday,SONY,CI.4,DA.4,Other,"(60.0, inf]","(60.0, inf]","(0.0, 2.0]","(0.0, 2.0]","(60.0, inf]"
2830,2020-02-29 08:43:25,2830,13978.26,,7659,3046,1,client,finished,1,prediction,7166.0,1286.0,,4616,CA.5.44,finished,finished,DA.4.39,1080,TECNO MOBILE LIMITED TECNO KA7O,0,0,0.0,2020-02-29,08:43:25,Saturday,6,2,2020,False,Missing,NO OVERCHARGE,8,7.659,7.166,50.766666666666666,21.433333333333334,139.7826,,,,hommik,9.052002626395273,False,29.333333333333332,0.49299999999999944,2–150 km/h,Saturday,TECNO,CA.5,DA.4,TECNO,"(20.0, 30.0]","(30.0, 60.0]","(5.0, 10.0]","(5.0, 10.0]","(30.0, 60.0]"
2831,2020-02-29 07:49:55,2831,6000.0,,1,29,1,client,finished,1,prediction,16893.0,2398.0,,4611,CI.4.18,finished,finished,DA.4.16,831,Samsung SM-G611F,0,0,-2000.0,2020-02-29,07:49:55,Saturday,6,2,2020,False,Negative,NO OVERCHARGE,7,0.001,16.893,0.48333333333333334,39.96666666666667,60.0,,,,hommik,0.12413793103448276,False,-39.483333333333334,-16.892,<2 km/h,Saturday,SAMSUNG,CI.4,DA.4,Samsung,,"(0.0, 5.0]","(0.0, 2.0]","(0.0, 2.0]","(0.0, 5.0]"
2832,2020-02-29 09:14:05,2832,56777.74,,38291,2462,0,client,finished,1,prediction,11286.0,1695.0,,4866,CA.5.45,finished,finished,DA.4.42,967,HMD Global Nokia 1,0,1,0.0,2020-02-29,09:14:05,Saturday,6,2,2020,False,Missing,NO OVERCHARGE,9,38.291,11.286,41.03333333333333,28.25,567.7774,,,,hommik,55.990089358245335,False,12.783333333333331,27.004999999999995,2–150 km/h,Saturday,NOKIA,CA.5,DA.4,Other,"(10.0, 20.0]","(30.0, 60.0]","(30.0, 50.0]","(20.0, inf]","(30.0, 60.0]"
2833,2020-02-29 09:39:01,2833,16013.28,,10176,2919,0,client,finished,1,prediction,10929.0,1694.0,,4622,CA.5.36,finished,finished,DA.4.39,316,TECNO-C5,0,0,0.0,2020-02-29,09:39:01,Saturday,6,2,2020,False,Missing,NO OVERCHARGE,9,10.176,10.929,48.65,28.233333333333334,160.1328,,,,hommik,12.55005138746146,False,20.416666666666664,-0.7530000000000001,2–150 km/h,Saturday,TECNO,CA.5,DA.4,TECNO,"(20.0, 30.0]","(30.0, 60.0]","(10.0, 20.0]","(10.0, 15.0]","(30.0, 60.0]"
2834,2020-02-29 09:10:47,2834,13436.22,,8962,2112,0,client,finished,1,prediction,8904.0,1399.0,,4723,CA.5.36,finished,finished,DA.4.37,1514,TECNO MOBILE LIMITED TECNO B1p,0,0,0.0,2020-02-29,09:10:47,Saturday,6,2,2020,False,Missing,NO OVERCHARGE,9,8.962,8.904,35.2,23.316666666666666,134.3622,,,,hommik,15.276136363636363,False,11.883333333333336,0.05799999999999983,2–150 km/h,Saturday,TECNO,CA.5,DA.4,TECNO,"(10.0, 20.0]","(30.0, 60.0]","(5.0, 10.0]","(5.0, 10.0]","(30.0, 60.0]"
2837,2020-02-29 10:37:01,2837,13377.96,,7509,2792,0,client,finished,1,prediction,7509.0,1200.0,,4626,CI.4.17,finished,finished,DA.4.37,1776,Infinix X572,0,1,0.0,2020-02-29,10:37:01,Saturday,6,2,2020,False,Missing,NO OVERCHARGE,10,7.509,7.509,46.53333333333333,20.0,133.7796,,,,hommik,9.682091690544413,False,26.53333333333333,0.0,2–150 km/h,Saturday,INFINIX,CI.4,DA.4,Infinix,"(20.0, 30.0]","(30.0, 60.0]","(5.0, 10.0]","(5.0, 10.0]","(30.0, 60.0]"
2838,2020-02-29 12:10:56,2838,26325.24,,12208,7547,0,client,finished,1,prediction,8822.0,1638.0,driver_waypoint_changed,4634,CA.5.36,finished,finished,DA.4.41,1092,TECNO F3,0,0,0.0,2020-02-29,12:10:56,Saturday,6,2,2020,False,Missing,NO OVERCHARGE,12,12.208,8.822,125.78333333333333,27.3,263.2524,,,,hommik,5.8233470253080695,False,98.48333333333333,3.386000000000001,2–150 km/h,Saturday,TECNO,CA.5,DA.4,TECNO,"(60.0, inf]","(60.0, inf]","(10.0, 20.0]","(10.0, 15.0]","(60.0, inf]"
2839,2020-02-29 11:12:57,2839,22647.72,,14959,4191,1,client,finished,1,prediction,12468.0,1833.0,,4726,CA.4.61,finished,finished,DA.4.37,1233,HMD Global Nokia 2.2,0,0,0.0,2020-02-29,11:12:57,Saturday,6,2,2020,False,Missing,NO OVERCHARGE,11,14.959,12.468,69.85,30.55,226.4772,,,,hommik,12.849534717251252,False,39.3,2.4909999999999997,2–150 km/h,Saturday,NOKIA,CA.4,DA.4,Other,"(30.0, 60.0]","(60.0, inf]","(10.0, 20.0]","(10.0, 15.0]","(60.0, inf]"
2840,2020-02-29 10:50:37,2840,7433.52,,4564,998,0,client,finished,1,prediction,4564.0,764.0,,4630,CI.4.19,finished,finished,DA.4.41,1,Infinix X572,0,0,0.0,2020-02-29,10:50:37,Saturday,6,2,2020,False,Missing,NO OVERCHARGE,10,4.564,4.564,16.633333333333333,12.733333333333333,74.3352,,,,hommik,16.463326653306616,False,3.9000000000000004,0.0,2–150 km/h,Saturday,INFINIX,CI.4,DA.4,Infinix,"(0.0, 5.0]","(10.0, 20.0]","(2.0, 5.0]","(2.0, 5.0]","(15.0, 20.0]"
2841,2020-02-29 11:16:42,2841,8377.74,,5341,1130,1,client,finished,1,prediction,3888.0,625.0,,4678,CA.5.27,finished,finished,DA.4.16,393,HMD Global TA-1054,0,0,0.0,2020-02-29,11:16:42,Saturday,6,2,2020,False,Missing,NO OVERCHARGE,11,5.341,3.888,18.833333333333332,10.416666666666666,83.7774,,,,hommik,17.01557522123894,False,8.416666666666666,1.4530000000000003,2–150 km/h,Saturday,NOKIA,CA.5,DA.4,Other,"(5.0, 10.0]","(10.0, 20.0]","(5.0, 10.0]","(5.0, 10.0]","(15.0, 20.0]"
2842,2020-02-29 11:09:23,2842,9664.74,,7543,752,0,client,finished,1,prediction,3169.0,488.0,,4650,CA.5.04,finished,finished,DA.4.42,1351,TECNO-J8,0,0,0.0,2020-02-29,11:09:23,Saturday,6,2,2020,False,Missing,NO OVERCHARGE,11,7.543,3.169,12.533333333333333,8.133333333333333,96.6474,,,,hommik,36.11010638297873,False,4.4,4.3740000000000006,2–150 km/h,Saturday,TECNO,CA.5,DA.4,TECNO,"(0.0, 5.0]","(10.0, 20.0]","(5.0, 10.0]","(5.0, 10.0]","(10.0, 15.0]"
2843,2020-02-29 11:57:17,2843,18594.72,,13172,2859,1,client,finished,1,prediction,12094.0,2014.0,,4637,CA.5.45,finished,finished,DA.4.37,1388,Samsung SM-J730F,0,0,0.0,2020-02-29,11:57:17,Saturday,6,2,2020,False,Missing,NO OVERCHARGE,11,13.172,12.094,47.65,33.56666666666667,185.9472,,,,hommik,16.585939139559287,False,14.083333333333329,1.0780000000000012,2–150 km/h,Saturday,SAMSUNG,CA.5,DA.4,Samsung,"(10.0, 20.0]","(30.0, 60.0]","(10.0, 20.0]","(10.0, 15.0]","(30.0, 60.0]"
2844,2020-02-29 11:18:33,2844,7567.74,,4884,914,1,client,finished,1,prediction,3340.0,533.0,,1074,CA.5.45,finished,finished,DA.4.41,803,Samsung SM-G920V,0,1,0.0,2020-02-29,11:18:33,Saturday,6,2,2020,False,Missing,NO OVERCHARGE,11,4.884,3.34,15.233333333333333,8.883333333333333,75.67739999999999,,,,hommik,19.23676148796499,False,6.35,1.5440000000000005,2–150 km/h,Saturday,SAMSUNG,CA.5,DA.4,Samsung,"(5.0, 10.0]","(10.0, 20.0]","(2.0, 5.0]","(2.0, 5.0]","(15.0, 20.0]"
2845,2020-02-29 12:25:16,2845,62667.96,,39844,4322,0,client,finished,2,prediction,39844.0,4449.0,client_destination_changed,4638,CA.5.44,finished,finished,DA.4.42,1911,INFINIX MOBILITY LIMITED Infinix X608,0,0,0.0,2020-02-29,12:25:16,Saturday,6,2,2020,False,Missing,NO OVERCHARGE,12,39.844,39.844,72.03333333333333,74.15,626.6795999999999,,,,hommik,33.18796853308654,False,-2.1166666666666742,0.0,2–150 km/h,Saturday,INFINIX,CA.5,DA.4,Infinix,"(-5.0, 0.0]","(60.0, inf]","(30.0, 50.0]","(20.0, inf]","(60.0, inf]"
2846,2020-02-29 12:17:28,2846,20807.76,,13803,3757,0,client,finished,2,prediction,15361.0,2999.0,client_destination_changed,4644,CA.5.44,finished,finished,DA.4.39,994,TECNO-J8,0,0,0.0,2020-02-29,12:17:28,Saturday,6,2,2020,False,Missing,NO OVERCHARGE,12,13.803,15.361,62.61666666666667,49.983333333333334,208.0776,,,,hommik,13.226191109928134,False,12.633333333333333,-1.5579999999999998,2–150 km/h,Saturday,TECNO,CA.5,DA.4,TECNO,"(10.0, 20.0]","(60.0, inf]","(10.0, 20.0]","(10.0, 15.0]","(60.0, inf]"
2849,2020-02-29 11:47:09,2849,9373.02,,4897,1889,0,client,finished,1,prediction,4897.0,832.0,,4820,CA.5.44,finished,finished,DA.4.37,1037,TECNO K9,0,0,0.0,2020-02-29,11:47:09,Saturday,6,2,2020,False,Missing,NO OVERCHARGE,11,4.897,4.897,31.483333333333334,13.866666666666667,93.73020000000001,,,,hommik,9.332556908417153,False,17.616666666666667,0.0,2–150 km/h,Saturday,TECNO,CA.5,DA.4,TECNO,"(10.0, 20.0]","(30.0, 60.0]","(2.0, 5.0]","(2.0, 5.0]","(30.0, 60.0]"
2850,2020-02-29 12:05:30,2850,13205.76,,9133,1903,1,client,finished,1,prediction,6685.0,1079.0,,4661,CA.4.65,finished,finished,DI.3.33,212,"iPhone8,1",0,0,0.0,2020-02-29,12:05:30,Saturday,6,2,2020,False,Missing,NO OVERCHARGE,12,9.133,6.685,31.716666666666665,17.983333333333334,132.0576,,,,hommik,17.27735155018392,False,13.73333333333333,2.4479999999999995,2–150 km/h,Saturday,APPLE,CA.4,DI.3,Apple,"(10.0, 20.0]","(30.0, 60.0]","(5.0, 10.0]","(5.0, 10.0]","(30.0, 60.0]"
2851,2020-02-29 12:26:42,2851,48292.74,,33423,2084,1,client,finished,1,prediction,36672.0,2317.0,,4641,CA.4.62,finished,finished,DA.4.39,1149,TECNO MOBILE LIMITED TECNO KB7j,0,0,0.0,2020-02-29,12:26:42,Saturday,6,2,2020,False,Missing,NO OVERCHARGE,12,33.423,36.672,34.733333333333334,38.61666666666667,482.9274,,,,hommik,57.736468330134365,False,-3.883333333333333,-3.2489999999999952,2–150 km/h,Saturday,TECNO,CA.4,DA.4,TECNO,"(-5.0, 0.0]","(30.0, 60.0]","(30.0, 50.0]","(20.0, inf]","(30.0, 60.0]"
2852,2020-02-29 12:35:30,2852,15510.54,,11301,2095,0,client,finished,1,prediction,11301.0,1575.0,,1347,CA.5.45,finished,finished,DA.4.37,1514,TECNO MOBILE LIMITED TECNO B1p,0,1,0.0,2020-02-29,12:35:30,Saturday,6,2,2020,False,Missing,NO OVERCHARGE,12,11.301,11.301,34.916666666666664,26.25,155.1054,,,,hommik,19.41937947494033,False,8.666666666666664,0.0,2–150 km/h,Saturday,TECNO,CA.5,DA.4,TECNO,"(5.0, 10.0]","(30.0, 60.0]","(10.0, 20.0]","(10.0, 15.0]","(30.0, 60.0]"
2856,2020-02-29 13:50:08,2856,102942.92,,37968,4232,1,client,finished,1,prediction,15475.0,1786.0,,4680,CA.5.43,finished,finished,DA.4.19,394,HUAWEI FRD-L09,0,0,0.0,2020-02-29,13:50:08,Saturday,6,2,2020,False,Missing,NO OVERCHARGE,13,37.968,15.475,70.53333333333333,29.766666666666666,1029.4292,,,,lõuna,32.297920604914935,False,40.766666666666666,22.493000000000002,2–150 km/h,Saturday,HUAWEI,CA.5,DA.4,Huawei,"(30.0, 60.0]","(60.0, inf]","(30.0, 50.0]","(20.0, inf]","(60.0, inf]"
2857,2020-02-29 13:07:23,2857,10654.74,,6989,1562,1,client,finished,1,prediction,6494.0,1045.0,,4649,CI.4.19,finished,finished,DI.3.36,10,"iPhone8,2",0,0,0.0,2020-02-29,13:07:23,Saturday,6,2,2020,False,Missing,NO OVERCHARGE,13,6.989,6.494,26.033333333333335,17.416666666666668,106.5474,,,,lõuna,16.107810499359797,False,8.616666666666667,0.4950000000000001,2–150 km/h,Saturday,APPLE,CI.4,DI.3,Apple,"(5.0, 10.0]","(20.0, 30.0]","(5.0, 10.0]","(5.0, 10.0]","(20.0, 30.0]"
2859,2020-02-29 13:11:00,2859,2000.0,,255,316,0,client,finished,2,prediction,4256.0,621.0,client_destination_changed,4645,CI.4.14,finished,finished,DA.4.41,2026,TECNO L8 Lite,0,0,0.0,2020-02-29,13:11:00,Saturday,6,2,2020,False,Missing,NO OVERCHARGE,13,0.255,4.256,5.266666666666667,10.35,20.0,,,,lõuna,2.9050632911392404,False,-5.083333333333333,-4.001,2–150 km/h,Saturday,TECNO,CI.4,DA.4,TECNO,"(-10.0, -5.0]","(5.0, 10.0]","(0.0, 2.0]","(0.0, 2.0]","(5.0, 10.0]"
2860,2020-02-29 13:59:00,2860,14432.76,,11188,1561,1,client,finished,1,prediction,10741.0,1586.0,,4656,CA.5.42,finished,finished,DA.4.37,1548,Samsung SM-N950F,0,0,0.0,2020-02-29,13:59:00,Saturday,6,2,2020,False,Missing,NO OVERCHARGE,13,11.188,10.741,26.016666666666666,26.433333333333334,144.3276,,,,lõuna,25.801921844971172,False,-0.41666666666666785,0.44700000000000095,2–150 km/h,Saturday,SAMSUNG,CA.5,DA.4,Samsung,"(-5.0, 0.0]","(20.0, 30.0]","(10.0, 20.0]","(10.0, 15.0]","(20.0, 30.0]"
2862,2020-02-29 14:16:02,2862,6000.0,,159,162,1,client,finished,1,prediction,3070.0,857.0,,4658,CI.4.14,finished,finished,DA.4.39,2112,TECNO MOBILE LIMITED TECNO CF7k,0,0,0.0,2020-02-29,14:16:02,Saturday,6,2,2020,False,Missing,NO OVERCHARGE,14,0.159,3.07,2.7,14.283333333333333,60.0,,,,lõuna,3.5333333333333337,False,-11.583333333333332,-2.911,2–150 km/h,Saturday,TECNO,CI.4,DA.4,TECNO,,"(0.0, 5.0]","(0.0, 2.0]","(0.0, 2.0]","(0.0, 5.0]"
2863,2020-02-29 15:21:54,2863,7899.78,,9,3486,0,client,finished,1,prediction,5876.0,1154.0,,4665,CI.4.16,finished,finished,DA.4.42,1613,HUAWEI LLD-L31,0,0,0.0,2020-02-29,15:21:54,Saturday,6,2,2020,False,Missing,NO OVERCHARGE,15,0.009,5.876,58.1,19.233333333333334,78.9978,,,,lõuna,0.009294320137693633,False,38.86666666666667,-5.867,<2 km/h,Saturday,HUAWEI,CI.4,DA.4,Huawei,"(30.0, 60.0]","(30.0, 60.0]","(0.0, 2.0]","(0.0, 2.0]","(30.0, 60.0]"
2867,2020-02-29 15:53:27,2867,13933.74,,10123,1814,0,client,finished,1,prediction,10123.0,1294.0,,4670,CI.4.05,finished,finished,DA.4.37,1514,TECNO MOBILE LIMITED TECNO B1p,0,1,0.0,2020-02-29,15:53:27,Saturday,6,2,2020,False,Missing,NO OVERCHARGE,15,10.123,10.123,30.233333333333334,21.566666666666666,139.3374,,,,lõuna,20.089746416758548,False,8.666666666666668,0.0,2–150 km/h,Saturday,TECNO,CI.4,DA.4,TECNO,"(5.0, 10.0]","(30.0, 60.0]","(10.0, 20.0]","(10.0, 15.0]","(30.0, 60.0]"
2871,2020-02-29 16:34:25,2871,11653.98,,7324,1945,1,client,finished,1,prediction,6789.0,1120.0,,4674,CA.4.82,finished,finished,DA.4.39,833,TECNO MOBILE LIMITED TECNO CF7,0,0,0.0,2020-02-29,16:34:25,Saturday,6,2,2020,False,Missing,NO OVERCHARGE,16,7.324,6.789,32.416666666666664,18.666666666666668,116.5398,,,,lõuna,13.555989717223651,False,13.749999999999996,0.5350000000000001,2–150 km/h,Saturday,TECNO,CA.4,DA.4,TECNO,"(10.0, 20.0]","(30.0, 60.0]","(5.0, 10.0]","(5.0, 10.0]","(30.0, 60.0]"
2872,2020-02-29 18:54:19,2872,23300.76,,6226,8833,0,client,finished,1,prediction,0.0,0.0,,4752,CA.5.44,finished,finished,DA.4.39,1702,HMD Global Nokia 2.2,0,0,0.0,2020-02-29,18:54:19,Saturday,6,2,2020,False,Missing,NO OVERCHARGE,18,6.226,0.0,147.21666666666667,0.0,233.0076,,,,lõuna,2.5374844333748445,False,147.21666666666667,6.226,2–150 km/h,Saturday,NOKIA,CA.5,DA.4,Other,"(60.0, inf]","(60.0, inf]","(5.0, 10.0]","(5.0, 10.0]","(60.0, inf]"
2877,2020-02-29 17:28:38,2877,9527.04,,5773,1546,0,client,finished,1,prediction,6543.0,1162.0,,4859,CA.5.42,finished,finished,DA.4.39,1041,Itel it1407,0,0,0.0,2020-02-29,17:28:38,Saturday,6,2,2020,False,Missing,NO OVERCHARGE,17,5.773,6.543,25.766666666666666,19.366666666666667,95.27040000000001,,,,lõuna,13.442949547218628,False,6.399999999999999,-0.7700000000000005,2–150 km/h,Saturday,ITEL,CA.5,DA.4,Itel,"(5.0, 10.0]","(20.0, 30.0]","(5.0, 10.0]","(5.0, 10.0]","(20.0, 30.0]"
2882,2020-02-29 18:06:26,2882,10250.04,,6605,1528,1,client,finished,1,prediction,5970.0,1105.0,,4683,CA.5.44,finished,finished,DA.4.39,1847,TECNO CX Air,0,0,0.0,2020-02-29,18:06:26,Saturday,6,2,2020,False,Missing,NO OVERCHARGE,18,6.605,5.97,25.466666666666665,18.416666666666668,102.50040000000001,,,,lõuna,15.56151832460733,False,7.049999999999997,0.6350000000000007,2–150 km/h,Saturday,TECNO,CA.5,DA.4,TECNO,"(5.0, 10.0]","(20.0, 30.0]","(5.0, 10.0]","(5.0, 10.0]","(20.0, 30.0]"
2883,2020-02-29 18:41:38,2883,9074.28,,5876,1245,1,client,finished,2,prediction,11509.0,1906.0,client_destination_changed,4685,CA.5.44,finished,finished,DA.4.39,1112,TECNO MOBILE LIMITED TECNO LA7,0,0,0.0,2020-02-29,18:41:38,Saturday,6,2,2020,False,Missing,NO OVERCHARGE,18,5.876,11.509,20.75,31.766666666666666,90.7428,,,,lõuna,16.990843373493977,False,-11.016666666666666,-5.633,2–150 km/h,Saturday,TECNO,CA.5,DA.4,TECNO,,"(20.0, 30.0]","(5.0, 10.0]","(5.0, 10.0]","(20.0, 30.0]"
2885,2020-02-29 19:18:24,2885,13849.02,,12876,413,0,client,finished,1,prediction,8896.0,1297.0,,4774,CI.4.14,finished,finished,DA.4.37,654,TECNO MOBILE LIMITED TECNO KA7,0,1,0.0,2020-02-29,19:18:24,Saturday,6,2,2020,False,Missing,NO OVERCHARGE,19,12.876,8.896,6.883333333333334,21.616666666666667,138.49020000000002,,,,õhtu,112.2363196125908,False,-14.733333333333334,3.9799999999999986,2–150 km/h,Saturday,TECNO,CI.4,DA.4,TECNO,,"(5.0, 10.0]","(10.0, 20.0]","(10.0, 15.0]","(5.0, 10.0]"
2887,2020-02-29 19:05:16,2887,7238.22,,4424,960,1,client,finished,1,prediction,3904.0,868.0,,4722,CA.4.92,finished,finished,DA.4.39,1294,TECNO F3,0,0,0.0,2020-02-29,19:05:16,Saturday,6,2,2020,False,Missing,NO OVERCHARGE,19,4.424,3.904,16.0,14.466666666666667,72.3822,,,,õhtu,16.59,False,1.5333333333333332,0.5200000000000005,2–150 km/h,Saturday,TECNO,CA.4,DA.4,TECNO,"(0.0, 5.0]","(10.0, 20.0]","(2.0, 5.0]","(2.0, 5.0]","(15.0, 20.0]"
2892,2020-02-29 20:41:04,2892,21918.54,,13135,4687,0,client,finished,1,prediction,11712.0,1922.0,,4694,CI.4.19,finished,finished,DA.4.39,1187,Alps NODROPOUT T25,0,0,0.0,2020-02-29,20:41:04,Saturday,6,2,2020,False,Missing,NO OVERCHARGE,20,13.135,11.712,78.11666666666666,32.03333333333333,219.18540000000002,,,,õhtu,10.088756133987625,False,46.08333333333333,1.423,2–150 km/h,Saturday,Other,CI.4,DA.4,Other,"(30.0, 60.0]","(60.0, inf]","(10.0, 20.0]","(10.0, 15.0]","(60.0, inf]"
2900,2020-02-29 21:55:29,2900,14385.54,,9829,2203,0,client,finished,1,prediction,9829.0,1327.0,,4701,CA.5.32,finished,finished,DA.4.42,1301,INFINIX MOBILITY LIMITED Infinix X573,0,0,0.0,2020-02-29,21:55:29,Saturday,6,2,2020,False,Missing,NO OVERCHARGE,21,9.829,9.829,36.71666666666667,22.116666666666667,143.8554,,,,õhtu,16.061915569677712,False,14.600000000000001,0.0,2–150 km/h,Saturday,INFINIX,CA.5,DA.4,Infinix,"(10.0, 20.0]","(30.0, 60.0]","(5.0, 10.0]","(5.0, 10.0]","(30.0, 60.0]"
2903,2020-02-29 22:26:07,2903,47918.74,,33967,1400,0,client,finished,1,prediction,10747.0,1266.0,,4704,CA.5.40,finished,finished,DA.4.42,1351,TECNO-J8,0,0,0.0,2020-02-29,22:26:07,Saturday,6,2,2020,False,Missing,NO OVERCHARGE,22,33.967,10.747,23.333333333333332,21.1,479.18739999999997,,,,õhtu,87.3437142857143,False,2.2333333333333307,23.22,2–150 km/h,Saturday,TECNO,CA.5,DA.4,TECNO,"(0.0, 5.0]","(20.0, 30.0]","(30.0, 50.0]","(20.0, inf]","(20.0, 30.0]"
2907,2020-02-29 22:52:53,2907,6564.78,,3880,858,1,client,finished,1,prediction,3380.0,465.0,,60,CA.5.36,finished,finished,DA.4.34,1264,SHARP 403SH,0,0,0.0,2020-02-29,22:52:53,Saturday,6,2,2020,False,Missing,NO OVERCHARGE,22,3.88,3.38,14.3,7.75,65.6478,,,,õhtu,16.27972027972028,False,6.550000000000001,0.5,2–150 km/h,Saturday,SHARP,CA.5,DA.4,Other,"(5.0, 10.0]","(10.0, 20.0]","(2.0, 5.0]","(2.0, 5.0]","(10.0, 15.0]"
2909,2020-02-29 23:21:28,2909,8456.76,,5324,1183,1,client,finished,1,prediction,3692.0,480.0,,4707,CA.4.73,finished,finished,DI.3.33,137,"iPhone5,1",0,0,0.0,2020-02-29,23:21:28,Saturday,6,2,2020,False,Missing,NO OVERCHARGE,23,5.324,3.692,19.716666666666665,8.0,84.5676,,,,õhtu,16.201521555367712,False,11.716666666666665,1.6319999999999997,2–150 km/h,Saturday,APPLE,CA.4,DI.3,Apple,"(10.0, 20.0]","(10.0, 20.0]","(5.0, 10.0]","(5.0, 10.0]","(15.0, 20.0]"
2920,2020-03-01 01:18:54,2920,6776.76,,4479,679,1,client,finished,1,prediction,4492.0,699.0,,38,CI.4.17,finished,finished,DA.4.39,1365,TECNO MOBILE LIMITED TECNO F3,0,0,0.0,2020-03-01,01:18:54,Sunday,7,3,2020,False,Missing,NO OVERCHARGE,1,4.479,4.492,11.316666666666666,11.65,67.7676,,,,öö,23.747275405007365,False,-0.3333333333333339,-0.0129999999999999,2–150 km/h,Sunday,TECNO,CI.4,DA.4,TECNO,"(-5.0, 0.0]","(10.0, 20.0]","(2.0, 5.0]","(2.0, 5.0]","(10.0, 15.0]"
2922,2020-03-01 01:54:18,2922,12802.5,,9895,1305,1,client,finished,1,prediction,6831.0,850.0,,4713,CA.5.36,finished,finished,DA.4.39,1963,HMD Global TA-1032,0,0,0.0,2020-03-01,01:54:18,Sunday,7,3,2020,False,Missing,NO OVERCHARGE,1,9.895,6.831,21.75,14.166666666666666,128.025,,,,öö,27.29655172413793,False,7.583333333333334,3.063999999999999,2–150 km/h,Sunday,NOKIA,CA.5,DA.4,Other,"(5.0, 10.0]","(20.0, 30.0]","(5.0, 10.0]","(5.0, 10.0]","(20.0, 30.0]"
2923,2020-03-01 02:02:59,2923,13135.02,,9409,1727,1,client,finished,1,prediction,6765.0,824.0,,4715,CI.4.17,finished,finished,DA.4.39,1967,TECNO-J8,0,0,0.0,2020-03-01,02:02:59,Sunday,7,3,2020,False,Missing,NO OVERCHARGE,2,9.409,6.765,28.783333333333335,13.733333333333333,131.3502,,,,öö,19.613433700057904,False,15.050000000000002,2.644000000000001,2–150 km/h,Sunday,TECNO,CI.4,DA.4,TECNO,"(10.0, 20.0]","(20.0, 30.0]","(5.0, 10.0]","(5.0, 10.0]","(20.0, 30.0]"
2930,2020-03-01 03:10:00,2930,15747.98,,4800,916,1,client,finished,1,prediction,5274.0,546.0,,449,CA.4.93,finished,finished,DA.4.16,266,Samsung SM-J400F,0,0,0.0,2020-03-01,03:10:00,Sunday,7,3,2020,False,Missing,NO OVERCHARGE,3,4.8,5.274,15.266666666666667,9.1,157.47979999999998,,,,öö,18.8646288209607,False,6.166666666666668,-0.4740000000000002,2–150 km/h,Sunday,SAMSUNG,CA.4,DA.4,Samsung,"(5.0, 10.0]","(10.0, 20.0]","(2.0, 5.0]","(2.0, 5.0]","(15.0, 20.0]"
2936,2020-03-01 07:37:58,2936,14369.28,,11246,1497,0,client,finished,2,prediction,11246.0,1678.0,client_destination_changed,4824,CI.4.19,finished,finished,DA.4.39,510,HMD Global Nokia 1,0,0,0.0,2020-03-01,07:37:58,Sunday,7,3,2020,False,Missing,NO OVERCHARGE,7,11.246,11.246,24.95,27.966666666666665,143.6928,,,,hommik,27.04448897795591,False,-3.0166666666666657,0.0,2–150 km/h,Sunday,NOKIA,CI.4,DA.4,Other,"(-5.0, 0.0]","(20.0, 30.0]","(10.0, 20.0]","(10.0, 15.0]","(20.0, 30.0]"
2937,2020-03-01 07:29:36,2937,9484.26,,7467,688,0,client,finished,1,prediction,7467.0,1032.0,,4727,CA.5.36,finished,finished,DI.3.36,104,"iPhone8,1",0,0,0.0,2020-03-01,07:29:36,Sunday,7,3,2020,False,Missing,NO OVERCHARGE,7,7.467,7.467,11.466666666666667,17.2,94.8426,,,,hommik,39.07151162790698,False,-5.7333333333333325,0.0,2–150 km/h,Sunday,APPLE,CA.5,DI.3,Apple,"(-10.0, -5.0]","(10.0, 20.0]","(5.0, 10.0]","(5.0, 10.0]","(10.0, 15.0]"
2938,2020-03-01 10:28:41,2938,135966.26,,49467,8626,0,client,finished,1,prediction,56536.0,4025.0,,4770,CA.5.38,finished,finished,DA.4.42,1911,INFINIX MOBILITY LIMITED Infinix X608,0,0,0.0,2020-03-01,10:28:41,Sunday,7,3,2020,False,Missing,NO OVERCHARGE,10,49.467,56.536,143.76666666666668,67.08333333333333,1359.6626,,,,hommik,20.644702063528864,False,76.68333333333335,-7.069000000000003,2–150 km/h,Sunday,INFINIX,CA.5,DA.4,Infinix,"(60.0, inf]","(60.0, inf]","(30.0, 50.0]","(20.0, inf]","(60.0, inf]"
2939,2020-03-01 08:03:05,2939,14355.24,,10237,1985,0,client,finished,1,prediction,10237.0,1383.0,,4731,CI.4.19,finished,finished,DA.4.42,1433,Samsung SM-G935F,0,0,0.0,2020-03-01,08:03:05,Sunday,7,3,2020,False,Missing,NO OVERCHARGE,8,10.237,10.237,33.083333333333336,23.05,143.5524,,,,hommik,18.565843828715366,False,10.033333333333335,0.0,2–150 km/h,Sunday,SAMSUNG,CI.4,DA.4,Samsung,"(10.0, 20.0]","(30.0, 60.0]","(10.0, 20.0]","(10.0, 15.0]","(30.0, 60.0]"
2940,2020-03-01 08:55:01,2940,19597.98,,14126,2935,1,client,finished,1,prediction,13217.0,1768.0,,788,CA.5.45,finished,finished,DA.4.39,261,INFINIX MOBILITY LIMITED Infinix X624,0,0,0.0,2020-03-01,08:55:01,Sunday,7,3,2020,False,Missing,NO OVERCHARGE,8,14.126,13.217,48.916666666666664,29.466666666666665,195.97979999999998,,,,hommik,17.326609880749572,False,19.45,0.9089999999999989,2–150 km/h,Sunday,INFINIX,CA.5,DA.4,Infinix,"(10.0, 20.0]","(30.0, 60.0]","(10.0, 20.0]","(10.0, 15.0]","(30.0, 60.0]"
2941,2020-03-01 09:13:40,2941,18501.78,,13546,2622,1,client,finished,1,prediction,11298.0,1540.0,,4738,CI.4.18,finished,finished,DA.4.37,1355,INFINIX MOBILITY LIMITED Infinix X608,0,0,0.0,2020-03-01,09:13:40,Sunday,7,3,2020,False,Missing,NO OVERCHARGE,9,13.546,11.298,43.7,25.666666666666668,185.0178,,,,hommik,18.59862700228833,False,18.033333333333335,2.2479999999999993,2–150 km/h,Sunday,INFINIX,CI.4,DA.4,Infinix,"(10.0, 20.0]","(30.0, 60.0]","(10.0, 20.0]","(10.0, 15.0]","(30.0, 60.0]"
2942,2020-03-01 09:15:44,2942,13054.5,,8641,2061,0,client,finished,2,prediction,8037.0,1581.0,client_destination_changed,4737,CI.4.19,finished,finished,DA.4.39,333,TECNO MOBILE LIMITED TECNO B1,0,0,0.0,2020-03-01,09:15:44,Sunday,7,3,2020,False,Missing,NO OVERCHARGE,9,8.641,8.037,34.35,26.35,130.545,,,,hommik,15.09344978165939,False,8.0,0.6039999999999992,2–150 km/h,Sunday,TECNO,CI.4,DA.4,TECNO,"(5.0, 10.0]","(30.0, 60.0]","(5.0, 10.0]","(5.0, 10.0]","(30.0, 60.0]"
2944,2020-03-01 09:17:12,2944,6609.96,,2956,1334,0,client,finished,1,prediction,2956.0,550.0,,4760,CI.4.19,finished,finished,DA.4.39,611,TECNO MOBILE LIMITED TECNO B1p,0,1,0.0,2020-03-01,09:17:12,Sunday,7,3,2020,False,Missing,NO OVERCHARGE,9,2.956,2.956,22.233333333333334,9.166666666666666,66.0996,,,,hommik,7.977211394302849,False,13.066666666666668,0.0,2–150 km/h,Sunday,TECNO,CI.4,DA.4,TECNO,"(10.0, 20.0]","(20.0, 30.0]","(2.0, 5.0]","(2.0, 5.0]","(20.0, 30.0]"
2946,2020-03-01 09:54:09,2946,7804.98,,4945,1009,1,client,finished,1,prediction,3475.0,470.0,,4828,CA.5.44,finished,finished,DA.4.39,1963,HMD Global TA-1032,0,1,0.0,2020-03-01,09:54:09,Sunday,7,3,2020,False,Missing,NO OVERCHARGE,9,4.945,3.475,16.816666666666666,7.833333333333333,78.04979999999999,,,,hommik,17.64321110009911,False,8.983333333333334,1.4700000000000002,2–150 km/h,Sunday,NOKIA,CA.5,DA.4,Other,"(5.0, 10.0]","(10.0, 20.0]","(2.0, 5.0]","(2.0, 5.0]","(15.0, 20.0]"
2948,2020-03-01 10:10:22,2948,11269.02,,7851,1475,1,client,finished,1,prediction,7971.0,1278.0,,4741,CI.4.19,finished,finished,DA.4.41,491,TECNO MOBILE LIMITED TECNO LC6,0,0,0.0,2020-03-01,10:10:22,Sunday,7,3,2020,False,Missing,NO OVERCHARGE,10,7.851,7.971,24.583333333333332,21.3,112.6902,,,,hommik,19.16176271186441,False,3.2833333333333314,-0.1200000000000001,2–150 km/h,Sunday,TECNO,CI.4,DA.4,TECNO,"(0.0, 5.0]","(20.0, 30.0]","(5.0, 10.0]","(5.0, 10.0]","(20.0, 30.0]"
2951,2020-03-01 10:40:30,2951,6782.6,,9647,2049,0,client,finished,1,prediction,9647.0,1475.0,,4748,CA.5.19,finished,finished,DA.4.41,492,TECNO MOBILE LIMITED TECNO B1f,0,0,0.0,2020-03-01,10:40:30,Sunday,7,3,2020,False,Missing,NO OVERCHARGE,10,9.647,9.647,34.15,24.583333333333332,67.82600000000001,,,,hommik,16.949341142020497,False,9.566666666666666,0.0,2–150 km/h,Sunday,TECNO,CA.5,DA.4,TECNO,"(5.0, 10.0]","(30.0, 60.0]","(5.0, 10.0]","(5.0, 10.0]","(30.0, 60.0]"
2953,2020-03-01 11:01:31,2953,9374.76,,6014,1345,0,client,finished,1,prediction,6014.0,1085.0,,4873,CI.4.16,finished,finished,DA.4.39,847,INFINIX MOBILITY LIMITED Infinix X650,0,1,0.0,2020-03-01,11:01:31,Sunday,7,3,2020,False,Missing,NO OVERCHARGE,11,6.014,6.014,22.416666666666668,18.083333333333332,93.7476,,,,hommik,16.096951672862453,False,4.333333333333336,0.0,2–150 km/h,Sunday,INFINIX,CI.4,DA.4,Infinix,"(0.0, 5.0]","(20.0, 30.0]","(5.0, 10.0]","(5.0, 10.0]","(20.0, 30.0]"
2954,2020-03-01 11:20:40,2954,13204.98,,8534,2197,1,client,finished,1,prediction,8355.0,1182.0,,4753,CI.4.10,finished,finished,DA.4.37,1776,Infinix X572,0,1,0.0,2020-03-01,11:20:40,Sunday,7,3,2020,False,Missing,NO OVERCHARGE,11,8.534,8.355,36.61666666666667,19.7,132.0498,,,,hommik,13.983796085571234,False,16.916666666666668,0.17900000000000027,2–150 km/h,Sunday,INFINIX,CI.4,DA.4,Infinix,"(10.0, 20.0]","(30.0, 60.0]","(5.0, 10.0]","(5.0, 10.0]","(30.0, 60.0]"
2955,2020-03-01 11:26:25,2955,21027.4,,8210,2699,1,client,finished,1,prediction,4704.0,651.0,,4756,CA.5.45,finished,finished,DA.4.16,266,Samsung SM-J400F,0,1,0.0,2020-03-01,11:26:25,Sunday,7,3,2020,False,Missing,NO OVERCHARGE,11,8.21,4.704,44.983333333333334,10.85,210.274,,,,hommik,10.950722489811042,False,34.13333333333333,3.506000000000001,2–150 km/h,Sunday,SAMSUNG,CA.5,DA.4,Samsung,"(30.0, 60.0]","(30.0, 60.0]","(5.0, 10.0]","(5.0, 10.0]","(30.0, 60.0]"
2962,2020-03-01 13:36:37,2962,16200.48,,9643,3286,1,client,finished,1,prediction,9036.0,1083.0,,4778,CA.5.43,finished,finished,DA.4.16,1217,Samsung SAMSUNG-SM-G900A,0,0,0.0,2020-03-01,13:36:37,Sunday,7,3,2020,False,Missing,NO OVERCHARGE,13,9.643,9.036,54.766666666666666,18.05,162.0048,,,,lõuna,10.564455264759586,False,36.71666666666667,0.6070000000000011,2–150 km/h,Sunday,SAMSUNG,CA.5,DA.4,Samsung,"(30.0, 60.0]","(30.0, 60.0]","(5.0, 10.0]","(5.0, 10.0]","(30.0, 60.0]"
2963,2020-03-01 13:23:17,2963,21948.72,,17816,1329,0,client,finished,1,prediction,6899.0,1379.0,,4781,CA.5.26,finished,finished,DA.4.42,1351,TECNO-J8,0,0,0.0,2020-03-01,13:23:17,Sunday,7,3,2020,False,Missing,NO OVERCHARGE,13,17.816,6.899,22.15,22.983333333333334,219.4872,,,,lõuna,48.26004514672686,False,-0.8333333333333357,10.916999999999998,2–150 km/h,Sunday,TECNO,CA.5,DA.4,TECNO,"(-5.0, 0.0]","(20.0, 30.0]","(10.0, 20.0]","(15.0, 20.0]","(20.0, 30.0]"
2964,2020-03-01 14:23:25,2964,33488.26,,22566,3478,1,client,finished,1,prediction,23533.0,3360.0,,4771,CI.4.19,finished,finished,DA.4.41,1753,TECNO L9 Plus,0,1,0.0,2020-03-01,14:23:25,Sunday,7,3,2020,False,Missing,NO OVERCHARGE,14,22.566,23.533,57.96666666666667,56.0,334.8826,,,,lõuna,23.357561817136286,False,1.9666666666666686,-0.9670000000000023,2–150 km/h,Sunday,TECNO,CI.4,DA.4,TECNO,"(0.0, 5.0]","(30.0, 60.0]","(20.0, 30.0]","(20.0, inf]","(30.0, 60.0]"
2965,2020-03-01 13:39:39,2965,11439.6,,4200,1146,1,client,finished,1,prediction,4928.0,734.0,,4878,CA.5.45,finished,finished,DA.4.16,266,Samsung SM-J400F,0,1,0.0,2020-03-01,13:39:39,Sunday,7,3,2020,False,Missing,NO OVERCHARGE,13,4.2,4.928,19.1,12.233333333333333,114.396,,,,lõuna,13.193717277486911,False,6.866666666666669,-0.7279999999999998,2–150 km/h,Sunday,SAMSUNG,CA.5,DA.4,Samsung,"(5.0, 10.0]","(10.0, 20.0]","(2.0, 5.0]","(2.0, 5.0]","(15.0, 20.0]"
2966,2020-03-01 14:34:05,2966,17502.78,,11885,2892,1,client,finished,1,prediction,10637.0,1636.0,,4807,CA.5.45,finished,finished,DA.4.41,718,TECNO MOBILE LIMITED TECNO KA7,0,0,0.0,2020-03-01,14:34:05,Sunday,7,3,2020,False,Missing,NO OVERCHARGE,14,11.885,10.637,48.2,27.266666666666666,175.02779999999998,,,,lõuna,14.79460580912863,False,20.933333333333337,1.2479999999999993,2–150 km/h,Sunday,TECNO,CA.5,DA.4,TECNO,"(20.0, 30.0]","(30.0, 60.0]","(10.0, 20.0]","(10.0, 15.0]","(30.0, 60.0]"
2967,2020-03-01 14:02:47,2967,9100.5,,6411,999,1,client,finished,1,prediction,11688.0,1507.0,,4773,CI.4.14,finished,finished,DA.4.39,1900,Alps F9 Pro,0,0,0.0,2020-03-01,14:02:47,Sunday,7,3,2020,False,Missing,NO OVERCHARGE,14,6.411,11.688,16.65,25.116666666666667,91.005,,,,lõuna,23.102702702702704,False,-8.466666666666669,-5.277000000000001,2–150 km/h,Sunday,Other,CI.4,DA.4,Other,"(-10.0, -5.0]","(10.0, 20.0]","(5.0, 10.0]","(5.0, 10.0]","(15.0, 20.0]"
2968,2020-03-01 14:42:49,2968,25135.52,,17511,3338,0,client,finished,1,prediction,17206.0,2004.0,,4772,CA.5.36,finished,finished,DA.4.39,1329,TECNO MOBILE LIMITED TECNO B1p,0,1,0.0,2020-03-01,14:42:49,Sunday,7,3,2020,False,Missing,NO OVERCHARGE,14,17.511,17.206,55.63333333333333,33.4,251.3552,,,,lõuna,18.885440383463152,False,22.233333333333334,0.3049999999999997,2–150 km/h,Sunday,TECNO,CA.5,DA.4,TECNO,"(20.0, 30.0]","(30.0, 60.0]","(10.0, 20.0]","(15.0, 20.0]","(30.0, 60.0]"
2969,2020-03-01 14:39:39,2969,6000.0,,966,523,1,client,finished,1,prediction,1990.0,521.0,,4775,CA.5.42,finished,finished,DA.4.42,868,Samsung SM-G935W8,0,0,0.0,2020-03-01,14:39:39,Sunday,7,3,2020,False,Missing,NO OVERCHARGE,14,0.966,1.99,8.716666666666667,8.683333333333334,60.0,,,,lõuna,6.649330783938815,False,0.033333333333333215,-1.024,2–150 km/h,Sunday,SAMSUNG,CA.5,DA.4,Samsung,"(0.0, 5.0]","(5.0, 10.0]","(0.0, 2.0]","(0.0, 2.0]","(5.0, 10.0]"
2970,2020-03-01 14:57:28,2970,11452.26,,8735,1138,0,client,finished,1,prediction,8119.0,1072.0,,4776,CA.5.40,finished,finished,DA.4.42,1545,TECNO-J8,0,1,0.0,2020-03-01,14:57:28,Sunday,7,3,2020,False,Missing,NO OVERCHARGE,14,8.735,8.119,18.966666666666665,17.866666666666667,114.5226,,,,lõuna,27.63268892794376,False,1.0999999999999979,0.6159999999999997,2–150 km/h,Sunday,TECNO,CA.5,DA.4,TECNO,"(0.0, 5.0]","(10.0, 20.0]","(5.0, 10.0]","(5.0, 10.0]","(15.0, 20.0]"
2972,2020-03-01 15:41:41,2971,19942.5,,14021,3177,0,client,finished,1,prediction,12429.0,2131.0,,4790,CI.4.14,finished,finished,DA.4.39,1611,TECNO CA6,0,1,0.0,2020-03-01,15:41:41,Sunday,7,3,2020,False,Missing,NO OVERCHARGE,15,14.021,12.429,52.95,35.516666666666666,199.425,,,,lõuna,15.887818696883853,False,17.433333333333337,1.5920000000000005,2–150 km/h,Sunday,TECNO,CI.4,DA.4,TECNO,"(10.0, 20.0]","(30.0, 60.0]","(10.0, 20.0]","(10.0, 15.0]","(30.0, 60.0]"
2973,2020-03-01 15:11:39,2973,6000.0,,1,205,0,client,finished,1,prediction,10524.0,1540.0,,4779,CI.4.12,finished,finished,DA.4.39,460,Foxconn TG-L800S,0,0,0.0,2020-03-01,15:11:39,Sunday,7,3,2020,False,Missing,NO OVERCHARGE,15,0.001,10.524,3.4166666666666665,25.666666666666668,60.0,,,,lõuna,0.0175609756097561,False,-22.25,-10.523,<2 km/h,Sunday,FOXCONN,CI.4,DA.4,Other,,"(0.0, 5.0]","(0.0, 2.0]","(0.0, 2.0]","(0.0, 5.0]"
2974,2020-03-01 16:21:05,2974,8334.0,,4880,1332,1,client,finished,1,prediction,3924.0,600.0,,4788,CA.5.40,finished,finished,DA.4.19,394,HUAWEI FRD-L09,0,1,0.0,2020-03-01,16:21:05,Sunday,7,3,2020,False,Missing,NO OVERCHARGE,16,4.88,3.924,22.2,10.0,83.34,,,,lõuna,13.18918918918919,False,12.2,0.956,2–150 km/h,Sunday,HUAWEI,CA.5,DA.4,Huawei,"(10.0, 20.0]","(20.0, 30.0]","(2.0, 5.0]","(2.0, 5.0]","(20.0, 30.0]"
2975,2020-03-01 16:38:59,2975,14638.02,,10310,2105,1,client,finished,1,prediction,8911.0,1324.0,,4792,CA.5.36,finished,finished,DA.4.31,748,Samsung SM-J610FN,0,0,0.0,2020-03-01,16:38:59,Sunday,7,3,2020,False,Missing,NO OVERCHARGE,16,10.31,8.911,35.083333333333336,22.066666666666666,146.3802,,,,lõuna,17.63230403800475,False,13.01666666666667,1.399000000000001,2–150 km/h,Sunday,SAMSUNG,CA.5,DA.4,Samsung,"(10.0, 20.0]","(30.0, 60.0]","(10.0, 20.0]","(10.0, 15.0]","(30.0, 60.0]"
2982,2020-03-01 17:52:07,2982,24861.5,,16756,3843,0,client,finished,1,prediction,16756.0,1854.0,,98,CA.5.40,finished,finished,DA.4.42,1424,TECNO CA6,0,1,0.0,2020-03-01,17:52:07,Sunday,7,3,2020,False,Missing,NO OVERCHARGE,17,16.756,16.756,64.05,30.9,248.615,,,,lõuna,15.69648711943794,False,33.15,0.0,2–150 km/h,Sunday,TECNO,CA.5,DA.4,TECNO,"(30.0, 60.0]","(60.0, inf]","(10.0, 20.0]","(15.0, 20.0]","(60.0, inf]"
2983,2020-03-01 18:10:03,2983,19284.54,,12778,3427,1,client,finished,1,prediction,11291.0,1702.0,,4914,CA.5.19,finished,finished,DA.4.39,875,INFINIX MOBILITY LIMITED Infinix X650B,0,0,0.0,2020-03-01,18:10:03,Sunday,7,3,2020,False,Missing,NO OVERCHARGE,18,12.778,11.291,57.11666666666667,28.366666666666667,192.8454,,,,lõuna,13.423052232273125,False,28.75,1.487,2–150 km/h,Sunday,INFINIX,CA.5,DA.4,Infinix,"(20.0, 30.0]","(30.0, 60.0]","(10.0, 20.0]","(10.0, 15.0]","(30.0, 60.0]"
2984,2020-03-01 17:24:40,2984,6000.0,,1479,1481,1,client,finished,1,prediction,7170.0,1122.0,,4793,CA.4.71,finished,finished,DA.4.42,1155,KONKA L570X,0,0,0.0,2020-03-01,17:24:40,Sunday,7,3,2020,False,Missing,NO OVERCHARGE,17,1.479,7.17,24.683333333333334,18.7,60.0,,,,lõuna,3.5951384199864957,False,5.983333333333334,-5.691,2–150 km/h,Sunday,KONKA,CA.4,DA.4,Other,"(5.0, 10.0]","(20.0, 30.0]","(0.0, 2.0]","(0.0, 2.0]","(20.0, 30.0]"
2986,2020-03-01 17:26:00,2986,6000.0,,2660,812,0,client,finished,1,prediction,2660.0,429.0,,4795,CA.5.26,finished,finished,DA.4.42,1543,TECNO MOBILE LIMITED TECNO CF7,0,1,0.0,2020-03-01,17:26:00,Sunday,7,3,2020,False,Missing,NO OVERCHARGE,17,2.66,2.66,13.533333333333333,7.15,60.0,,,,lõuna,11.793103448275863,False,6.383333333333333,0.0,2–150 km/h,Sunday,TECNO,CA.5,DA.4,TECNO,"(5.0, 10.0]","(10.0, 20.0]","(2.0, 5.0]","(2.0, 5.0]","(10.0, 15.0]"
2987,2020-03-01 17:59:24,2987,16706.52,,12040,2384,1,client,finished,1,prediction,11903.0,1726.0,,4816,CA.5.21,finished,finished,DA.4.39,1809,Samsung SM-A710F,0,0,0.0,2020-03-01,17:59:24,Sunday,7,3,2020,False,Missing,NO OVERCHARGE,17,12.04,11.903,39.733333333333334,28.766666666666666,167.0652,,,,lõuna,18.181208053691275,False,10.966666666666669,0.13699999999999868,2–150 km/h,Sunday,SAMSUNG,CA.5,DA.4,Samsung,"(10.0, 20.0]","(30.0, 60.0]","(10.0, 20.0]","(10.0, 15.0]","(30.0, 60.0]"
2988,2020-03-01 17:57:10,2988,6000.0,,3353,431,1,client,finished,1,prediction,3279.0,484.0,,4796,CI.4.19,finished,finished,DA.4.37,909,TECNO MOBILE LIMITED TECNO CA7,0,1,0.0,2020-03-01,17:57:10,Sunday,7,3,2020,False,Missing,NO OVERCHARGE,17,3.353,3.279,7.183333333333334,8.066666666666666,60.0,,,,lõuna,28.00649651972158,False,-0.8833333333333329,0.07400000000000029,2–150 km/h,Sunday,TECNO,CI.4,DA.4,TECNO,"(-5.0, 0.0]","(5.0, 10.0]","(2.0, 5.0]","(2.0, 5.0]","(5.0, 10.0]"
2989,2020-03-01 18:54:12,2989,23446.74,,16855,2984,1,client,finished,1,prediction,6961.0,1252.0,,4805,CA.5.36,finished,finished,DA.4.39,510,HMD Global Nokia 1,0,1,0.0,2020-03-01,18:54:12,Sunday,7,3,2020,False,Missing,NO OVERCHARGE,18,16.855,6.961,49.733333333333334,20.866666666666667,234.46740000000003,,,,lõuna,20.33445040214477,False,28.866666666666667,9.894,2–150 km/h,Sunday,NOKIA,CA.5,DA.4,Other,"(20.0, 30.0]","(30.0, 60.0]","(10.0, 20.0]","(15.0, 20.0]","(30.0, 60.0]"
2990,2020-03-01 19:10:47,2990,6773.46,,1179,2297,1,client,finished,1,prediction,5530.0,986.0,,4802,CI.4.17,finished,finished,DA.4.37,1375,INFINIX MOBILITY LIMITED Infinix X5515,0,0,0.0,2020-03-01,19:10:47,Sunday,7,3,2020,False,Missing,NO OVERCHARGE,19,1.179,5.53,38.28333333333333,16.433333333333334,67.7346,,,,õhtu,1.8478014801915543,False,21.849999999999998,-4.351,<2 km/h,Sunday,INFINIX,CI.4,DA.4,Infinix,"(20.0, 30.0]","(30.0, 60.0]","(0.0, 2.0]","(0.0, 2.0]","(30.0, 60.0]"
2995,2020-03-01 20:51:53,2995,13023.54,,7947,2383,0,client,finished,1,prediction,7947.0,1380.0,,4893,CA.5.45,finished,finished,DA.4.39,519,TECNO MOBILE LIMITED TECNO B1p,0,0,0.0,2020-03-01,20:51:53,Sunday,7,3,2020,False,Missing,NO OVERCHARGE,20,7.947,7.947,39.71666666666667,23.0,130.2354,,,,õhtu,12.00553923625682,False,16.71666666666667,0.0,2–150 km/h,Sunday,TECNO,CA.5,DA.4,TECNO,"(10.0, 20.0]","(30.0, 60.0]","(5.0, 10.0]","(5.0, 10.0]","(30.0, 60.0]"
2998,2020-03-01 20:51:17,2998,13170.24,,9505,1697,1,client,finished,1,prediction,7482.0,1030.0,,4811,CI.4.14,finished,finished,DA.4.39,1847,TECNO CX Air,0,0,0.0,2020-03-01,20:51:17,Sunday,7,3,2020,False,Missing,NO OVERCHARGE,20,9.505,7.482,28.283333333333335,17.166666666666668,131.7024,,,,õhtu,20.163818503241014,False,11.116666666666667,2.0230000000000006,2–150 km/h,Sunday,TECNO,CI.4,DA.4,TECNO,"(10.0, 20.0]","(20.0, 30.0]","(5.0, 10.0]","(5.0, 10.0]","(20.0, 30.0]"
3000,2020-03-01 21:09:20,3000,13522.74,,9593,1850,0,client,finished,1,prediction,4091.0,461.0,,4812,CA.5.45,finished,finished,DA.4.42,1036,OPPO CPH1803,0,0,0.0,2020-03-01,21:09:20,Sunday,7,3,2020,False,Missing,NO OVERCHARGE,21,9.593,4.091,30.833333333333332,7.683333333333334,135.2274,,,,õhtu,18.66745945945946,False,23.15,5.502,2–150 km/h,Sunday,OPPO,CA.5,DA.4,Oppo,"(20.0, 30.0]","(30.0, 60.0]","(5.0, 10.0]","(5.0, 10.0]","(30.0, 60.0]"
3002,2020-03-01 21:32:13,3002,6000.0,,213,228,0,client,finished,1,prediction,4323.0,643.0,,4813,CA.5.42,finished,finished,DA.4.37,1019,ITEL MOBILE LIMITED itel A23A,0,0,0.0,2020-03-01,21:32:13,Sunday,7,3,2020,False,Missing,NO OVERCHARGE,21,0.213,4.323,3.8,10.716666666666667,60.0,,,,õhtu,3.363157894736842,False,-6.916666666666667,-4.11,2–150 km/h,Sunday,ITEL,CA.5,DA.4,Itel,"(-10.0, -5.0]","(0.0, 5.0]","(0.0, 2.0]","(0.0, 2.0]","(0.0, 5.0]"
3004,2020-03-01 23:10:49,3004,16835.04,,13560,1708,1,client,finished,1,prediction,14448.0,1407.0,,20,CI.4.19,finished,finished,DA.4.39,933,TECNO WX3,0,0,0.0,2020-03-01,23:10:49,Sunday,7,3,2020,False,Missing,NO OVERCHARGE,23,13.56,14.448,28.466666666666665,23.45,168.3504,,,,õhtu,28.580796252927403,False,5.016666666666666,-0.8879999999999999,2–150 km/h,Sunday,TECNO,CI.4,DA.4,TECNO,"(5.0, 10.0]","(20.0, 30.0]","(10.0, 20.0]","(10.0, 15.0]","(20.0, 30.0]"
3006,2020-03-02 02:26:58,3006,10805.52,,7385,1448,0,client,finished,1,prediction,7385.0,1056.0,,4827,CA.4.52,finished,finished,DA.4.39,2059,Samsung SM-N9005,0,1,0.0,2020-03-02,02:26:58,Monday,1,3,2020,False,Missing,NO OVERCHARGE,2,7.385,7.385,24.133333333333333,17.6,108.0552,,,,öö,18.36049723756906,False,6.533333333333331,0.0,2–150 km/h,Monday,SAMSUNG,CA.4,DA.4,Samsung,"(5.0, 10.0]","(20.0, 30.0]","(5.0, 10.0]","(5.0, 10.0]","(20.0, 30.0]"
3007,2020-03-02 03:37:53,3007,13774.75,,7267,1874,0,client,finished,1,prediction,7267.0,953.0,,4815,CI.4.18,finished,finished,DA.4.39,694,TECNO L8 Lite,0,1,0.0,2020-03-02,03:37:53,Monday,1,3,2020,False,Missing,NO OVERCHARGE,3,7.267,7.267,31.233333333333334,15.883333333333333,137.7475,,,,öö,13.96008537886873,False,15.350000000000001,0.0,2–150 km/h,Monday,TECNO,CI.4,DA.4,TECNO,"(10.0, 20.0]","(30.0, 60.0]","(5.0, 10.0]","(5.0, 10.0]","(30.0, 60.0]"
3009,2020-03-02 06:05:34,3009,24233.02,,15096,4949,1,client,finished,1,prediction,8226.0,1880.0,,4821,CI.4.19,finished,finished,DA.4.42,1169,TECNO F3,0,0,0.0,2020-03-02,06:05:34,Monday,1,3,2020,False,Missing,NO OVERCHARGE,6,15.096,8.226,82.48333333333333,31.333333333333332,242.3302,,,,öö,10.981127500505153,False,51.150000000000006,6.869999999999999,2–150 km/h,Monday,TECNO,CI.4,DA.4,TECNO,"(30.0, 60.0]","(60.0, inf]","(10.0, 20.0]","(15.0, 20.0]","(60.0, inf]"
3010,2020-03-02 05:30:40,3010,13544.46,,9952,1685,1,client,finished,1,prediction,10219.0,1745.0,,4835,CA.5.38,finished,finished,DA.4.30,1441,Samsung SM-A260F,0,0,0.0,2020-03-02,05:30:40,Monday,1,3,2020,False,Missing,NO OVERCHARGE,5,9.952,10.219,28.083333333333332,29.083333333333332,135.44459999999998,,,,öö,21.262433234421366,False,-1.0,-0.26699999999999946,2–150 km/h,Monday,SAMSUNG,CA.5,DA.4,Samsung,"(-5.0, 0.0]","(20.0, 30.0]","(5.0, 10.0]","(5.0, 10.0]","(20.0, 30.0]"
3014,2020-03-02 05:57:16,3014,6000.0,,1545,565,1,client,finished,1,prediction,1698.0,427.0,,4831,CA.5.45,finished,finished,DI.3.36,218,"iPhone9,3",0,0,0.0,2020-03-02,05:57:16,Monday,1,3,2020,False,Missing,NO OVERCHARGE,5,1.545,1.698,9.416666666666666,7.116666666666666,60.0,,,,öö,9.84424778761062,False,2.3,-0.15300000000000002,2–150 km/h,Monday,APPLE,CA.5,DI.3,Apple,"(0.0, 5.0]","(5.0, 10.0]","(0.0, 2.0]","(0.0, 2.0]","(5.0, 10.0]"
3017,2020-03-02 06:56:36,3017,18131.52,,12229,3068,0,client,finished,1,prediction,12229.0,2011.0,,4829,CA.5.45,finished,finished,DA.4.41,342,TECNO MOBILE LIMITED TECNO B1,0,1,0.0,2020-03-02,06:56:36,Monday,1,3,2020,False,Missing,NO OVERCHARGE,6,12.229,12.229,51.13333333333333,33.516666666666666,181.3152,,,,öö,14.349543676662321,False,17.616666666666667,0.0,2–150 km/h,Monday,TECNO,CA.5,DA.4,TECNO,"(10.0, 20.0]","(30.0, 60.0]","(10.0, 20.0]","(10.0, 15.0]","(30.0, 60.0]"
3019,2020-03-02 07:48:10,3019,16002.54,,10050,2977,1,client,finished,1,prediction,10047.0,1610.0,,502,CA.4.92,finished,finished,DI.3.36,44,"iPhone9,4",0,0,0.0,2020-03-02,07:48:10,Monday,1,3,2020,False,Missing,NO OVERCHARGE,7,10.05,10.047,49.61666666666667,26.833333333333332,160.02540000000002,,,,hommik,12.15317433658045,False,22.783333333333335,0.0030000000000001137,2–150 km/h,Monday,APPLE,CA.4,DI.3,Apple,"(20.0, 30.0]","(30.0, 60.0]","(10.0, 20.0]","(10.0, 15.0]","(30.0, 60.0]"
3020,2020-03-02 07:40:41,3020,8298.96,,4137,1676,0,client,finished,1,prediction,5882.0,1004.0,,4843,CA.5.43,finished,finished,DA.4.39,611,TECNO MOBILE LIMITED TECNO B1p,0,0,0.0,2020-03-02,07:40:41,Monday,1,3,2020,False,Missing,NO OVERCHARGE,7,4.137,5.882,27.933333333333334,16.733333333333334,82.9896,,,,hommik,8.886157517899763,False,11.2,-1.745,2–150 km/h,Monday,TECNO,CA.5,DA.4,TECNO,"(10.0, 20.0]","(20.0, 30.0]","(2.0, 5.0]","(2.0, 5.0]","(20.0, 30.0]"
3024,2020-03-02 07:59:02,3024,6000.0,,2675,512,1,client,finished,1,prediction,3033.0,457.0,,4839,CA.5.13,finished,finished,DI.3.36,158,"iPhone6,1",0,0,-640.0,2020-03-02,07:59:02,Monday,1,3,2020,False,Negative,NO OVERCHARGE,7,2.675,3.033,8.533333333333333,7.616666666666666,60.0,,,,hommik,18.80859375,False,0.916666666666667,-0.3580000000000001,2–150 km/h,Monday,APPLE,CA.5,DI.3,Apple,"(0.0, 5.0]","(5.0, 10.0]","(2.0, 5.0]","(2.0, 5.0]","(5.0, 10.0]"
3028,2020-03-02 08:54:22,3028,7242.24,,3180,1571,0,client,finished,1,prediction,3180.0,598.0,,4847,CI.4.19,finished,finished,DA.4.39,865,Itel W6002,0,0,0.0,2020-03-02,08:54:22,Monday,1,3,2020,False,Missing,NO OVERCHARGE,8,3.18,3.18,26.183333333333334,9.966666666666667,72.4224,,,,hommik,7.287078294080204,False,16.21666666666667,0.0,2–150 km/h,Monday,ITEL,CI.4,DA.4,Itel,"(10.0, 20.0]","(20.0, 30.0]","(2.0, 5.0]","(2.0, 5.0]","(20.0, 30.0]"
3032,2020-03-02 10:44:37,3032,16952.28,,11147,2955,0,client,finished,1,prediction,11147.0,1948.0,,4862,CA.5.45,finished,finished,DA.4.39,847,INFINIX MOBILITY LIMITED Infinix X650,0,1,0.0,2020-03-02,10:44:37,Monday,1,3,2020,False,Missing,NO OVERCHARGE,10,11.147,11.147,49.25,32.46666666666667,169.5228,,,,hommik,13.58010152284264,False,16.78333333333333,0.0,2–150 km/h,Monday,INFINIX,CA.5,DA.4,Infinix,"(10.0, 20.0]","(30.0, 60.0]","(10.0, 20.0]","(10.0, 15.0]","(30.0, 60.0]"
3034,2020-03-02 10:42:34,3034,13182.72,,8992,1959,0,client,finished,1,prediction,8273.0,1372.0,,4863,CI.4.19,finished,finished,DA.4.19,2007,Samsung SM-T113,0,0,0.0,2020-03-02,10:42:34,Monday,1,3,2020,False,Missing,NO OVERCHARGE,10,8.992,8.273,32.65,22.866666666666667,131.8272,,,,hommik,16.52434915773354,False,9.783333333333331,0.7190000000000012,2–150 km/h,Monday,SAMSUNG,CI.4,DA.4,Samsung,"(5.0, 10.0]","(30.0, 60.0]","(5.0, 10.0]","(5.0, 10.0]","(30.0, 60.0]"
3036,2020-03-02 11:12:14,3036,10155.48,,5490,2026,0,client,finished,1,prediction,5490.0,813.0,,327,CI.4.19,finished,finished,DA.4.39,875,INFINIX MOBILITY LIMITED Infinix X650B,0,0,0.0,2020-03-02,11:12:14,Monday,1,3,2020,False,Missing,NO OVERCHARGE,11,5.49,5.49,33.766666666666666,13.55,101.5548,,,,hommik,9.755182625863771,False,20.216666666666665,0.0,2–150 km/h,Monday,INFINIX,CI.4,DA.4,Infinix,"(20.0, 30.0]","(30.0, 60.0]","(5.0, 10.0]","(5.0, 10.0]","(30.0, 60.0]"
3037,2020-03-02 13:16:06,3037,28166.28,,12716,8301,1,client,finished,1,prediction,7147.0,1237.0,,4929,CA.5.44,finished,finished,DA.4.37,2115,TECNO MOBILE LIMITED TECNO BA2,0,0,0.0,2020-03-02,13:16:06,Monday,1,3,2020,False,Missing,NO OVERCHARGE,13,12.716,7.147,138.35,20.616666666666667,281.6628,,,,lõuna,5.514709071196242,False,117.73333333333332,5.568999999999999,2–150 km/h,Monday,TECNO,CA.5,DA.4,TECNO,"(60.0, inf]","(60.0, inf]","(10.0, 20.0]","(10.0, 15.0]","(60.0, inf]"
3038,2020-03-02 11:35:52,3038,23930.96,,18947,1424,0,client,finished,1,prediction,9442.0,1616.0,,4868,CA.5.45,finished,finished,DA.4.42,967,HMD Global Nokia 1,0,1,0.0,2020-03-02,11:35:52,Monday,1,3,2020,False,Missing,NO OVERCHARGE,11,18.947,9.442,23.733333333333334,26.933333333333334,239.3096,,,,hommik,47.8997191011236,False,-3.1999999999999993,9.504999999999999,2–150 km/h,Monday,NOKIA,CA.5,DA.4,Other,"(-5.0, 0.0]","(20.0, 30.0]","(10.0, 20.0]","(15.0, 20.0]","(20.0, 30.0]"
3039,2020-03-02 11:46:07,3039,3285.0,,4751,792,1,client,finished,1,prediction,4703.0,832.0,,4874,CA.5.45,finished,finished,DA.4.39,1385,HMD Global Nokia 2.2,0,0,0.0,2020-03-02,11:46:07,Monday,1,3,2020,False,Missing,NO OVERCHARGE,11,4.751,4.703,13.2,13.866666666666667,32.85,,,,hommik,21.595454545454547,False,-0.6666666666666679,0.04800000000000004,2–150 km/h,Monday,NOKIA,CA.5,DA.4,Other,"(-5.0, 0.0]","(10.0, 20.0]","(2.0, 5.0]","(2.0, 5.0]","(10.0, 15.0]"
3043,2020-03-02 14:27:29,3043,15752.04,,8907,3400,1,client,finished,1,prediction,13323.0,1673.0,,4889,CA.4.87,finished,finished,DA.4.39,1420,Samsung SM-A207F,0,0,0.0,2020-03-02,14:27:29,Monday,1,3,2020,False,Missing,NO OVERCHARGE,14,8.907,13.323,56.666666666666664,27.883333333333333,157.5204,,,,lõuna,9.430941176470588,False,28.78333333333333,-4.416,2–150 km/h,Monday,SAMSUNG,CA.4,DA.4,Samsung,"(20.0, 30.0]","(30.0, 60.0]","(5.0, 10.0]","(5.0, 10.0]","(30.0, 60.0]"
3045,2020-03-02 15:10:00,3045,19536.48,,9243,5302,1,client,finished,1,prediction,8082.0,1544.0,,4891,CA.5.13,finished,finished,DA.4.16,831,Samsung SM-G611F,0,0,0.0,2020-03-02,15:10:00,Monday,1,3,2020,False,Missing,NO OVERCHARGE,15,9.243,8.082,88.36666666666666,25.733333333333334,195.3648,,,,lõuna,6.275895888344022,False,62.633333333333326,1.1609999999999996,2–150 km/h,Monday,SAMSUNG,CA.5,DA.4,Samsung,"(60.0, inf]","(60.0, inf]","(5.0, 10.0]","(5.0, 10.0]","(60.0, inf]"
3047,2020-03-02 14:11:40,3047,5789.28,,4934,1084,1,client,finished,1,prediction,5522.0,973.0,,4887,CA.5.45,finished,finished,DA.4.37,1901,Itel W5504,0,0,0.0,2020-03-02,14:11:40,Monday,1,3,2020,False,Missing,NO OVERCHARGE,14,4.934,5.522,18.066666666666666,16.216666666666665,57.892799999999994,,,,lõuna,16.3859778597786,False,1.8500000000000014,-0.5880000000000001,2–150 km/h,Monday,ITEL,CA.5,DA.4,Itel,"(0.0, 5.0]","(10.0, 20.0]","(2.0, 5.0]","(2.0, 5.0]","(15.0, 20.0]"
3048,2020-03-02 15:44:56,3048,17654.74,,8985,3523,1,client,finished,1,prediction,7119.0,1606.0,,4939,CA.5.21,finished,finished,DA.4.19,657,TECNO MOBILE LIMITED TECNO KA7O,0,0,0.0,2020-03-02,15:44:56,Monday,1,3,2020,False,Missing,NO OVERCHARGE,15,8.985,7.119,58.71666666666667,26.766666666666666,176.5474,,,,lõuna,9.181379506102754,False,31.950000000000003,1.8659999999999997,2–150 km/h,Monday,TECNO,CA.5,DA.4,TECNO,"(30.0, 60.0]","(30.0, 60.0]","(5.0, 10.0]","(5.0, 10.0]","(30.0, 60.0]"
3049,2020-03-02 15:45:20,3049,22446.72,,10519,6261,0,client,finished,2,prediction,10519.0,2308.0,client_destination_changed,4897,CI.4.17,finished,finished,DA.4.42,310,Samsung SAMSUNG-SM-G900A,0,0,0.0,2020-03-02,15:45:20,Monday,1,3,2020,False,Missing,NO OVERCHARGE,15,10.519,10.519,104.35,38.46666666666667,224.46720000000002,,,,lõuna,6.048298993770963,False,65.88333333333333,0.0,2–150 km/h,Monday,SAMSUNG,CI.4,DA.4,Samsung,"(60.0, inf]","(60.0, inf]","(10.0, 20.0]","(10.0, 15.0]","(60.0, inf]"
3050,2020-03-02 15:43:51,3050,17821.99,,1156,6090,0,client,finished,1,prediction,9519.0,1404.0,,4895,CA.5.36,finished,finished,DA.4.39,1739,TECNO MOBILE LIMITED TECNO CF7,0,0,0.0,2020-03-02,15:43:51,Monday,1,3,2020,False,Missing,NO OVERCHARGE,15,1.156,9.519,101.5,23.4,178.21990000000002,,,,lõuna,0.6833497536945813,False,78.1,-8.363,<2 km/h,Monday,TECNO,CA.5,DA.4,TECNO,"(60.0, inf]","(60.0, inf]","(0.0, 2.0]","(0.0, 2.0]","(60.0, inf]"
3051,2020-03-02 14:10:00,3051,6000.0,,2151,257,1,client,finished,1,prediction,2486.0,446.0,,4884,CA.5.44,finished,finished,DA.4.37,1199,Samsung SM-A105FN,0,0,0.0,2020-03-02,14:10:00,Monday,1,3,2020,False,Missing,NO OVERCHARGE,14,2.151,2.486,4.283333333333333,7.433333333333334,60.0,,,,lõuna,30.130739299610898,False,-3.1500000000000004,-0.3350000000000004,2–150 km/h,Monday,SAMSUNG,CA.5,DA.4,Samsung,"(-5.0, 0.0]","(0.0, 5.0]","(2.0, 5.0]","(2.0, 5.0]","(0.0, 5.0]"
3052,2020-03-02 14:52:14,3052,2886.7,,3302,1184,0,client,finished,1,prediction,3302.0,1249.0,,4888,CI.4.19,finished,finished,DA.4.41,492,TECNO MOBILE LIMITED TECNO B1f,0,1,0.0,2020-03-02,14:52:14,Monday,1,3,2020,False,Missing,NO OVERCHARGE,14,3.302,3.302,19.733333333333334,20.816666666666666,28.866999999999997,,,,lõuna,10.039864864864866,False,-1.0833333333333321,0.0,2–150 km/h,Monday,TECNO,CI.4,DA.4,TECNO,"(-5.0, 0.0]","(10.0, 20.0]","(2.0, 5.0]","(2.0, 5.0]","(15.0, 20.0]"
3053,2020-03-02 15:49:03,3053,22632.22,,16031,3264,1,client,finished,1,prediction,7794.0,1440.0,,4901,CI.4.19,finished,finished,DA.4.19,536,TECNO MOBILE LIMITED TECNO CC6,0,0,0.0,2020-03-02,15:49:03,Monday,1,3,2020,False,Missing,NO OVERCHARGE,15,16.031,7.794,54.4,24.0,226.3222,,,,lõuna,17.68125,False,30.4,8.236999999999998,2–150 km/h,Monday,TECNO,CI.4,DA.4,TECNO,"(30.0, 60.0]","(30.0, 60.0]","(10.0, 20.0]","(15.0, 20.0]","(30.0, 60.0]"
3054,2020-03-02 16:24:08,3054,10855.51,,4048,2128,1,client,finished,1,prediction,2136.0,677.0,,4902,CI.4.17,finished,finished,DA.4.39,1798,Samsung SM-G9550,0,0,0.0,2020-03-02,16:24:08,Monday,1,3,2020,False,Missing,NO OVERCHARGE,16,4.048,2.136,35.46666666666667,11.283333333333333,108.5551,,,,lõuna,6.84812030075188,False,24.183333333333337,1.912,2–150 km/h,Monday,SAMSUNG,CI.4,DA.4,Samsung,"(20.0, 30.0]","(30.0, 60.0]","(2.0, 5.0]","(2.0, 5.0]","(30.0, 60.0]"
3056,2020-03-02 15:39:15,3056,3669.3,,4805,1217,0,client,finished,1,prediction,4941.0,1296.0,,4894,CA.4.86,finished,finished,DA.4.41,492,TECNO MOBILE LIMITED TECNO B1f,0,0,0.0,2020-03-02,15:39:15,Monday,1,3,2020,False,Missing,NO OVERCHARGE,15,4.805,4.941,20.283333333333335,21.6,36.693000000000005,,,,lõuna,14.213640098603124,False,-1.3166666666666664,-0.13600000000000012,2–150 km/h,Monday,TECNO,CA.4,DA.4,TECNO,"(-5.0, 0.0]","(20.0, 30.0]","(2.0, 5.0]","(2.0, 5.0]","(20.0, 30.0]"
3060,2020-03-02 17:46:42,3060,27801.8,,10152,4091,0,client,finished,1,prediction,10152.0,2242.0,,4905,CI.4.20,finished,finished,DA.4.39,675,TECNO MOBILE LIMITED TECNO KA7,0,0,0.0,2020-03-02,17:46:42,Monday,1,3,2020,False,Missing,NO OVERCHARGE,17,10.152,10.152,68.18333333333334,37.36666666666667,278.018,,,,lõuna,8.933561476411636,False,30.81666666666667,0.0,2–150 km/h,Monday,TECNO,CI.4,DA.4,TECNO,"(30.0, 60.0]","(60.0, inf]","(10.0, 20.0]","(10.0, 15.0]","(60.0, inf]"
3064,2020-03-02 17:50:20,3064,6372.54,,3530,925,1,client,finished,1,prediction,3568.0,635.0,,4920,CA.5.45,finished,finished,DA.4.42,1618,HMD Global Nokia 2.2,0,0,0.0,2020-03-02,17:50:20,Monday,1,3,2020,False,Missing,NO OVERCHARGE,17,3.53,3.568,15.416666666666666,10.583333333333334,63.7254,,,,lõuna,13.738378378378378,False,4.833333333333332,-0.038000000000000256,2–150 km/h,Monday,NOKIA,CA.5,DA.4,Other,"(0.0, 5.0]","(10.0, 20.0]","(2.0, 5.0]","(2.0, 5.0]","(15.0, 20.0]"
3065,2020-03-02 18:04:19,3065,9437.22,,5800,1482,0,client,finished,1,prediction,5800.0,1090.0,,4906,CA.5.45,finished,finished,DA.4.39,2090,TECNO MOBILE LIMITED TECNO B1p,0,0,0.0,2020-03-02,18:04:19,Monday,1,3,2020,False,Missing,NO OVERCHARGE,18,5.8,5.8,24.7,18.166666666666668,94.37219999999999,,,,lõuna,14.089068825910932,False,6.533333333333331,0.0,2–150 km/h,Monday,TECNO,CA.5,DA.4,TECNO,"(5.0, 10.0]","(20.0, 30.0]","(5.0, 10.0]","(5.0, 10.0]","(20.0, 30.0]"
3067,2020-03-02 18:22:22,3067,13018.74,,6827,2930,1,client,finished,1,prediction,6439.0,1255.0,,4936,CA.5.08,finished,finished,DA.4.34,1125,TECNO MOBILE LIMITED TECNO KA7,0,0,0.0,2020-03-02,18:22:22,Monday,1,3,2020,False,Missing,NO OVERCHARGE,18,6.827,6.439,48.833333333333336,20.916666666666668,130.1874,,,,lõuna,8.388122866894198,False,27.916666666666668,0.3879999999999999,2–150 km/h,Monday,TECNO,CA.5,DA.4,TECNO,"(20.0, 30.0]","(30.0, 60.0]","(5.0, 10.0]","(5.0, 10.0]","(30.0, 60.0]"
3068,2020-03-02 19:47:11,3068,46963.48,,28838,5356,0,client,finished,1,prediction,26015.0,2586.0,,114,CA.5.45,finished,finished,DA.4.39,821,Sony SO-03E,0,0,0.0,2020-03-02,19:47:11,Monday,1,3,2020,False,Missing,NO OVERCHARGE,19,28.838,26.015,89.26666666666667,43.1,469.63480000000004,,,,õhtu,19.383271097834207,False,46.166666666666664,2.8230000000000004,2–150 km/h,Monday,SONY,CA.5,DA.4,Other,"(30.0, 60.0]","(60.0, inf]","(20.0, 30.0]","(20.0, inf]","(60.0, inf]"
3071,2020-03-02 18:55:46,3071,2000.0,,741,137,1,client,finished,1,prediction,8437.0,1436.0,,4925,CI.4.19,finished,finished,DA.4.42,507,TECNO MOBILE LIMITED TECNO F3,0,1,0.0,2020-03-02,18:55:46,Monday,1,3,2020,False,Missing,NO OVERCHARGE,18,0.741,8.437,2.283333333333333,23.933333333333334,20.0,,,,lõuna,19.47153284671533,False,-21.65,-7.696,2–150 km/h,Monday,TECNO,CI.4,DA.4,TECNO,,"(0.0, 5.0]","(0.0, 2.0]","(0.0, 2.0]","(0.0, 5.0]"
3074,2020-03-02 19:50:34,3074,6000.0,,2205,576,1,client,finished,1,prediction,1573.0,359.0,,4918,CI.4.18,finished,finished,DA.4.42,2107,TECNO-J8,0,0,0.0,2020-03-02,19:50:34,Monday,1,3,2020,False,Missing,NO OVERCHARGE,19,2.205,1.573,9.6,5.983333333333333,60.0,,,,õhtu,13.78125,False,3.6166666666666663,0.6320000000000001,2–150 km/h,Monday,TECNO,CI.4,DA.4,TECNO,"(0.0, 5.0]","(5.0, 10.0]","(2.0, 5.0]","(2.0, 5.0]","(5.0, 10.0]"
3076,2020-03-02 19:49:33,3076,6000.0,,525,212,1,client,finished,1,prediction,7742.0,1299.0,,4917,CA.5.01,finished,finished,DA.4.35,592,TECNO F3,0,0,0.0,2020-03-02,19:49:33,Monday,1,3,2020,False,Missing,NO OVERCHARGE,19,0.525,7.742,3.533333333333333,21.65,60.0,,,,õhtu,8.915094339622641,False,-18.116666666666667,-7.217,2–150 km/h,Monday,TECNO,CA.5,DA.4,TECNO,,"(0.0, 5.0]","(0.0, 2.0]","(0.0, 2.0]","(0.0, 5.0]"
3077,2020-03-02 20:04:27,3077,6000.0,,2534,391,1,client,finished,1,prediction,1544.0,323.0,,4924,CA.5.44,finished,finished,DA.4.39,2112,TECNO MOBILE LIMITED TECNO CF7k,0,0,0.0,2020-03-02,20:04:27,Monday,1,3,2020,False,Missing,NO OVERCHARGE,20,2.534,1.544,6.516666666666667,5.383333333333334,60.0,,,,õhtu,23.330946291560103,False,1.1333333333333329,0.9899999999999998,2–150 km/h,Monday,TECNO,CA.5,DA.4,TECNO,"(0.0, 5.0]","(5.0, 10.0]","(2.0, 5.0]","(2.0, 5.0]","(5.0, 10.0]"
3078,2020-03-02 20:31:22,3078,16335.54,,12618,1897,1,client,finished,1,prediction,11883.0,1753.0,,80,CA.5.40,finished,finished,DI.3.36,196,"iPhone8,1",0,0,0.0,2020-03-02,20:31:22,Monday,1,3,2020,False,Missing,NO OVERCHARGE,20,12.618,11.883,31.616666666666667,29.216666666666665,163.3554,,,,õhtu,23.94559831312599,False,2.400000000000002,0.7350000000000012,2–150 km/h,Monday,APPLE,CA.5,DI.3,Apple,"(0.0, 5.0]","(30.0, 60.0]","(10.0, 20.0]","(10.0, 15.0]","(30.0, 60.0]"
3079,2020-03-02 21:18:48,3079,15799.26,,12251,1786,1,client,finished,1,prediction,7047.0,1092.0,,4927,CI.4.17,finished,finished,DA.4.42,1169,TECNO F3,0,0,0.0,2020-03-02,21:18:48,Monday,1,3,2020,False,Missing,NO OVERCHARGE,21,12.251,7.047,29.766666666666666,18.2,157.9926,,,,õhtu,24.694064949608066,False,11.566666666666666,5.204,2–150 km/h,Monday,TECNO,CI.4,DA.4,TECNO,"(10.0, 20.0]","(20.0, 30.0]","(10.0, 20.0]","(10.0, 15.0]","(20.0, 30.0]"
3080,2020-03-02 21:31:58,3080,17171.52,,13395,1970,1,client,finished,1,prediction,12179.0,1632.0,,4940,CI.4.19,finished,finished,DI.3.35,134,"iPhone7,2",0,0,0.0,2020-03-02,21:31:58,Monday,1,3,2020,False,Missing,NO OVERCHARGE,21,13.395,12.179,32.833333333333336,27.2,171.7152,,,,õhtu,24.47817258883249,False,5.633333333333336,1.2159999999999993,2–150 km/h,Monday,APPLE,CI.4,DI.3,Apple,"(5.0, 10.0]","(30.0, 60.0]","(10.0, 20.0]","(10.0, 15.0]","(30.0, 60.0]"
3087,2020-03-03 05:59:50,3087,24905.52,,11797,6974,0,client,finished,1,prediction,11797.0,2673.0,,24,CI.4.19,finished,finished,DA.4.39,313,HUAWEI BLN-L21,0,1,0.0,2020-03-03,05:59:50,Tuesday,2,3,2020,False,Missing,NO OVERCHARGE,5,11.797,11.797,116.23333333333333,44.55,249.0552,,,,öö,6.089647261256094,False,71.68333333333334,0.0,2–150 km/h,Tuesday,HUAWEI,CI.4,DA.4,Huawei,"(60.0, inf]","(60.0, inf]","(10.0, 20.0]","(10.0, 15.0]","(60.0, inf]"
3088,2020-03-03 05:16:34,3088,13282.02,,9174,1925,1,client,finished,1,prediction,9524.0,1620.0,,4941,CA.5.25,finished,finished,DA.4.37,1199,Samsung SM-A105FN,0,1,0.0,2020-03-03,05:16:34,Tuesday,2,3,2020,False,Missing,NO OVERCHARGE,5,9.174,9.524,32.083333333333336,27.0,132.8202,,,,öö,17.15657142857143,False,5.083333333333336,-0.34999999999999964,2–150 km/h,Tuesday,SAMSUNG,CA.5,DA.4,Samsung,"(5.0, 10.0]","(30.0, 60.0]","(5.0, 10.0]","(5.0, 10.0]","(30.0, 60.0]"
3090,2020-03-03 06:54:44,3090,12768.24,,7337,2543,0,client,finished,1,prediction,7337.0,1333.0,,10,CA.5.42,finished,finished,DA.4.39,675,TECNO MOBILE LIMITED TECNO KA7,0,0,0.0,2020-03-03,06:54:44,Tuesday,2,3,2020,False,Missing,NO OVERCHARGE,6,7.337,7.337,42.38333333333333,22.216666666666665,127.6824,,,,öö,10.38662996460873,False,20.166666666666668,0.0,2–150 km/h,Tuesday,TECNO,CA.5,DA.4,TECNO,"(20.0, 30.0]","(30.0, 60.0]","(5.0, 10.0]","(5.0, 10.0]","(30.0, 60.0]"
3099,2020-03-03 08:24:59,3099,6000.0,,2465,465,1,client,finished,1,prediction,1779.0,300.0,,228,CA.5.36,finished,finished,DA.4.39,1966,TECNO Camon CX,0,0,0.0,2020-03-03,08:24:59,Tuesday,2,3,2020,False,Missing,NO OVERCHARGE,8,2.465,1.779,7.75,5.0,60.0,,,,hommik,19.083870967741934,False,2.75,0.6859999999999999,2–150 km/h,Tuesday,TECNO,CA.5,DA.4,TECNO,"(0.0, 5.0]","(5.0, 10.0]","(2.0, 5.0]","(2.0, 5.0]","(5.0, 10.0]"
3100,2020-03-03 09:34:54,3100,30503.26,,20556,3604,0,client,finished,1,prediction,18983.0,2048.0,,22,CA.5.44,finished,finished,DA.4.37,453,TECNO MOBILE LIMITED TECNO B1,0,0,0.0,2020-03-03,09:34:54,Tuesday,2,3,2020,False,Missing,NO OVERCHARGE,9,20.556,18.983,60.06666666666667,34.13333333333333,305.0326,,,,hommik,20.533185349611543,False,25.933333333333337,1.5730000000000004,2–150 km/h,Tuesday,TECNO,CA.5,DA.4,TECNO,"(20.0, 30.0]","(60.0, inf]","(20.0, 30.0]","(20.0, inf]","(60.0, inf]"
3102,2020-03-03 09:04:42,3102,13129.02,,9441,1709,1,client,finished,2,prediction,9187.0,1471.0,client_destination_changed,235,CA.5.44,finished,finished,DI.3.36,135,"iPhone7,2",0,0,0.0,2020-03-03,09:04:42,Tuesday,2,3,2020,False,Missing,NO OVERCHARGE,9,9.441,9.187,28.483333333333334,24.516666666666666,131.2902,,,,hommik,19.887419543592745,False,3.9666666666666686,0.25400000000000134,2–150 km/h,Tuesday,APPLE,CA.5,DI.3,Apple,"(0.0, 5.0]","(20.0, 30.0]","(5.0, 10.0]","(5.0, 10.0]","(20.0, 30.0]"
3105,2020-03-03 09:58:44,3105,12650.28,,8125,2091,1,client,finished,1,prediction,3484.0,479.0,,155,CA.5.44,finished,finished,DA.4.42,1630,TECNO MOBILE LIMITED TECNO KB8,0,0,0.0,2020-03-03,09:58:44,Tuesday,2,3,2020,False,Missing,NO OVERCHARGE,9,8.125,3.484,34.85,7.983333333333333,126.50280000000001,,,,hommik,13.988522238163558,False,26.866666666666667,4.641,2–150 km/h,Tuesday,TECNO,CA.5,DA.4,TECNO,"(20.0, 30.0]","(30.0, 60.0]","(5.0, 10.0]","(5.0, 10.0]","(30.0, 60.0]"
3109,2020-03-03 11:07:38,3109,6000.0,,919,198,1,client,finished,1,prediction,7026.0,1076.0,,26,CI.4.19,finished,finished,DA.4.39,1986,HUAWEI TRT-L21A,0,0,0.0,2020-03-03,11:07:38,Tuesday,2,3,2020,False,Missing,NO OVERCHARGE,11,0.919,7.026,3.3,17.933333333333334,60.0,,,,hommik,16.709090909090907,False,-14.633333333333333,-6.106999999999999,2–150 km/h,Tuesday,HUAWEI,CI.4,DA.4,Huawei,,"(0.0, 5.0]","(0.0, 2.0]","(0.0, 2.0]","(0.0, 5.0]"
3110,2020-03-03 12:33:30,3110,6642.78,,3376,1146,0,client,finished,1,prediction,3376.0,617.0,,81,CA.5.36,finished,finished,DA.4.39,1818,TECNO MOBILE LIMITED TECNO CF7,0,0,0.0,2020-03-03,12:33:30,Tuesday,2,3,2020,False,Missing,NO OVERCHARGE,12,3.376,3.376,19.1,10.283333333333333,66.42779999999999,,,,hommik,10.60523560209424,False,8.816666666666668,0.0,2–150 km/h,Tuesday,TECNO,CA.5,DA.4,TECNO,"(5.0, 10.0]","(10.0, 20.0]","(2.0, 5.0]","(2.0, 5.0]","(15.0, 20.0]"
3112,2020-03-03 13:41:46,3112,22104.46,,10942,4772,0,client,finished,1,prediction,16925.0,1636.0,,44,CA.5.23,finished,finished,DA.4.39,460,Foxconn TG-L800S,0,0,0.0,2020-03-03,13:41:46,Tuesday,2,3,2020,False,Missing,NO OVERCHARGE,13,10.942,16.925,79.53333333333333,27.266666666666666,221.0446,,,,lõuna,8.254652137468568,False,52.266666666666666,-5.9830000000000005,2–150 km/h,Tuesday,FOXCONN,CA.5,DA.4,Other,"(30.0, 60.0]","(60.0, inf]","(10.0, 20.0]","(10.0, 15.0]","(60.0, inf]"
3114,2020-03-03 15:06:42,3114,14337.78,,5329,4386,0,client,finished,1,prediction,5329.0,1116.0,,62,CA.5.23,finished,finished,DA.4.19,638,TECNO F3,0,0,0.0,2020-03-03,15:06:42,Tuesday,2,3,2020,False,Missing,NO OVERCHARGE,15,5.329,5.329,73.1,18.6,143.3778,,,,lõuna,4.374008207934336,False,54.49999999999999,0.0,2–150 km/h,Tuesday,TECNO,CA.5,DA.4,TECNO,"(30.0, 60.0]","(60.0, inf]","(5.0, 10.0]","(5.0, 10.0]","(60.0, inf]"
3115,2020-03-03 14:08:29,3115,18795.0,,13566,2772,1,client,finished,1,prediction,12143.0,1866.0,,231,CA.5.46,finished,finished,DA.4.31,479,TECNO CA6,0,0,0.0,2020-03-03,14:08:29,Tuesday,2,3,2020,False,Missing,NO OVERCHARGE,14,13.566,12.143,46.2,31.1,187.95,,,,lõuna,17.618181818181817,False,15.100000000000001,1.423,2–150 km/h,Tuesday,TECNO,CA.5,DA.4,TECNO,"(10.0, 20.0]","(30.0, 60.0]","(10.0, 20.0]","(10.0, 15.0]","(30.0, 60.0]"
3116,2020-03-03 14:02:46,3116,8487.96,,5666,1028,1,client,finished,1,prediction,6017.0,933.0,,52,CI.4.20,finished,finished,DA.4.31,992,TECNO K7,0,0,0.0,2020-03-03,14:02:46,Tuesday,2,3,2020,False,Missing,NO OVERCHARGE,14,5.666,6.017,17.133333333333333,15.55,84.8796,,,,lõuna,19.842023346303503,False,1.5833333333333321,-0.351,2–150 km/h,Tuesday,TECNO,CI.4,DA.4,TECNO,"(0.0, 5.0]","(10.0, 20.0]","(5.0, 10.0]","(5.0, 10.0]","(15.0, 20.0]"
3117,2020-03-03 15:03:15,3117,43891.74,,28375,4082,0,client,finished,1,prediction,26303.0,1994.0,,55,CA.5.45,finished,finished,DA.4.16,831,Samsung SM-G611F,0,1,0.0,2020-03-03,15:03:15,Tuesday,2,3,2020,False,Missing,NO OVERCHARGE,15,28.375,26.303,68.03333333333333,33.233333333333334,438.9174,,,,lõuna,25.02449779519843,False,34.8,2.071999999999999,2–150 km/h,Tuesday,SAMSUNG,CA.5,DA.4,Samsung,"(30.0, 60.0]","(60.0, inf]","(20.0, 30.0]","(20.0, inf]","(60.0, inf]"
3118,2020-03-03 14:38:56,3118,9756.54,,4542,2275,0,client,finished,1,prediction,4542.0,1017.0,,124,CI.4.19,finished,finished,DA.4.42,716,TECNO-W3,0,0,0.0,2020-03-03,14:38:56,Tuesday,2,3,2020,False,Missing,NO OVERCHARGE,14,4.542,4.542,37.916666666666664,16.95,97.56540000000001,,,,lõuna,7.187340659340659,False,20.966666666666665,0.0,2–150 km/h,Tuesday,TECNO,CI.4,DA.4,TECNO,"(20.0, 30.0]","(30.0, 60.0]","(2.0, 5.0]","(2.0, 5.0]","(30.0, 60.0]"
3119,2020-03-03 14:29:02,3119,9898.26,,5066,2092,1,client,finished,1,prediction,6129.0,1228.0,,54,CA.5.44,finished,finished,DA.4.10,81,Samsung SM-A305F,0,0,0.0,2020-03-03,14:29:02,Tuesday,2,3,2020,False,Missing,NO OVERCHARGE,14,5.066,6.129,34.86666666666667,20.466666666666665,98.9826,,,,lõuna,8.717782026768642,False,14.400000000000002,-1.0629999999999997,2–150 km/h,Tuesday,SAMSUNG,CA.5,DA.4,Samsung,"(10.0, 20.0]","(30.0, 60.0]","(5.0, 10.0]","(5.0, 10.0]","(30.0, 60.0]"
3121,2020-03-03 16:06:28,3121,32282.46,,17914,6887,1,client,finished,1,prediction,11420.0,2044.0,,46,CA.5.44,finished,finished,DI.3.33,245,"iPhone8,1",0,0,0.0,2020-03-03,16:06:28,Tuesday,2,3,2020,False,Missing,NO OVERCHARGE,16,17.914,11.42,114.78333333333333,34.06666666666667,322.8246,,,,lõuna,9.364077246987076,False,80.71666666666667,6.4940000000000015,2–150 km/h,Tuesday,APPLE,CA.5,DI.3,Apple,"(60.0, inf]","(60.0, inf]","(10.0, 20.0]","(15.0, 20.0]","(60.0, inf]"
3123,2020-03-03 15:20:53,3123,2000.0,,849,141,1,client,finished,1,prediction,5117.0,997.0,,53,CI.4.09,finished,finished,DA.4.37,822,Itel S12,0,0,0.0,2020-03-03,15:20:53,Tuesday,2,3,2020,False,Missing,NO OVERCHARGE,15,0.849,5.117,2.35,16.616666666666667,20.0,,,,lõuna,21.67659574468085,False,-14.266666666666667,-4.268,2–150 km/h,Tuesday,ITEL,CI.4,DA.4,Itel,,"(0.0, 5.0]","(0.0, 2.0]","(0.0, 2.0]","(0.0, 5.0]"
3133,2020-03-03 17:16:16,3133,7057.5,,8830,2871,0,client,finished,1,prediction,4092.0,1358.0,,1344,CA.5.45,finished,finished,DA.4.39,1863,HMD Global TA-1032,0,0,0.0,2020-03-03,17:16:16,Tuesday,2,3,2020,False,Missing,NO OVERCHARGE,17,8.83,4.092,47.85,22.633333333333333,70.575,,,,lõuna,11.072100313479623,False,25.21666666666667,4.738,2–150 km/h,Tuesday,NOKIA,CA.5,DA.4,Other,"(20.0, 30.0]","(30.0, 60.0]","(5.0, 10.0]","(5.0, 10.0]","(30.0, 60.0]"
3135,2020-03-03 17:47:50,3135,5158.2,,7932,1132,0,client,finished,1,prediction,7932.0,1339.0,,70,CI.4.02,finished,finished,DA.4.41,492,TECNO MOBILE LIMITED TECNO B1f,0,1,0.0,2020-03-03,17:47:50,Tuesday,2,3,2020,False,Missing,NO OVERCHARGE,17,7.932,7.932,18.866666666666667,22.316666666666666,51.582,,,,lõuna,25.225441696113077,False,-3.4499999999999993,0.0,2–150 km/h,Tuesday,TECNO,CI.4,DA.4,TECNO,"(-5.0, 0.0]","(10.0, 20.0]","(5.0, 10.0]","(5.0, 10.0]","(15.0, 20.0]"
3136,2020-03-03 19:09:57,3136,13919.76,,6658,3505,0,client,finished,1,prediction,7190.0,1275.0,,76,CA.5.45,finished,finished,DA.4.39,867,LGE LG-M200,0,0,0.0,2020-03-03,19:09:57,Tuesday,2,3,2020,False,Missing,NO OVERCHARGE,19,6.658,7.19,58.416666666666664,21.25,139.1976,,,,õhtu,6.838459343794579,False,37.166666666666664,-0.532,2–150 km/h,Tuesday,LG,CA.5,DA.4,Other,"(30.0, 60.0]","(30.0, 60.0]","(5.0, 10.0]","(5.0, 10.0]","(30.0, 60.0]"
3138,2020-03-03 19:55:45,3138,22263.4,,11027,2139,1,client,finished,1,prediction,6824.0,1008.0,,78,CA.5.43,finished,finished,DA.4.42,1962,Samsung SM-G570F,0,0,0.0,2020-03-03,19:55:45,Tuesday,2,3,2020,False,Missing,NO OVERCHARGE,19,11.027,6.824,35.65,16.8,222.63400000000001,,,,õhtu,18.558765778401124,False,18.849999999999998,4.202999999999999,2–150 km/h,Tuesday,SAMSUNG,CA.5,DA.4,Samsung,"(10.0, 20.0]","(30.0, 60.0]","(10.0, 20.0]","(10.0, 15.0]","(30.0, 60.0]"
3143,2020-03-03 22:58:40,3143,11218.6,,11368,2038,1,client,finished,1,prediction,11044.0,1455.0,,89,CA.5.44,finished,finished,DA.4.39,1765,TECNO F3,0,0,0.0,2020-03-03,22:58:40,Tuesday,2,3,2020,False,Missing,NO OVERCHARGE,22,11.368,11.044,33.96666666666667,24.25,112.186,,,,õhtu,20.080863591756625,False,9.716666666666669,0.32399999999999984,2–150 km/h,Tuesday,TECNO,CA.5,DA.4,TECNO,"(5.0, 10.0]","(30.0, 60.0]","(10.0, 20.0]","(10.0, 15.0]","(30.0, 60.0]"
3151,2020-03-04 01:31:06,3151,6000.0,,2984,847,1,client,finished,1,prediction,8229.0,982.0,,200,CI.4.19,finished,finished,DA.4.37,923,INFINIX MOBILITY LIMITED Infinix X606B,0,0,0.0,2020-03-04,01:31:06,Wednesday,3,3,2020,False,Missing,NO OVERCHARGE,1,2.984,8.229,14.116666666666667,16.366666666666667,60.0,,,,öö,12.682880755608029,False,-2.25,-5.244999999999999,2–150 km/h,Wednesday,INFINIX,CI.4,DA.4,Infinix,"(-5.0, 0.0]","(10.0, 20.0]","(2.0, 5.0]","(2.0, 5.0]","(10.0, 15.0]"
3154,2020-03-04 05:41:17,3154,6000.0,,2,3,1,client,finished,1,prediction,4659.0,1007.0,,96,CA.5.45,finished,finished,DA.4.41,1816,INFINIX MOBILITY LIMITED Infinix X624B,0,0,0.0,2020-03-04,05:41:17,Wednesday,3,3,2020,False,Missing,NO OVERCHARGE,5,0.002,4.659,0.05,16.783333333333335,60.0,,,,öö,2.4,False,-16.733333333333334,-4.657,2–150 km/h,Wednesday,INFINIX,CA.5,DA.4,Infinix,,"(0.0, 5.0]","(0.0, 2.0]","(0.0, 2.0]","(0.0, 5.0]"
3166,2020-03-04 06:56:07,3166,6000.0,,3566,679,1,client,finished,1,prediction,4102.0,714.0,,242,CA.5.46,finished,finished,DA.4.42,110,Samsung SM-J200H,0,0,0.0,2020-03-04,06:56:07,Wednesday,3,3,2020,False,Missing,NO OVERCHARGE,6,3.566,4.102,11.316666666666666,11.9,60.0,,,,öö,18.90662739322533,False,-0.5833333333333339,-0.5360000000000005,2–150 km/h,Wednesday,SAMSUNG,CA.5,DA.4,Samsung,"(-5.0, 0.0]","(10.0, 20.0]","(2.0, 5.0]","(2.0, 5.0]","(10.0, 15.0]"
3177,2020-03-04 10:52:16,3177,10328.28,,7090,1335,1,client,finished,1,prediction,5370.0,916.0,,130,CA.5.40,finished,finished,DI.3.38,135,"iPhone7,2",0,0,0.0,2020-03-04,10:52:16,Wednesday,3,3,2020,False,Missing,NO OVERCHARGE,10,7.09,5.37,22.25,15.266666666666667,103.28280000000001,,,,hommik,19.119101123595506,False,6.9833333333333325,1.7199999999999998,2–150 km/h,Wednesday,APPLE,CA.5,DI.3,Apple,"(5.0, 10.0]","(20.0, 30.0]","(5.0, 10.0]","(5.0, 10.0]","(20.0, 30.0]"
3178,2020-03-04 10:02:08,3178,13983.24,,9023,2381,0,client,finished,1,prediction,9067.0,1536.0,,126,CA.5.45,finished,finished,DA.4.39,675,TECNO MOBILE LIMITED TECNO KA7,0,0,0.0,2020-03-04,10:02:08,Wednesday,3,3,2020,False,Missing,NO OVERCHARGE,10,9.023,9.067,39.68333333333333,25.6,139.8324,,,,hommik,13.642503149937001,False,14.083333333333329,-0.04400000000000048,2–150 km/h,Wednesday,TECNO,CA.5,DA.4,TECNO,"(10.0, 20.0]","(30.0, 60.0]","(5.0, 10.0]","(5.0, 10.0]","(30.0, 60.0]"
3181,2020-03-04 11:21:15,3181,9359.04,,6502,1096,1,client,finished,1,prediction,5841.0,873.0,,187,CA.5.45,finished,finished,DI.3.36,203,"iPhone7,1",0,0,0.0,2020-03-04,11:21:15,Wednesday,3,3,2020,False,Missing,NO OVERCHARGE,11,6.502,5.841,18.266666666666666,14.55,93.5904,,,,hommik,21.356934306569343,False,3.716666666666665,0.6609999999999996,2–150 km/h,Wednesday,APPLE,CA.5,DI.3,Apple,"(0.0, 5.0]","(10.0, 20.0]","(5.0, 10.0]","(5.0, 10.0]","(15.0, 20.0]"
3183,2020-03-04 12:21:33,3183,21785.76,,14628,3883,0,client,finished,1,prediction,14289.0,1913.0,,146,CI.4.19,finished,finished,DA.4.42,1101,TECNO MOBILE LIMITED TECNO KB8,0,0,0.0,2020-03-04,12:21:33,Wednesday,3,3,2020,False,Missing,NO OVERCHARGE,12,14.628,14.289,64.71666666666667,31.883333333333333,217.8576,,,,hommik,13.561885140355395,False,32.833333333333336,0.3390000000000004,2–150 km/h,Wednesday,TECNO,CI.4,DA.4,TECNO,"(30.0, 60.0]","(60.0, inf]","(10.0, 20.0]","(10.0, 15.0]","(60.0, inf]"
3189,2020-03-04 13:25:39,3189,2660.0,,3646,702,1,client,finished,1,prediction,3980.0,816.0,,143,CA.5.38,finished,finished,DA.4.42,1473,HMD Global Nokia 2.2,0,0,0.0,2020-03-04,13:25:39,Wednesday,3,3,2020,False,Missing,NO OVERCHARGE,13,3.646,3.98,11.7,13.6,26.6,,,,lõuna,18.6974358974359,False,-1.9000000000000004,-0.3340000000000001,2–150 km/h,Wednesday,NOKIA,CA.5,DA.4,Other,"(-5.0, 0.0]","(10.0, 20.0]","(2.0, 5.0]","(2.0, 5.0]","(10.0, 15.0]"
3190,2020-03-04 13:27:18,3190,6000.0,,2761,485,1,client,finished,1,prediction,3405.0,701.0,,140,CA.4.73,finished,finished,DA.4.39,1532,TECNO MOBILE LIMITED TECNO BA2,0,1,0.0,2020-03-04,13:27:18,Wednesday,3,3,2020,False,Missing,NO OVERCHARGE,13,2.761,3.405,8.083333333333334,11.683333333333334,60.0,,,,lõuna,20.494020618556704,False,-3.5999999999999996,-0.6439999999999997,2–150 km/h,Wednesday,TECNO,CA.4,DA.4,TECNO,"(-5.0, 0.0]","(5.0, 10.0]","(2.0, 5.0]","(2.0, 5.0]","(5.0, 10.0]"
3191,2020-03-04 14:45:54,3191,22291.02,,12583,5165,1,client,finished,1,prediction,10813.0,1791.0,,149,CA.5.46,finished,finished,DI.3.36,147,"iPhone7,2",0,0,0.0,2020-03-04,14:45:54,Wednesday,3,3,2020,False,Missing,NO OVERCHARGE,14,12.583,10.813,86.08333333333333,29.85,222.9102,,,,lõuna,8.770338818973862,False,56.23333333333333,1.7699999999999996,2–150 km/h,Wednesday,APPLE,CA.5,DI.3,Apple,"(30.0, 60.0]","(60.0, inf]","(10.0, 20.0]","(10.0, 15.0]","(60.0, inf]"
3192,2020-03-04 13:20:30,3192,6000.0,,17,123,1,client,finished,1,prediction,9225.0,1546.0,,141,CA.5.42,finished,finished,DA.4.42,668,TECNO K7,0,0,0.0,2020-03-04,13:20:30,Wednesday,3,3,2020,False,Missing,NO OVERCHARGE,13,0.017,9.225,2.05,25.766666666666666,60.0,,,,lõuna,0.4975609756097561,False,-23.716666666666665,-9.208,<2 km/h,Wednesday,TECNO,CA.5,DA.4,TECNO,,"(0.0, 5.0]","(0.0, 2.0]","(0.0, 2.0]","(0.0, 5.0]"
3194,2020-03-04 15:59:30,3194,12275.46,,4803,3521,1,client,finished,1,prediction,5986.0,1106.0,,196,CA.5.43,finished,finished,DA.4.42,2145,INFINIX MOBILITY LIMITED Infinix X652,0,1,0.0,2020-03-04,15:59:30,Wednesday,3,3,2020,False,Missing,NO OVERCHARGE,15,4.803,5.986,58.68333333333333,18.433333333333334,122.7546,,,,lõuna,4.91076398750355,False,40.25,-1.1829999999999998,2–150 km/h,Wednesday,INFINIX,CA.5,DA.4,Infinix,"(30.0, 60.0]","(30.0, 60.0]","(2.0, 5.0]","(2.0, 5.0]","(30.0, 60.0]"
3195,2020-03-04 16:14:50,3195,16412.46,,8147,4133,1,client,finished,1,prediction,6889.0,1560.0,,268,CA.4.65,finished,finished,DA.4.37,1664,TECNO MOBILE LIMITED TECNO LC6,0,0,0.0,2020-03-04,16:14:50,Wednesday,3,3,2020,False,Missing,NO OVERCHARGE,16,8.147,6.889,68.88333333333334,26.0,164.1246,,,,lõuna,7.096346479554803,False,42.88333333333334,1.258,2–150 km/h,Wednesday,TECNO,CA.4,DA.4,TECNO,"(30.0, 60.0]","(60.0, inf]","(5.0, 10.0]","(5.0, 10.0]","(60.0, inf]"
3196,2020-03-04 16:45:01,3196,20602.26,,11278,4882,0,client,finished,1,prediction,10881.0,1852.0,,151,CI.4.17,finished,finished,DA.4.39,2149,HMD Global Nokia 2.2,0,0,0.0,2020-03-04,16:45:01,Wednesday,3,3,2020,False,Missing,NO OVERCHARGE,16,11.278,10.881,81.36666666666666,30.866666666666667,206.02259999999998,,,,lõuna,8.31642769356821,False,50.49999999999999,0.39700000000000024,2–150 km/h,Wednesday,NOKIA,CI.4,DA.4,Other,"(30.0, 60.0]","(60.0, inf]","(10.0, 20.0]","(10.0, 15.0]","(60.0, inf]"
3199,2020-03-04 17:24:08,3199,18352.5,,10747,3915,0,client,finished,1,prediction,10627.0,1864.0,,166,CA.5.27,finished,finished,DA.4.34,1125,TECNO MOBILE LIMITED TECNO KA7,0,0,0.0,2020-03-04,17:24:08,Wednesday,3,3,2020,False,Missing,NO OVERCHARGE,17,10.747,10.627,65.25,31.066666666666666,183.525,,,,lõuna,9.882298850574713,False,34.18333333333334,0.11999999999999922,2–150 km/h,Wednesday,TECNO,CA.5,DA.4,TECNO,"(30.0, 60.0]","(60.0, inf]","(10.0, 20.0]","(10.0, 15.0]","(60.0, inf]"
3202,2020-03-04 18:05:53,3202,22768.0,,15731,3600,1,client,finished,1,prediction,8221.0,1616.0,,300,CA.5.45,finished,finished,DA.4.39,1818,TECNO MOBILE LIMITED TECNO CF7,0,0,0.0,2020-03-04,18:05:53,Wednesday,3,3,2020,False,Missing,NO OVERCHARGE,18,15.731,8.221,60.0,26.933333333333334,227.68,,,,lõuna,15.731,False,33.06666666666666,7.51,2–150 km/h,Wednesday,TECNO,CA.5,DA.4,TECNO,"(30.0, 60.0]","(30.0, 60.0]","(10.0, 20.0]","(15.0, 20.0]","(30.0, 60.0]"
3203,2020-03-04 18:24:08,3203,24026.46,,14300,5267,0,client,finished,1,prediction,15723.0,2894.0,,157,CI.4.19,finished,finished,DA.4.39,1318,TECNO MOBILE LIMITED TECNO LA7,0,0,0.0,2020-03-04,18:24:08,Wednesday,3,3,2020,False,Missing,NO OVERCHARGE,18,14.3,15.723,87.78333333333333,48.233333333333334,240.2646,,,,lõuna,9.774064932599202,False,39.55,-1.423,2–150 km/h,Wednesday,TECNO,CI.4,DA.4,TECNO,"(30.0, 60.0]","(60.0, inf]","(10.0, 20.0]","(10.0, 15.0]","(60.0, inf]"
3204,2020-03-04 19:16:22,3204,20851.02,,11089,5111,0,client,finished,1,prediction,14596.0,2612.0,,160,CA.4.93,finished,finished,DA.4.39,460,Foxconn TG-L800S,0,0,0.0,2020-03-04,19:16:22,Wednesday,3,3,2020,False,Missing,NO OVERCHARGE,19,11.089,14.596,85.18333333333334,43.53333333333333,208.5102,,,,õhtu,7.8106828409313245,False,41.650000000000006,-3.5069999999999997,2–150 km/h,Wednesday,FOXCONN,CA.4,DA.4,Other,"(30.0, 60.0]","(60.0, inf]","(10.0, 20.0]","(10.0, 15.0]","(60.0, inf]"
3205,2020-03-04 18:36:37,3205,6000.0,,1054,245,1,client,finished,1,prediction,474.0,164.0,,158,CA.5.30,finished,finished,DA.4.42,844,LAVA iris41,0,0,0.0,2020-03-04,18:36:37,Wednesday,3,3,2020,False,Missing,NO OVERCHARGE,18,1.054,0.474,4.083333333333333,2.7333333333333334,60.0,,,,lõuna,15.487346938775511,False,1.3499999999999996,0.5800000000000001,2–150 km/h,Wednesday,LAVA,CA.5,DA.4,Other,"(0.0, 5.0]","(0.0, 5.0]","(0.0, 2.0]","(0.0, 2.0]","(0.0, 5.0]"
3206,2020-03-04 19:55:02,3206,9702.78,,6670,1200,0,client,finished,1,prediction,3019.0,698.0,,163,CI.4.14,finished,finished,DA.4.42,818,TECNO MOBILE LIMITED TECNO B1p,0,1,0.0,2020-03-04,19:55:02,Wednesday,3,3,2020,False,Missing,NO OVERCHARGE,19,6.67,3.019,20.0,11.633333333333333,97.02780000000001,,,,õhtu,20.01,False,8.366666666666667,3.651,2–150 km/h,Wednesday,TECNO,CI.4,DA.4,TECNO,"(5.0, 10.0]","(10.0, 20.0]","(5.0, 10.0]","(5.0, 10.0]","(15.0, 20.0]"
3207,2020-03-04 19:08:45,3207,6000.0,,368,522,1,client,finished,1,prediction,10292.0,1438.0,,178,CI.4.17,finished,finished,DA.4.39,1678,Samsung SM-N915T,0,0,0.0,2020-03-04,19:08:45,Wednesday,3,3,2020,False,Missing,NO OVERCHARGE,19,0.368,10.292,8.7,23.966666666666665,60.0,,,,õhtu,2.5379310344827584,False,-15.266666666666666,-9.924,2–150 km/h,Wednesday,SAMSUNG,CI.4,DA.4,Samsung,,"(5.0, 10.0]","(0.0, 2.0]","(0.0, 2.0]","(5.0, 10.0]"
3208,2020-03-04 20:00:42,3208,73596.94,,39987,1409,0,client,finished,1,prediction,15093.0,1974.0,,319,CA.5.16,finished,finished,DA.4.16,1397,Samsung SM-J700H,0,1,0.0,2020-03-04,20:00:42,Wednesday,3,3,2020,False,Missing,NO OVERCHARGE,20,39.987,15.093,23.483333333333334,32.9,735.9694000000001,,,,õhtu,102.16692689850957,False,-9.416666666666664,24.894000000000002,2–150 km/h,Wednesday,SAMSUNG,CA.5,DA.4,Samsung,"(-10.0, -5.0]","(20.0, 30.0]","(30.0, 50.0]","(20.0, inf]","(20.0, 30.0]"
3212,2020-03-04 20:42:37,3212,22618.26,,19204,490,0,client,finished,1,prediction,6202.0,884.0,,168,CA.5.26,finished,finished,DA.4.23,1018,TECNO W5 Lite,0,1,0.0,2020-03-04,20:42:37,Wednesday,3,3,2020,False,Missing,NO OVERCHARGE,20,19.204,6.202,8.166666666666666,14.733333333333333,226.18259999999998,,,,õhtu,141.09061224489798,False,-6.566666666666666,13.002,2–150 km/h,Wednesday,TECNO,CA.5,DA.4,TECNO,"(-10.0, -5.0]","(5.0, 10.0]","(10.0, 20.0]","(15.0, 20.0]","(5.0, 10.0]"
3213,2020-03-04 21:03:05,3213,16163.6,,7844,1362,1,client,finished,1,prediction,7027.0,928.0,,183,CA.5.42,finished,finished,DA.4.42,763,TECNO Phantom6,0,0,0.0,2020-03-04,21:03:05,Wednesday,3,3,2020,False,Missing,NO OVERCHARGE,21,7.844,7.027,22.7,15.466666666666667,161.636,,,,õhtu,20.733039647577094,False,7.2333333333333325,0.8170000000000002,2–150 km/h,Wednesday,TECNO,CA.5,DA.4,TECNO,"(5.0, 10.0]","(20.0, 30.0]","(5.0, 10.0]","(5.0, 10.0]","(20.0, 30.0]"
3216,2020-03-04 22:13:53,3216,11622.48,,7885,1648,1,client,finished,1,prediction,7262.0,1131.0,,170,CA.5.42,finished,finished,DA.4.39,1678,Samsung SM-N915T,0,0,0.0,2020-03-04,22:13:53,Wednesday,3,3,2020,False,Missing,NO OVERCHARGE,22,7.885,7.262,27.466666666666665,18.85,116.2248,,,,õhtu,17.224514563106798,False,8.616666666666664,0.6230000000000002,2–150 km/h,Wednesday,SAMSUNG,CA.5,DA.4,Samsung,"(5.0, 10.0]","(20.0, 30.0]","(5.0, 10.0]","(5.0, 10.0]","(20.0, 30.0]"
3218,2020-03-04 23:18:13,3218,6000.0,,16,10,1,client,finished,1,prediction,3147.0,489.0,,176,CI.4.07,finished,finished,DA.4.42,1966,TECNO Camon CX,0,0,0.0,2020-03-04,23:18:13,Wednesday,3,3,2020,False,Missing,NO OVERCHARGE,23,0.016,3.147,0.16666666666666666,8.15,60.0,,,,õhtu,5.760000000000001,False,-7.983333333333333,-3.131,2–150 km/h,Wednesday,TECNO,CI.4,DA.4,TECNO,"(-10.0, -5.0]","(0.0, 5.0]","(0.0, 2.0]","(0.0, 2.0]","(0.0, 5.0]"
3225,2020-03-05 06:00:00,3225,20519.52,,11953,4508,0,client,finished,1,prediction,13822.0,1730.0,,197,CA.5.44,finished,finished,DA.4.19,638,TECNO F3,0,0,0.0,2020-03-05,06:00:00,Thursday,4,3,2020,False,Missing,NO OVERCHARGE,6,11.953,13.822,75.13333333333334,28.833333333333332,205.1952,,,,öö,9.545430346051464,False,46.30000000000001,-1.8689999999999998,2–150 km/h,Thursday,TECNO,CA.5,DA.4,TECNO,"(30.0, 60.0]","(60.0, inf]","(10.0, 20.0]","(10.0, 15.0]","(60.0, inf]"
3227,2020-03-05 05:38:54,3227,14961.78,,8477,3180,0,client,finished,1,prediction,8288.0,1326.0,,190,CA.4.52,finished,finished,DA.4.37,582,TECNO L8 Lite,0,0,0.0,2020-03-05,05:38:54,Thursday,4,3,2020,False,Missing,NO OVERCHARGE,5,8.477,8.288,53.0,22.1,149.61780000000002,,,,öö,9.596603773584905,False,30.9,0.18900000000000006,2–150 km/h,Thursday,TECNO,CA.4,DA.4,TECNO,"(30.0, 60.0]","(30.0, 60.0]","(5.0, 10.0]","(5.0, 10.0]","(30.0, 60.0]"
3228,2020-03-05 05:02:20,3228,8797.26,,5899,1084,1,client,finished,1,prediction,6116.0,928.0,,232,CA.5.46,finished,finished,DA.4.37,923,INFINIX MOBILITY LIMITED Infinix X606B,0,0,0.0,2020-03-05,05:02:20,Thursday,4,3,2020,False,Missing,NO OVERCHARGE,5,5.899,6.116,18.066666666666666,15.466666666666667,87.9726,,,,öö,19.59077490774908,False,2.5999999999999996,-0.21699999999999964,2–150 km/h,Thursday,INFINIX,CA.5,DA.4,Infinix,"(0.0, 5.0]","(10.0, 20.0]","(5.0, 10.0]","(5.0, 10.0]","(15.0, 20.0]"
3233,2020-03-05 05:32:57,3233,2000.0,,1865,294,1,client,finished,1,prediction,7612.0,1100.0,,253,CA.5.02,finished,finished,DA.4.42,2016,Infinix X5010,0,0,0.0,2020-03-05,05:32:57,Thursday,4,3,2020,False,Missing,NO OVERCHARGE,5,1.865,7.612,4.9,18.333333333333332,20.0,,,,öö,22.836734693877553,False,-13.433333333333332,-5.747,2–150 km/h,Thursday,INFINIX,CA.5,DA.4,Infinix,,"(0.0, 5.0]","(0.0, 2.0]","(0.0, 2.0]","(0.0, 5.0]"
3239,2020-03-05 08:07:15,3239,8595.72,,5252,1293,1,client,finished,1,prediction,4869.0,710.0,,516,CA.5.46,finished,finished,DA.4.16,831,Samsung SM-G611F,0,0,0.0,2020-03-05,08:07:15,Thursday,4,3,2020,False,Missing,NO OVERCHARGE,8,5.252,4.869,21.55,11.833333333333334,85.9572,,,,hommik,14.622737819025524,False,9.716666666666667,0.383,2–150 km/h,Thursday,SAMSUNG,CA.5,DA.4,Samsung,"(5.0, 10.0]","(20.0, 30.0]","(5.0, 10.0]","(5.0, 10.0]","(20.0, 30.0]"
3240,2020-03-05 08:08:36,3240,7634.52,,4932,926,0,client,finished,1,prediction,4932.0,787.0,,201,CA.5.44,finished,finished,DA.4.42,1711,TECNO-J8,0,0,0.0,2020-03-05,08:08:36,Thursday,4,3,2020,False,Missing,NO OVERCHARGE,8,4.932,4.932,15.433333333333334,13.116666666666667,76.3452,,,,hommik,19.174082073434125,False,2.3166666666666664,0.0,2–150 km/h,Thursday,TECNO,CA.5,DA.4,TECNO,"(0.0, 5.0]","(10.0, 20.0]","(2.0, 5.0]","(2.0, 5.0]","(15.0, 20.0]"
3241,2020-03-05 09:20:48,3241,15038.52,,7510,3698,0,client,finished,1,prediction,14066.0,1710.0,,254,CI.4.16,finished,finished,DA.4.41,1785,TECNO MOBILE LIMITED TECNO B1,0,1,0.0,2020-03-05,09:20:48,Thursday,4,3,2020,False,Missing,NO OVERCHARGE,9,7.51,14.066,61.63333333333333,28.5,150.3852,,,,hommik,7.310978907517577,False,33.13333333333333,-6.556000000000001,2–150 km/h,Thursday,TECNO,CI.4,DA.4,TECNO,"(30.0, 60.0]","(60.0, inf]","(5.0, 10.0]","(5.0, 10.0]","(60.0, inf]"
3243,2020-03-05 09:14:02,3243,10324.02,,4927,2393,0,client,finished,1,prediction,4927.0,1040.0,,206,CA.5.32,finished,finished,DA.4.42,1647,TECNO L8 Lite,0,0,0.0,2020-03-05,09:14:02,Thursday,4,3,2020,False,Missing,NO OVERCHARGE,9,4.927,4.927,39.88333333333333,17.333333333333332,103.2402,,,,hommik,7.412118679481822,False,22.55,0.0,2–150 km/h,Thursday,TECNO,CA.5,DA.4,TECNO,"(20.0, 30.0]","(30.0, 60.0]","(2.0, 5.0]","(2.0, 5.0]","(30.0, 60.0]"
3258,2020-03-05 11:54:12,3258,6000.0,,1679,250,1,client,finished,1,prediction,1020.0,316.0,,222,CA.5.36,finished,finished,DA.4.30,382,Infinix NOTE 3 Pro,0,0,0.0,2020-03-05,11:54:12,Thursday,4,3,2020,False,Missing,NO OVERCHARGE,11,1.679,1.02,4.166666666666667,5.266666666666667,60.0,,,,hommik,24.1776,False,-1.0999999999999996,0.659,2–150 km/h,Thursday,INFINIX,CA.5,DA.4,Infinix,"(-5.0, 0.0]","(0.0, 5.0]","(0.0, 2.0]","(0.0, 2.0]","(0.0, 5.0]"
3259,2020-03-05 13:56:56,3259,15222.48,,1766,6616,0,client,finished,1,prediction,2258.0,505.0,,244,CA.4.81,finished,finished,DA.4.16,831,Samsung SM-G611F,0,0,0.0,2020-03-05,13:56:56,Thursday,4,3,2020,False,Missing,NO OVERCHARGE,13,1.766,2.258,110.26666666666667,8.416666666666666,152.2248,,,,lõuna,0.9609431680773882,False,101.85,-0.492,<2 km/h,Thursday,SAMSUNG,CA.4,DA.4,Samsung,"(60.0, inf]","(60.0, inf]","(0.0, 2.0]","(0.0, 2.0]","(60.0, inf]"
3260,2020-03-05 12:20:57,3260,6761.04,,3758,1024,1,client,finished,1,prediction,3560.0,618.0,,227,CI.4.19,finished,finished,DA.4.42,1258,Samsung SM-G920F,0,0,0.0,2020-03-05,12:20:57,Thursday,4,3,2020,False,Missing,NO OVERCHARGE,12,3.758,3.56,17.066666666666666,10.3,67.6104,,,,hommik,13.211718750000001,False,6.766666666666666,0.19799999999999995,2–150 km/h,Thursday,SAMSUNG,CI.4,DA.4,Samsung,"(5.0, 10.0]","(10.0, 20.0]","(2.0, 5.0]","(2.0, 5.0]","(15.0, 20.0]"
3261,2020-03-05 12:36:38,3261,10762.26,,6247,1984,0,client,finished,1,prediction,6247.0,1110.0,,240,CA.5.45,finished,finished,DA.4.42,847,INFINIX MOBILITY LIMITED Infinix X650,0,0,0.0,2020-03-05,12:36:38,Thursday,4,3,2020,False,Missing,NO OVERCHARGE,12,6.247,6.247,33.06666666666667,18.5,107.6226,,,,hommik,11.335282258064517,False,14.56666666666667,0.0,2–150 km/h,Thursday,INFINIX,CA.5,DA.4,Infinix,"(10.0, 20.0]","(30.0, 60.0]","(5.0, 10.0]","(5.0, 10.0]","(30.0, 60.0]"
3262,2020-03-05 13:13:54,3262,32952.74,,23085,2732,1,client,finished,1,prediction,22987.0,2437.0,,284,CI.4.11,finished,finished,DA.4.41,921,TECNO-W3,0,1,0.0,2020-03-05,13:13:54,Thursday,4,3,2020,False,Missing,NO OVERCHARGE,13,23.085,22.987,45.53333333333333,40.61666666666667,329.5274,,,,lõuna,30.419472913616396,False,4.916666666666664,0.09800000000000253,2–150 km/h,Thursday,TECNO,CI.4,DA.4,TECNO,"(0.0, 5.0]","(30.0, 60.0]","(20.0, 30.0]","(20.0, inf]","(30.0, 60.0]"
3265,2020-03-05 13:56:49,3265,8475.96,,1002,3314,1,client,finished,1,prediction,13706.0,1884.0,,263,CA.5.21,finished,finished,DA.4.10,81,Samsung SM-A305F,0,0,0.0,2020-03-05,13:56:49,Thursday,4,3,2020,False,Missing,NO OVERCHARGE,13,1.002,13.706,55.233333333333334,31.4,84.75959999999999,,,,lõuna,1.0884731442365723,False,23.833333333333336,-12.703999999999999,<2 km/h,Thursday,SAMSUNG,CA.5,DA.4,Samsung,"(20.0, 30.0]","(30.0, 60.0]","(0.0, 2.0]","(0.0, 2.0]","(30.0, 60.0]"
3268,2020-03-05 15:50:23,3268,27078.48,,12121,8002,0,client,finished,1,prediction,12121.0,2062.0,,256,CI.4.21,finished,finished,DA.4.42,859,Samsung SM-G928F,0,0,0.0,2020-03-05,15:50:23,Thursday,4,3,2020,False,Missing,NO OVERCHARGE,15,12.121,12.121,133.36666666666667,34.36666666666667,270.7848,,,,lõuna,5.4530867283179205,False,99.0,0.0,2–150 km/h,Thursday,SAMSUNG,CI.4,DA.4,Samsung,"(60.0, inf]","(60.0, inf]","(10.0, 20.0]","(10.0, 15.0]","(60.0, inf]"
3269,2020-03-05 14:50:23,3269,14519.46,,6447,3935,1,client,finished,2,prediction,3691.0,738.0,client_destination_changed,267,CA.4.65,finished,finished,DA.4.42,1344,OPPO CPH1803,0,0,0.0,2020-03-05,14:50:23,Thursday,4,3,2020,False,Missing,NO OVERCHARGE,14,6.447,3.691,65.58333333333333,12.3,145.19459999999998,,,,lõuna,5.898144853875476,False,53.28333333333333,2.7560000000000002,2–150 km/h,Thursday,OPPO,CA.4,DA.4,Oppo,"(30.0, 60.0]","(60.0, inf]","(5.0, 10.0]","(5.0, 10.0]","(60.0, inf]"
3272,2020-03-05 14:38:18,3272,6049.9,,8246,2010,0,client,finished,1,prediction,9069.0,1087.0,,277,CA.5.43,finished,finished,DA.4.42,2143,TECNO MOBILE LIMITED TECNO B1f,0,1,0.0,2020-03-05,14:38:18,Thursday,4,3,2020,False,Missing,NO OVERCHARGE,14,8.246,9.069,33.5,18.116666666666667,60.498999999999995,,,,lõuna,14.768955223880596,False,15.383333333333333,-0.8230000000000004,2–150 km/h,Thursday,TECNO,CA.5,DA.4,TECNO,"(10.0, 20.0]","(30.0, 60.0]","(5.0, 10.0]","(5.0, 10.0]","(30.0, 60.0]"
3276,2020-03-05 14:38:19,3276,6000.0,,2072,177,0,client,finished,1,prediction,2072.0,434.0,,250,CI.4.17,finished,finished,DA.4.34,383,Vodafone VFD 200,0,0,0.0,2020-03-05,14:38:19,Thursday,4,3,2020,False,Missing,NO OVERCHARGE,14,2.072,2.072,2.95,7.233333333333333,60.0,,,,lõuna,42.14237288135593,False,-4.283333333333333,0.0,2–150 km/h,Thursday,VODAFONE,CI.4,DA.4,Other,"(-5.0, 0.0]","(0.0, 5.0]","(2.0, 5.0]","(2.0, 5.0]","(0.0, 5.0]"
3282,2020-03-05 16:15:21,3282,11297.76,,4922,2929,1,client,finished,1,prediction,8355.0,1858.0,,264,CA.5.46,finished,finished,DA.4.42,1853,TECNO Phantom6-Plus,0,0,0.0,2020-03-05,16:15:21,Thursday,4,3,2020,False,Missing,NO OVERCHARGE,16,4.922,8.355,48.81666666666667,30.966666666666665,112.9776,,,,lõuna,6.049573233185388,False,17.850000000000005,-3.4330000000000007,2–150 km/h,Thursday,TECNO,CA.5,DA.4,TECNO,"(10.0, 20.0]","(30.0, 60.0]","(2.0, 5.0]","(2.0, 5.0]","(30.0, 60.0]"
3283,2020-03-05 16:16:12,3283,24921.6,,43658,3410,0,client,finished,1,prediction,43658.0,3661.0,,272,CA.5.23,finished,finished,DA.4.42,332,HMD Global Nokia 2.2,0,0,0.0,2020-03-05,16:16:12,Thursday,4,3,2020,False,Missing,NO OVERCHARGE,16,43.658,43.658,56.833333333333336,61.016666666666666,249.21599999999998,,,,lõuna,46.090557184750736,False,-4.18333333333333,0.0,2–150 km/h,Thursday,NOKIA,CA.5,DA.4,Other,"(-5.0, 0.0]","(30.0, 60.0]","(30.0, 50.0]","(20.0, inf]","(30.0, 60.0]"
3285,2020-03-05 16:14:14,3285,10751.46,,4718,2729,1,client,finished,1,prediction,6343.0,995.0,,269,CA.5.43,finished,finished,DA.4.39,1426,Infinix X571,0,0,0.0,2020-03-05,16:14:14,Thursday,4,3,2020,False,Missing,NO OVERCHARGE,16,4.718,6.343,45.483333333333334,16.583333333333332,107.51459999999999,,,,lõuna,6.223818248442654,False,28.900000000000002,-1.625,2–150 km/h,Thursday,INFINIX,CA.5,DA.4,Infinix,"(20.0, 30.0]","(30.0, 60.0]","(2.0, 5.0]","(2.0, 5.0]","(30.0, 60.0]"
3294,2020-03-05 18:14:19,3294,8787.0,,5197,1422,1,client,finished,1,prediction,4757.0,1057.0,,1277,CA.5.42,finished,finished,DA.4.42,1419,Samsung SM-N9500,0,0,0.0,2020-03-05,18:14:19,Thursday,4,3,2020,False,Missing,NO OVERCHARGE,18,5.197,4.757,23.7,17.616666666666667,87.87,,,,lõuna,13.156962025316457,False,6.083333333333332,0.4400000000000004,2–150 km/h,Thursday,SAMSUNG,CA.5,DA.4,Samsung,"(5.0, 10.0]","(20.0, 30.0]","(5.0, 10.0]","(5.0, 10.0]","(20.0, 30.0]"
3295,2020-03-05 18:17:05,3295,9654.96,,7042,992,1,client,finished,1,prediction,6997.0,963.0,,344,CA.5.45,finished,finished,DA.4.39,634,INFINIX MOBILITY LIMITED Infinix X604,0,0,0.0,2020-03-05,18:17:05,Thursday,4,3,2020,False,Missing,NO OVERCHARGE,18,7.042,6.997,16.533333333333335,16.05,96.5496,,,,lõuna,25.55564516129032,False,0.4833333333333343,0.04499999999999993,2–150 km/h,Thursday,INFINIX,CA.5,DA.4,Infinix,"(0.0, 5.0]","(10.0, 20.0]","(5.0, 10.0]","(5.0, 10.0]","(15.0, 20.0]"
3296,2020-03-05 19:45:18,3296,11199.4,,2727,5137,0,client,finished,1,prediction,6878.0,1037.0,,279,CA.5.46,finished,finished,DA.4.41,2026,TECNO L8 Lite,0,0,0.0,2020-03-05,19:45:18,Thursday,4,3,2020,False,Missing,NO OVERCHARGE,19,2.727,6.878,85.61666666666666,17.283333333333335,111.994,,,,õhtu,1.91107650379599,False,68.33333333333333,-4.151,<2 km/h,Thursday,TECNO,CA.5,DA.4,TECNO,"(60.0, inf]","(60.0, inf]","(2.0, 5.0]","(2.0, 5.0]","(60.0, inf]"
3298,2020-03-05 18:43:23,3298,9017.76,,6636,841,1,client,finished,1,prediction,6689.0,880.0,,276,CI.4.22,finished,finished,DA.4.42,844,LAVA iris41,0,1,0.0,2020-03-05,18:43:23,Thursday,4,3,2020,False,Missing,NO OVERCHARGE,18,6.636,6.689,14.016666666666667,14.666666666666666,90.1776,,,,lõuna,28.406183115338884,False,-0.6499999999999986,-0.052999999999999936,2–150 km/h,Thursday,LAVA,CI.4,DA.4,Other,"(-5.0, 0.0]","(10.0, 20.0]","(5.0, 10.0]","(5.0, 10.0]","(10.0, 15.0]"
3300,2020-03-05 19:57:41,3300,17265.72,,10188,3597,0,client,finished,1,prediction,10128.0,1439.0,,301,CI.4.19,finished,finished,DA.4.42,847,INFINIX MOBILITY LIMITED Infinix X650,0,0,0.0,2020-03-05,19:57:41,Thursday,4,3,2020,False,Missing,NO OVERCHARGE,19,10.188,10.128,59.95,23.983333333333334,172.65720000000002,,,,õhtu,10.196497080900752,False,35.96666666666667,0.0600000000000005,2–150 km/h,Thursday,INFINIX,CI.4,DA.4,Infinix,"(30.0, 60.0]","(30.0, 60.0]","(10.0, 20.0]","(10.0, 15.0]","(30.0, 60.0]"
3301,2020-03-05 20:28:25,3301,15298.98,,9167,3025,1,client,finished,1,prediction,7451.0,1305.0,,283,CI.4.19,finished,finished,DA.4.42,1180,TECNO MOBILE LIMITED TECNO KB8,0,0,0.0,2020-03-05,20:28:25,Thursday,4,3,2020,False,Missing,NO OVERCHARGE,20,9.167,7.451,50.416666666666664,21.75,152.9898,,,,õhtu,10.909487603305784,False,28.666666666666664,1.7160000000000002,2–150 km/h,Thursday,TECNO,CI.4,DA.4,TECNO,"(20.0, 30.0]","(30.0, 60.0]","(5.0, 10.0]","(5.0, 10.0]","(30.0, 60.0]"
3303,2020-03-05 20:45:34,3303,13225.26,,9715,1624,1,client,finished,1,prediction,10875.0,1439.0,,286,CA.5.36,finished,finished,DA.4.42,1739,TECNO MOBILE LIMITED TECNO CF7,0,0,0.0,2020-03-05,20:45:34,Thursday,4,3,2020,False,Missing,NO OVERCHARGE,20,9.715,10.875,27.066666666666666,23.983333333333334,132.2526,,,,õhtu,21.535714285714285,False,3.083333333333332,-1.1600000000000001,2–150 km/h,Thursday,TECNO,CA.5,DA.4,TECNO,"(0.0, 5.0]","(20.0, 30.0]","(5.0, 10.0]","(5.0, 10.0]","(20.0, 30.0]"
3304,2020-03-05 20:58:14,3304,6000.0,,31,227,1,client,finished,1,prediction,1188.0,291.0,,285,CA.5.02,finished,finished,DA.4.42,1481,INFINIX MOBILITY LIMITED Infinix X5516B,0,0,0.0,2020-03-05,20:58:14,Thursday,4,3,2020,False,Missing,NO OVERCHARGE,20,0.031,1.188,3.783333333333333,4.85,60.0,,,,õhtu,0.4916299559471366,False,-1.0666666666666664,-1.157,<2 km/h,Thursday,INFINIX,CA.5,DA.4,Infinix,"(-5.0, 0.0]","(0.0, 5.0]","(0.0, 2.0]","(0.0, 2.0]","(0.0, 5.0]"
3307,2020-03-05 21:27:23,3307,24798.28,,19776,1173,1,client,finished,1,prediction,9656.0,1097.0,,288,CA.5.46,finished,finished,DA.4.12,18,Samsung SM-G6100,0,0,0.0,2020-03-05,21:27:23,Thursday,4,3,2020,False,Missing,NO OVERCHARGE,21,19.776,9.656,19.55,18.283333333333335,247.9828,,,,õhtu,60.69360613810741,False,1.2666666666666657,10.12,2–150 km/h,Thursday,SAMSUNG,CA.5,DA.4,Samsung,"(0.0, 5.0]","(10.0, 20.0]","(10.0, 20.0]","(15.0, 20.0]","(15.0, 20.0]"
3310,2020-03-05 22:30:43,3310,6000.0,,1947,401,1,client,finished,1,prediction,21383.0,2403.0,,294,CA.5.44,finished,finished,DA.4.30,806,Samsung SM-G532F,0,1,0.0,2020-03-05,22:30:43,Thursday,4,3,2020,False,Missing,NO OVERCHARGE,22,1.947,21.383,6.683333333333334,40.05,60.0,,,,õhtu,17.47930174563591,False,-33.36666666666666,-19.436,2–150 km/h,Thursday,SAMSUNG,CA.5,DA.4,Samsung,,"(5.0, 10.0]","(0.0, 2.0]","(0.0, 2.0]","(5.0, 10.0]"
3312,2020-03-05 22:37:24,3312,6314.76,,3051,1129,1,client,finished,1,prediction,2308.0,375.0,,295,CA.5.36,finished,finished,DA.4.39,865,Itel W6002,0,1,0.0,2020-03-05,22:37:24,Thursday,4,3,2020,False,Missing,NO OVERCHARGE,22,3.051,2.308,18.816666666666666,6.25,63.147600000000004,,,,õhtu,9.728609388839681,False,12.566666666666666,0.7430000000000003,2–150 km/h,Thursday,ITEL,CA.5,DA.4,Itel,"(10.0, 20.0]","(10.0, 20.0]","(2.0, 5.0]","(2.0, 5.0]","(15.0, 20.0]"
3321,2020-03-06 03:41:58,3321,24956.54,,18741,2167,1,client,finished,1,prediction,8801.0,1113.0,,404,CA.5.46,finished,finished,DA.4.12,18,Samsung SM-G6100,0,0,0.0,2020-03-06,03:41:58,Friday,5,3,2020,False,Missing,NO OVERCHARGE,3,18.741,8.801,36.11666666666667,18.55,249.5654,,,,öö,31.13410244577757,False,17.566666666666666,9.94,2–150 km/h,Friday,SAMSUNG,CA.5,DA.4,Samsung,"(10.0, 20.0]","(30.0, 60.0]","(10.0, 20.0]","(15.0, 20.0]","(30.0, 60.0]"
3322,2020-03-06 07:10:17,3322,62374.04,,35995,7522,0,client,finished,1,prediction,35995.0,2525.0,,316,CA.5.45,finished,finished,DA.4.42,1770,TECNO MOBILE LIMITED TECNO KA7,0,0,0.0,2020-03-06,07:10:17,Friday,5,3,2020,False,Missing,NO OVERCHARGE,7,35.995,35.995,125.36666666666666,42.083333333333336,623.7404,,,,hommik,17.227067269343262,False,83.28333333333333,0.0,2–150 km/h,Friday,TECNO,CA.5,DA.4,TECNO,"(60.0, inf]","(60.0, inf]","(30.0, 50.0]","(20.0, inf]","(60.0, inf]"
3323,2020-03-06 06:58:45,3323,19554.24,,12127,3893,0,client,finished,1,prediction,11234.0,1900.0,,333,CA.5.46,finished,finished,DA.4.37,328,INFINIX MOBILITY LIMITED Infinix X606B,0,1,0.0,2020-03-06,06:58:45,Friday,5,3,2020,False,Missing,NO OVERCHARGE,6,12.127,11.234,64.88333333333334,31.666666666666668,195.54240000000001,,,,öö,11.214282044695608,False,33.21666666666667,0.8930000000000007,2–150 km/h,Friday,INFINIX,CA.5,DA.4,Infinix,"(30.0, 60.0]","(60.0, inf]","(10.0, 20.0]","(10.0, 15.0]","(60.0, inf]"
3325,2020-03-06 05:48:06,3325,2000.0,,243,64,1,client,finished,1,prediction,13162.0,2034.0,,303,CA.5.45,finished,finished,DA.4.42,2016,Infinix X5010,0,0,0.0,2020-03-06,05:48:06,Friday,5,3,2020,False,Missing,NO OVERCHARGE,5,0.243,13.162,1.0666666666666667,33.9,20.0,,,,öö,13.668750000000001,False,-32.83333333333333,-12.919,2–150 km/h,Friday,INFINIX,CA.5,DA.4,Infinix,,"(0.0, 5.0]","(0.0, 2.0]","(0.0, 2.0]","(0.0, 5.0]"
3326,2020-03-06 06:28:45,3326,2478.4,,3360,658,0,client,finished,1,prediction,6276.0,1096.0,,305,CI.4.21,finished,finished,DA.4.42,1953,Itel S12,0,0,0.0,2020-03-06,06:28:45,Friday,5,3,2020,False,Missing,NO OVERCHARGE,6,3.36,6.276,10.966666666666667,18.266666666666666,24.784000000000002,,,,öö,18.382978723404257,False,-7.299999999999999,-2.916,2–150 km/h,Friday,ITEL,CI.4,DA.4,Itel,"(-10.0, -5.0]","(10.0, 20.0]","(2.0, 5.0]","(2.0, 5.0]","(10.0, 15.0]"
3330,2020-03-06 08:10:17,3330,6000.0,,1969,896,0,client,finished,1,prediction,2145.0,397.0,,310,CA.5.45,finished,finished,DA.4.42,1887,HTC One M9,0,0,0.0,2020-03-06,08:10:17,Friday,5,3,2020,False,Missing,NO OVERCHARGE,8,1.969,2.145,14.933333333333334,6.616666666666666,60.0,,,,hommik,7.911160714285714,False,8.316666666666666,-0.17599999999999993,2–150 km/h,Friday,HTC,CA.5,DA.4,Other,"(5.0, 10.0]","(10.0, 20.0]","(0.0, 2.0]","(0.0, 2.0]","(10.0, 15.0]"
3332,2020-03-06 08:56:31,3332,11520.72,,4316,3345,1,client,finished,1,prediction,946.0,335.0,,313,CA.5.46,finished,finished,DA.4.37,328,INFINIX MOBILITY LIMITED Infinix X606B,0,0,-428.0,2020-03-06,08:56:31,Friday,5,3,2020,False,Negative,NO OVERCHARGE,8,4.316,0.946,55.75,5.583333333333333,115.2072,,,,hommik,4.645022421524664,False,50.166666666666664,3.37,2–150 km/h,Friday,INFINIX,CA.5,DA.4,Infinix,"(30.0, 60.0]","(30.0, 60.0]","(2.0, 5.0]","(2.0, 5.0]","(30.0, 60.0]"
3333,2020-03-06 10:01:07,3333,28814.02,,17533,5327,1,client,finished,1,prediction,17926.0,2998.0,,384,CA.5.46,finished,finished,DA.4.42,828,HMD Global Nokia 2.2,0,0,0.0,2020-03-06,10:01:07,Friday,5,3,2020,False,Missing,NO OVERCHARGE,10,17.533,17.926,88.78333333333333,49.96666666666667,288.1402,,,,hommik,11.848845504036044,False,38.81666666666666,-0.39299999999999713,2–150 km/h,Friday,NOKIA,CA.5,DA.4,Other,"(30.0, 60.0]","(60.0, inf]","(10.0, 20.0]","(15.0, 20.0]","(60.0, inf]"
3339,2020-03-06 09:01:10,3339,6000.0,,2472,425,1,client,finished,1,prediction,3513.0,664.0,,314,CA.5.42,finished,finished,DA.4.37,909,TECNO MOBILE LIMITED TECNO CA7,0,0,0.0,2020-03-06,09:01:10,Friday,5,3,2020,False,Missing,NO OVERCHARGE,9,2.472,3.513,7.083333333333333,11.066666666666666,60.0,,,,hommik,20.93929411764706,False,-3.9833333333333334,-1.041,2–150 km/h,Friday,TECNO,CA.5,DA.4,TECNO,"(-5.0, 0.0]","(5.0, 10.0]","(2.0, 5.0]","(2.0, 5.0]","(5.0, 10.0]"
3341,2020-03-06 09:39:50,3341,13306.98,,9668,1693,0,client,finished,1,prediction,9668.0,1503.0,,334,CI.4.19,finished,finished,DA.4.39,1611,TECNO CA6,0,0,0.0,2020-03-06,09:39:50,Friday,5,3,2020,False,Missing,NO OVERCHARGE,9,9.668,9.668,28.216666666666665,25.05,133.0698,,,,hommik,20.558062610750145,False,3.1666666666666643,0.0,2–150 km/h,Friday,TECNO,CI.4,DA.4,TECNO,"(0.0, 5.0]","(20.0, 30.0]","(5.0, 10.0]","(5.0, 10.0]","(20.0, 30.0]"
3345,2020-03-06 09:48:30,3345,6000.0,,1365,239,1,client,finished,1,prediction,1591.0,317.0,,317,CI.4.19,finished,finished,DA.4.33,1326,TECNO MOBILE LIMITED TECNO KA7,0,0,0.0,2020-03-06,09:48:30,Friday,5,3,2020,False,Missing,NO OVERCHARGE,9,1.365,1.591,3.9833333333333334,5.283333333333333,60.0,,,,hommik,20.560669456066947,False,-1.2999999999999998,-0.22599999999999998,2–150 km/h,Friday,TECNO,CI.4,DA.4,TECNO,"(-5.0, 0.0]","(0.0, 5.0]","(0.0, 2.0]","(0.0, 2.0]","(0.0, 5.0]"
3347,2020-03-06 10:31:08,3347,9438.96,,6249,1262,1,client,finished,1,prediction,5921.0,797.0,,322,CA.5.17,finished,finished,DA.4.42,1647,TECNO L8 Lite,0,0,0.0,2020-03-06,10:31:08,Friday,5,3,2020,False,Missing,NO OVERCHARGE,10,6.249,5.921,21.033333333333335,13.283333333333333,94.38959999999999,,,,hommik,17.825990491283676,False,7.750000000000002,0.3279999999999994,2–150 km/h,Friday,TECNO,CA.5,DA.4,TECNO,"(5.0, 10.0]","(20.0, 30.0]","(5.0, 10.0]","(5.0, 10.0]","(20.0, 30.0]"
3353,2020-03-06 12:49:37,3353,19833.48,,11329,4438,0,client,finished,1,prediction,9384.0,1616.0,,335,CI.4.13,finished,finished,DA.4.42,1201,Xiaomi Redmi 8,0,0,0.0,2020-03-06,12:49:37,Friday,5,3,2020,False,Missing,NO OVERCHARGE,12,11.329,9.384,73.96666666666667,26.933333333333334,198.3348,,,,hommik,9.189815232086527,False,47.03333333333333,1.9450000000000003,2–150 km/h,Friday,XIAOMI,CI.4,DA.4,Other,"(30.0, 60.0]","(60.0, inf]","(10.0, 20.0]","(10.0, 15.0]","(60.0, inf]"
3356,2020-03-06 13:54:00,3356,96277.26,,58738,6160,1,client,finished,1,prediction,30102.0,2149.0,,340,CA.5.08,finished,finished,DA.4.41,587,Samsung SM-T815Y,0,0,0.0,2020-03-06,13:54:00,Friday,5,3,2020,False,Missing,NO OVERCHARGE,13,58.738,30.102,102.66666666666667,35.81666666666667,962.7725999999999,,,,lõuna,34.3274025974026,False,66.85,28.636,2–150 km/h,Friday,SAMSUNG,CA.5,DA.4,Samsung,"(60.0, inf]","(60.0, inf]","(50.0, 100.0]","(20.0, inf]","(60.0, inf]"
3359,2020-03-06 13:01:26,3359,16593.72,,11456,2607,1,client,finished,1,prediction,10014.0,1958.0,,337,CI.4.19,finished,finished,DA.4.39,1294,TECNO F3,0,1,0.0,2020-03-06,13:01:26,Friday,5,3,2020,False,Missing,NO OVERCHARGE,13,11.456,10.014,43.45,32.63333333333333,165.93720000000002,,,,lõuna,15.819562715765247,False,10.81666666666667,1.4420000000000002,2–150 km/h,Friday,TECNO,CI.4,DA.4,TECNO,"(10.0, 20.0]","(30.0, 60.0]","(10.0, 20.0]","(10.0, 15.0]","(30.0, 60.0]"
3360,2020-03-06 13:36:48,3360,11881.5,,6746,2349,1,client,finished,1,prediction,7399.0,1184.0,,373,CI.4.19,finished,finished,DA.4.14,106,TECNO CX Air,0,1,0.0,2020-03-06,13:36:48,Friday,5,3,2020,False,Missing,NO OVERCHARGE,13,6.746,7.399,39.15,19.733333333333334,118.815,,,,lõuna,10.338697318007663,False,19.416666666666664,-0.6529999999999996,2–150 km/h,Friday,TECNO,CI.4,DA.4,TECNO,"(10.0, 20.0]","(30.0, 60.0]","(5.0, 10.0]","(5.0, 10.0]","(30.0, 60.0]"
3362,2020-03-06 14:15:29,3362,31094.24,,21321,3263,1,client,finished,1,prediction,21133.0,2143.0,,395,CA.4.87,finished,finished,DA.4.39,424,TECNO MOBILE LIMITED TECNO KC6,0,1,0.0,2020-03-06,14:15:29,Friday,5,3,2020,False,Missing,NO OVERCHARGE,14,21.321,21.133,54.38333333333333,35.71666666666667,310.9424,,,,lõuna,23.52301562978854,False,18.666666666666664,0.1880000000000024,2–150 km/h,Friday,TECNO,CA.4,DA.4,TECNO,"(10.0, 20.0]","(30.0, 60.0]","(20.0, 30.0]","(20.0, inf]","(30.0, 60.0]"
3365,2020-03-06 15:38:34,3365,13296.72,,7540,2733,1,client,finished,1,prediction,10525.0,2114.0,,381,CA.5.45,finished,finished,DA.4.42,1112,TECNO MOBILE LIMITED TECNO LA7,0,0,0.0,2020-03-06,15:38:34,Friday,5,3,2020,False,Missing,NO OVERCHARGE,15,7.54,10.525,45.55,35.233333333333334,132.9672,,,,lõuna,9.931942919868277,False,10.316666666666663,-2.9850000000000003,2–150 km/h,Friday,TECNO,CA.5,DA.4,TECNO,"(10.0, 20.0]","(30.0, 60.0]","(5.0, 10.0]","(5.0, 10.0]","(30.0, 60.0]"
3368,2020-03-06 15:46:30,3368,19291.02,,7886,5831,0,client,finished,1,prediction,9064.0,1744.0,,399,CA.5.01,finished,finished,DA.4.14,106,TECNO CX Air,0,1,0.0,2020-03-06,15:46:30,Friday,5,3,2020,False,Missing,NO OVERCHARGE,15,7.886,9.064,97.18333333333334,29.066666666666666,192.9102,,,,lõuna,4.868736065854914,False,68.11666666666667,-1.178,2–150 km/h,Friday,TECNO,CA.5,DA.4,TECNO,"(60.0, inf]","(60.0, inf]","(5.0, 10.0]","(5.0, 10.0]","(60.0, inf]"
3377,2020-03-06 15:25:27,3377,2000.0,,2202,517,1,client,finished,1,prediction,3643.0,921.0,,356,CA.5.46,finished,finished,DA.4.42,260,Itel S32,0,0,0.0,2020-03-06,15:25:27,Friday,5,3,2020,False,Missing,NO OVERCHARGE,15,2.202,3.643,8.616666666666667,15.35,20.0,,,,lõuna,15.333075435203094,False,-6.7333333333333325,-1.4409999999999998,2–150 km/h,Friday,ITEL,CA.5,DA.4,Itel,"(-10.0, -5.0]","(5.0, 10.0]","(2.0, 5.0]","(2.0, 5.0]","(5.0, 10.0]"
3378,2020-03-06 16:02:49,3378,30938.02,,23226,1511,0,client,finished,1,prediction,5686.0,1126.0,,358,CA.5.46,finished,finished,DA.4.42,967,HMD Global Nokia 1,0,1,0.0,2020-03-06,16:02:49,Friday,5,3,2020,False,Missing,NO OVERCHARGE,16,23.226,5.686,25.183333333333334,18.766666666666666,309.3802,,,,lõuna,55.33659827928524,False,6.416666666666668,17.54,2–150 km/h,Friday,NOKIA,CA.5,DA.4,Other,"(5.0, 10.0]","(20.0, 30.0]","(20.0, 30.0]","(20.0, inf]","(20.0, 30.0]"
3382,2020-03-06 16:10:54,3382,6631.74,,4275,698,1,client,finished,1,prediction,6120.0,998.0,,360,CA.5.36,finished,finished,DA.4.30,806,Samsung SM-G532F,0,1,0.0,2020-03-06,16:10:54,Friday,5,3,2020,False,Missing,NO OVERCHARGE,16,4.275,6.12,11.633333333333333,16.633333333333333,66.31739999999999,,,,lõuna,22.048710601719197,False,-5.0,-1.8449999999999998,2–150 km/h,Friday,SAMSUNG,CA.5,DA.4,Samsung,"(-10.0, -5.0]","(10.0, 20.0]","(2.0, 5.0]","(2.0, 5.0]","(10.0, 15.0]"
3384,2020-03-06 16:33:32,3384,9000.0,,19,24,1,client,finished,1,prediction,7573.0,1625.0,,363,CI.4.22,finished,finished,DA.4.42,2042,HMD Global Nokia 2.2,0,0,17.0,2020-03-06,16:33:32,Friday,5,3,2020,False,Positive,NO OVERCHARGE,16,0.019,7.573,0.4,27.083333333333332,90.0,,,,lõuna,2.85,False,-26.683333333333334,-7.554,2–150 km/h,Friday,NOKIA,CI.4,DA.4,Other,,"(0.0, 5.0]","(0.0, 2.0]","(0.0, 2.0]","(0.0, 5.0]"
3385,2020-03-06 17:24:42,3385,16191.72,,9507,3345,0,client,finished,1,prediction,9507.0,1760.0,,385,CA.5.42,finished,finished,DA.4.42,1002,TECNO MOBILE LIMITED TECNO KC8,0,1,0.0,2020-03-06,17:24:42,Friday,5,3,2020,False,Missing,NO OVERCHARGE,17,9.507,9.507,55.75,29.333333333333332,161.91719999999998,,,,lõuna,10.231748878923767,False,26.416666666666668,0.0,2–150 km/h,Friday,TECNO,CA.5,DA.4,TECNO,"(20.0, 30.0]","(30.0, 60.0]","(5.0, 10.0]","(5.0, 10.0]","(30.0, 60.0]"
3390,2020-03-06 17:29:53,3390,5129.9,,6410,2010,0,client,finished,2,prediction,5792.0,1060.0,client_destination_changed,372,CI.4.14,finished,finished,DA.4.41,2026,TECNO L8 Lite,0,0,0.0,2020-03-06,17:29:53,Friday,5,3,2020,False,Missing,NO OVERCHARGE,17,6.41,5.792,33.5,17.666666666666668,51.299,,,,lõuna,11.480597014925372,False,15.833333333333332,0.6180000000000003,2–150 km/h,Friday,TECNO,CI.4,DA.4,TECNO,"(10.0, 20.0]","(30.0, 60.0]","(5.0, 10.0]","(5.0, 10.0]","(30.0, 60.0]"
3392,2020-03-06 18:30:16,3392,12702.96,,5985,3170,1,client,finished,1,prediction,5883.0,1453.0,,374,CA.5.17,finished,finished,DA.4.37,1634,TECNO CX Air,0,0,0.0,2020-03-06,18:30:16,Friday,5,3,2020,False,Missing,NO OVERCHARGE,18,5.985,5.883,52.833333333333336,24.216666666666665,127.02959999999999,,,,lõuna,6.796845425867508,False,28.61666666666667,0.10200000000000031,2–150 km/h,Friday,TECNO,CA.5,DA.4,TECNO,"(20.0, 30.0]","(30.0, 60.0]","(5.0, 10.0]","(5.0, 10.0]","(30.0, 60.0]"
3393,2020-03-06 18:23:06,3393,16451.22,,11324,2598,0,client,finished,1,prediction,11324.0,2021.0,,386,CA.5.36,finished,finished,DA.4.42,1449,Samsung SM-G935V,0,0,0.0,2020-03-06,18:23:06,Friday,5,3,2020,False,Missing,NO OVERCHARGE,18,11.324,11.324,43.3,33.68333333333333,164.5122,,,,lõuna,15.691454965357968,False,9.616666666666667,0.0,2–150 km/h,Friday,SAMSUNG,CA.5,DA.4,Samsung,"(5.0, 10.0]","(30.0, 60.0]","(10.0, 20.0]","(10.0, 15.0]","(30.0, 60.0]"
3395,2020-03-06 19:10:44,3395,13529.22,,8548,2364,1,client,finished,1,prediction,10005.0,1611.0,,465,CI.4.11,finished,finished,DA.4.41,1166,Itel S12,0,0,0.0,2020-03-06,19:10:44,Friday,5,3,2020,False,Missing,NO OVERCHARGE,19,8.548,10.005,39.4,26.85,135.29219999999998,,,,õhtu,13.017258883248731,False,12.549999999999997,-1.4570000000000007,2–150 km/h,Friday,ITEL,CI.4,DA.4,Itel,"(10.0, 20.0]","(30.0, 60.0]","(5.0, 10.0]","(5.0, 10.0]","(30.0, 60.0]"
3396,2020-03-06 19:29:25,3396,46598.22,,33359,1212,0,client,finished,1,prediction,13922.0,2101.0,,402,CA.5.32,finished,finished,DA.4.42,1397,Samsung SM-J700H,0,1,0.0,2020-03-06,19:29:25,Friday,5,3,2020,False,Missing,NO OVERCHARGE,19,33.359,13.922,20.2,35.016666666666666,465.98220000000003,,,,õhtu,99.0861386138614,False,-14.816666666666666,19.437,2–150 km/h,Friday,SAMSUNG,CA.5,DA.4,Samsung,,"(20.0, 30.0]","(30.0, 50.0]","(20.0, inf]","(20.0, 30.0]"
3399,2020-03-06 19:37:15,3399,6000.0,,995,863,1,client,finished,1,prediction,6334.0,995.0,,387,CI.4.19,finished,finished,DI.3.34,100,"iPhone6,1",0,0,0.0,2020-03-06,19:37:15,Friday,5,3,2020,False,Missing,NO OVERCHARGE,19,0.995,6.334,14.383333333333333,16.583333333333332,60.0,,,,õhtu,4.150637311703361,False,-2.1999999999999993,-5.3389999999999995,2–150 km/h,Friday,APPLE,CI.4,DI.3,Apple,"(-5.0, 0.0]","(10.0, 20.0]","(0.0, 2.0]","(0.0, 2.0]","(10.0, 15.0]"
3402,2020-03-06 20:25:21,3402,9010.5,,1694,3267,0,client,finished,1,prediction,2707.0,336.0,,389,CA.5.08,finished,finished,DA.4.42,1180,TECNO MOBILE LIMITED TECNO KB8,0,0,0.0,2020-03-06,20:25:21,Friday,5,3,2020,False,Missing,NO OVERCHARGE,20,1.694,2.707,54.45,5.6,90.105,,,,õhtu,1.8666666666666667,False,48.85,-1.013,<2 km/h,Friday,TECNO,CA.5,DA.4,TECNO,"(30.0, 60.0]","(30.0, 60.0]","(0.0, 2.0]","(0.0, 2.0]","(30.0, 60.0]"
3403,2020-03-06 20:40:46,3403,9159.96,,3300,2558,0,client,finished,1,prediction,4693.0,942.0,,450,CI.4.17,finished,finished,DA.4.39,2149,HMD Global Nokia 2.2,0,0,0.0,2020-03-06,20:40:46,Friday,5,3,2020,False,Missing,NO OVERCHARGE,20,3.3,4.693,42.63333333333333,15.7,91.5996,,,,õhtu,4.644253322908522,False,26.933333333333334,-1.3929999999999998,2–150 km/h,Friday,NOKIA,CI.4,DA.4,Other,"(20.0, 30.0]","(30.0, 60.0]","(2.0, 5.0]","(2.0, 5.0]","(30.0, 60.0]"
3404,2020-03-06 20:35:33,3404,18000.96,,14478,1892,0,client,finished,1,prediction,12661.0,1697.0,,392,CA.5.30,finished,finished,DA.4.42,516,TECNO K7,0,0,0.0,2020-03-06,20:35:33,Friday,5,3,2020,False,Missing,NO OVERCHARGE,20,14.478,12.661,31.533333333333335,28.283333333333335,180.00959999999998,,,,õhtu,27.54799154334038,False,3.25,1.8170000000000002,2–150 km/h,Friday,TECNO,CA.5,DA.4,TECNO,"(0.0, 5.0]","(30.0, 60.0]","(10.0, 20.0]","(10.0, 15.0]","(30.0, 60.0]"
3405,2020-03-06 20:44:02,3405,6000.0,,2543,373,1,client,finished,1,prediction,2494.0,457.0,,394,CI.4.14,finished,finished,DA.4.42,1678,Samsung SM-N915T,0,0,-1945.0,2020-03-06,20:44:02,Friday,5,3,2020,False,Negative,NO OVERCHARGE,20,2.543,2.494,6.216666666666667,7.616666666666666,60.0,,,,õhtu,24.543699731903484,False,-1.3999999999999995,0.04899999999999993,2–150 km/h,Friday,SAMSUNG,CI.4,DA.4,Samsung,"(-5.0, 0.0]","(5.0, 10.0]","(2.0, 5.0]","(2.0, 5.0]","(5.0, 10.0]"
3410,2020-03-06 20:54:32,3410,9235.26,,5579,1480,0,client,finished,1,prediction,9160.0,1140.0,,396,CI.4.18,finished,finished,DA.4.42,1002,TECNO MOBILE LIMITED TECNO KC8,0,0,0.0,2020-03-06,20:54:32,Friday,5,3,2020,False,Missing,NO OVERCHARGE,20,5.579,9.16,24.666666666666668,19.0,92.3526,,,,õhtu,13.570540540540541,False,5.666666666666668,-3.5810000000000004,2–150 km/h,Friday,TECNO,CI.4,DA.4,TECNO,"(5.0, 10.0]","(20.0, 30.0]","(5.0, 10.0]","(5.0, 10.0]","(20.0, 30.0]"
3411,2020-03-06 20:57:30,3411,14495.52,,11487,1448,0,client,finished,1,prediction,10680.0,1239.0,,398,CI.4.14,finished,finished,DA.4.42,1095,Samsung SM-G925F,0,0,0.0,2020-03-06,20:57:30,Friday,5,3,2020,False,Missing,NO OVERCHARGE,20,11.487,10.68,24.133333333333333,20.65,144.9552,,,,õhtu,28.558839779005528,False,3.4833333333333343,0.8070000000000004,2–150 km/h,Friday,SAMSUNG,CI.4,DA.4,Samsung,"(0.0, 5.0]","(20.0, 30.0]","(10.0, 20.0]","(10.0, 15.0]","(20.0, 30.0]"
3413,2020-03-06 22:17:37,3413,20010.24,,13806,3317,0,client,finished,1,prediction,13806.0,2025.0,,407,CA.5.45,finished,finished,DA.4.42,2065,INFINIX MOBILITY LIMITED Infinix X624B,0,0,0.0,2020-03-06,22:17:37,Friday,5,3,2020,False,Missing,NO OVERCHARGE,22,13.806,13.806,55.28333333333333,33.75,200.10240000000002,,,,õhtu,14.983901115465784,False,21.53333333333333,0.0,2–150 km/h,Friday,INFINIX,CA.5,DA.4,Infinix,"(20.0, 30.0]","(30.0, 60.0]","(10.0, 20.0]","(10.0, 15.0]","(30.0, 60.0]"
3415,2020-03-06 21:33:02,3415,7260.0,,4639,864,1,client,finished,1,prediction,4898.0,779.0,,406,CI.4.19,finished,finished,DA.4.39,261,INFINIX MOBILITY LIMITED Infinix X624,0,0,0.0,2020-03-06,21:33:02,Friday,5,3,2020,False,Missing,NO OVERCHARGE,21,4.639,4.898,14.4,12.983333333333333,72.6,,,,õhtu,19.329166666666666,False,1.4166666666666679,-0.25899999999999945,2–150 km/h,Friday,INFINIX,CI.4,DA.4,Infinix,"(0.0, 5.0]","(10.0, 20.0]","(2.0, 5.0]","(2.0, 5.0]","(10.0, 15.0]"
3424,2020-03-06 22:33:01,3424,6000.0,,1098,205,1,client,finished,1,prediction,2787.0,574.0,,408,CA.5.46,finished,finished,DA.4.42,1169,TECNO F3,0,0,0.0,2020-03-06,22:33:01,Friday,5,3,2020,False,Missing,NO OVERCHARGE,22,1.098,2.787,3.4166666666666665,9.566666666666666,60.0,,,,õhtu,19.281951219512198,False,-6.15,-1.6889999999999998,2–150 km/h,Friday,TECNO,CA.5,DA.4,TECNO,"(-10.0, -5.0]","(0.0, 5.0]","(0.0, 2.0]","(0.0, 2.0]","(0.0, 5.0]"
3429,2020-03-06 23:25:10,3429,16868.2,,7554,1669,1,client,finished,1,prediction,2143.0,424.0,,426,CA.5.04,finished,finished,DA.4.42,1721,ITEL MOBILE LIMITED itel A23A,0,0,0.0,2020-03-06,23:25:10,Friday,5,3,2020,False,Missing,NO OVERCHARGE,23,7.554,2.143,27.816666666666666,7.066666666666666,168.68200000000002,,,,õhtu,16.293828639904135,False,20.75,5.4110000000000005,2–150 km/h,Friday,ITEL,CA.5,DA.4,Itel,"(20.0, 30.0]","(20.0, 30.0]","(5.0, 10.0]","(5.0, 10.0]","(20.0, 30.0]"
3434,2020-03-06 23:49:14,3434,6000.0,,3079,549,1,client,finished,1,prediction,2486.0,300.0,,416,CI.4.22,finished,finished,DA.4.42,844,LAVA iris41,0,0,0.0,2020-03-06,23:49:14,Friday,5,3,2020,False,Missing,NO OVERCHARGE,23,3.079,2.486,9.15,5.0,60.0,,,,õhtu,20.19016393442623,False,4.15,0.593,2–150 km/h,Friday,LAVA,CI.4,DA.4,Other,"(0.0, 5.0]","(5.0, 10.0]","(2.0, 5.0]","(2.0, 5.0]","(5.0, 10.0]"
3436,2020-03-06 23:58:14,3436,8922.0,,6445,882,0,client,finished,1,prediction,6445.0,820.0,,418,CA.5.42,finished,finished,DA.4.42,371,Samsung SAMSUNG-SM-G920A,0,0,0.0,2020-03-06,23:58:14,Friday,5,3,2020,False,Missing,NO OVERCHARGE,23,6.445,6.445,14.7,13.666666666666666,89.22,,,,õhtu,26.306122448979593,False,1.0333333333333332,0.0,2–150 km/h,Friday,SAMSUNG,CA.5,DA.4,Samsung,"(0.0, 5.0]","(10.0, 20.0]","(5.0, 10.0]","(5.0, 10.0]","(10.0, 15.0]"
3439,2020-03-07 00:07:34,3439,6000.0,,239,127,1,client,finished,1,prediction,9404.0,1231.0,,421,CA.5.46,finished,finished,DA.4.42,1002,TECNO MOBILE LIMITED TECNO KC8,0,0,0.0,2020-03-07,00:07:34,Saturday,6,3,2020,False,Missing,NO OVERCHARGE,0,0.239,9.404,2.1166666666666667,20.516666666666666,60.0,,,,öö,6.774803149606299,False,-18.4,-9.165,2–150 km/h,Saturday,TECNO,CA.5,DA.4,TECNO,,"(0.0, 5.0]","(0.0, 2.0]","(0.0, 2.0]","(0.0, 5.0]"
3441,2020-03-07 00:55:31,3441,6000.0,,793,270,1,client,finished,1,prediction,9600.0,1011.0,,470,CI.4.19,finished,finished,DA.4.39,905,Samsung SM-J250F,0,0,0.0,2020-03-07,00:55:31,Saturday,6,3,2020,False,Missing,NO OVERCHARGE,0,0.793,9.6,4.5,16.85,60.0,,,,öö,10.573333333333334,False,-12.350000000000001,-8.807,2–150 km/h,Saturday,SAMSUNG,CI.4,DA.4,Samsung,,"(0.0, 5.0]","(0.0, 2.0]","(0.0, 2.0]","(0.0, 5.0]"
3442,2020-03-07 00:46:56,3442,6000.0,,2680,465,0,client,finished,1,prediction,2680.0,429.0,,422,CI.4.17,finished,finished,DA.4.39,1740,TECNO MOBILE LIMITED TECNO B1p,0,0,0.0,2020-03-07,00:46:56,Saturday,6,3,2020,False,Missing,NO OVERCHARGE,0,2.68,2.68,7.75,7.15,60.0,,,,öö,20.748387096774195,False,0.5999999999999996,0.0,2–150 km/h,Saturday,TECNO,CI.4,DA.4,TECNO,"(0.0, 5.0]","(5.0, 10.0]","(2.0, 5.0]","(2.0, 5.0]","(5.0, 10.0]"
3459,2020-03-07 03:30:34,3459,7535.76,,4255,1201,0,client,finished,1,prediction,7108.0,861.0,,439,CI.4.22,finished,finished,DA.4.42,1296,Samsung SM-G570F,0,0,0.0,2020-03-07,03:30:34,Saturday,6,3,2020,False,Missing,NO OVERCHARGE,3,4.255,7.108,20.016666666666666,14.35,75.3576,,,,öö,12.754371357202333,False,5.666666666666666,-2.8529999999999998,2–150 km/h,Saturday,SAMSUNG,CI.4,DA.4,Samsung,"(5.0, 10.0]","(20.0, 30.0]","(2.0, 5.0]","(2.0, 5.0]","(20.0, 30.0]"
3466,2020-03-07 07:04:46,3466,2000.0,,30,1260,0,client,finished,1,prediction,2564.0,418.0,,445,CA.5.46,finished,finished,DA.4.42,297,HMD Global Nokia 2.2,0,0,0.0,2020-03-07,07:04:46,Saturday,6,3,2020,False,Missing,NO OVERCHARGE,7,0.03,2.564,21.0,6.966666666666667,20.0,,,,hommik,0.08571428571428572,False,14.033333333333333,-2.5340000000000003,<2 km/h,Saturday,NOKIA,CA.5,DA.4,Other,"(10.0, 20.0]","(20.0, 30.0]","(0.0, 2.0]","(0.0, 2.0]","(20.0, 30.0]"
3471,2020-03-07 08:24:51,3472,6230.28,,3049,1083,0,client,finished,1,prediction,3049.0,697.0,,451,CA.5.21,finished,finished,DA.4.37,909,TECNO MOBILE LIMITED TECNO CA7,0,0,0.0,2020-03-07,08:24:51,Saturday,6,3,2020,False,Missing,NO OVERCHARGE,8,3.049,3.049,18.05,11.616666666666667,62.3028,,,,hommik,10.135180055401662,False,6.433333333333334,0.0,2–150 km/h,Saturday,TECNO,CA.5,DA.4,TECNO,"(5.0, 10.0]","(10.0, 20.0]","(2.0, 5.0]","(2.0, 5.0]","(15.0, 20.0]"
3472,2020-03-07 11:13:38,3471,55129.5,,27839,10683,1,client,finished,1,prediction,11028.0,1832.0,,469,CA.5.30,finished,finished,DA.4.42,958,Samsung SM-A710F,0,0,0.0,2020-03-07,11:13:38,Saturday,6,3,2020,False,Missing,NO OVERCHARGE,11,27.839,11.028,178.05,30.533333333333335,551.295,,,,hommik,9.381297388374051,False,147.51666666666668,16.811,2–150 km/h,Saturday,SAMSUNG,CA.5,DA.4,Samsung,"(60.0, inf]","(60.0, inf]","(20.0, 30.0]","(20.0, inf]","(60.0, inf]"
3473,2020-03-07 09:20:47,3473,19188.54,,11055,4219,1,client,finished,1,prediction,3300.0,577.0,,458,CA.5.37,finished,finished,DA.4.42,1444,Samsung SM-G965F,0,0,0.0,2020-03-07,09:20:47,Saturday,6,3,2020,False,Missing,NO OVERCHARGE,9,11.055,3.3,70.31666666666666,9.616666666666667,191.8854,,,,hommik,9.433041004977483,False,60.699999999999996,7.755,2–150 km/h,Saturday,SAMSUNG,CA.5,DA.4,Samsung,"(60.0, inf]","(60.0, inf]","(10.0, 20.0]","(10.0, 15.0]","(60.0, inf]"
3475,2020-03-07 09:55:38,3475,31211.02,,20405,4121,1,client,finished,1,prediction,17426.0,2750.0,,459,CA.5.46,finished,finished,DA.4.37,909,TECNO MOBILE LIMITED TECNO CA7,0,0,0.0,2020-03-07,09:55:38,Saturday,6,3,2020,False,Missing,NO OVERCHARGE,9,20.405,17.426,68.68333333333334,45.833333333333336,312.1102,,,,hommik,17.825285124969668,False,22.85,2.9790000000000028,2–150 km/h,Saturday,TECNO,CA.5,DA.4,TECNO,"(20.0, 30.0]","(60.0, inf]","(20.0, 30.0]","(20.0, inf]","(60.0, inf]"
3476,2020-03-07 10:08:44,3476,6000.0,,1367,818,0,client,finished,1,prediction,8208.0,1153.0,,504,CA.5.35,finished,finished,DA.4.34,1211,HUAWEI POT-LX1,0,1,0.0,2020-03-07,10:08:44,Saturday,6,3,2020,False,Missing,NO OVERCHARGE,10,1.367,8.208,13.633333333333333,19.216666666666665,60.0,,,,hommik,6.016136919315404,False,-5.583333333333332,-6.841,2–150 km/h,Saturday,HUAWEI,CA.5,DA.4,Huawei,"(-10.0, -5.0]","(10.0, 20.0]","(0.0, 2.0]","(0.0, 2.0]","(10.0, 15.0]"
3479,2020-03-07 10:21:20,3479,6000.0,,2931,746,1,client,finished,1,prediction,3497.0,657.0,,461,CA.5.46,finished,finished,DA.4.42,1845,TECNO MOBILE LIMITED TECNO F3,0,0,0.0,2020-03-07,10:21:20,Saturday,6,3,2020,False,Missing,NO OVERCHARGE,10,2.931,3.497,12.433333333333334,10.95,60.0,,,,hommik,14.144235924932975,False,1.4833333333333343,-0.5659999999999998,2–150 km/h,Saturday,TECNO,CA.5,DA.4,TECNO,"(0.0, 5.0]","(10.0, 20.0]","(2.0, 5.0]","(2.0, 5.0]","(10.0, 15.0]"
3481,2020-03-07 11:45:39,3481,6000.0,,3078,535,1,client,finished,1,prediction,10820.0,1926.0,,471,CA.4.79,finished,finished,DA.4.42,433,Itel W5504,0,0,0.0,2020-03-07,11:45:39,Saturday,6,3,2020,False,Missing,NO OVERCHARGE,11,3.078,10.82,8.916666666666666,32.1,60.0,,,,hommik,20.711775700934577,False,-23.183333333333337,-7.742000000000001,2–150 km/h,Saturday,ITEL,CA.4,DA.4,Itel,,"(5.0, 10.0]","(2.0, 5.0]","(2.0, 5.0]","(5.0, 10.0]"
3482,2020-03-07 11:30:26,3482,8273.3,,11841,2524,1,client,finished,1,prediction,10802.0,1999.0,,481,CI.4.19,finished,finished,DA.4.34,997,TECNO F3,0,0,0.0,2020-03-07,11:30:26,Saturday,6,3,2020,False,Missing,NO OVERCHARGE,11,11.841,10.802,42.06666666666667,33.31666666666667,82.73299999999999,,,,hommik,16.88890649762282,False,8.75,1.0389999999999997,2–150 km/h,Saturday,TECNO,CI.4,DA.4,TECNO,"(5.0, 10.0]","(30.0, 60.0]","(10.0, 20.0]","(10.0, 15.0]","(30.0, 60.0]"
3483,2020-03-07 12:38:21,3483,6036.8,,3559,4808,0,client,finished,1,prediction,7186.0,1290.0,,495,CA.5.01,finished,finished,DA.4.42,1315,HMD Global Nokia 2.2,0,0,0.0,2020-03-07,12:38:21,Saturday,6,3,2020,False,Missing,NO OVERCHARGE,12,3.559,7.186,80.13333333333334,21.5,60.368,,,,hommik,2.6648086522462564,False,58.63333333333334,-3.627,2–150 km/h,Saturday,NOKIA,CA.5,DA.4,Other,"(30.0, 60.0]","(60.0, inf]","(2.0, 5.0]","(2.0, 5.0]","(60.0, inf]"
3484,2020-03-07 12:42:52,3484,37342.48,,23264,4978,0,client,finished,1,prediction,24016.0,2355.0,,480,CA.5.40,finished,finished,DA.4.41,1625,Samsung SM-G930F,0,0,0.0,2020-03-07,12:42:52,Saturday,6,3,2020,False,Missing,NO OVERCHARGE,12,23.264,24.016,82.96666666666667,39.25,373.4248,,,,hommik,16.824106066693453,False,43.71666666666667,-0.7519999999999989,2–150 km/h,Saturday,SAMSUNG,CA.5,DA.4,Samsung,"(30.0, 60.0]","(60.0, inf]","(20.0, 30.0]","(20.0, inf]","(60.0, inf]"
3487,2020-03-07 12:46:11,3487,8337.78,,2111,2694,0,client,finished,1,prediction,2951.0,562.0,,492,CA.5.00,finished,finished,DA.4.39,1426,Infinix X571,0,1,0.0,2020-03-07,12:46:11,Saturday,6,3,2020,False,Missing,NO OVERCHARGE,12,2.111,2.951,44.9,9.366666666666667,83.37780000000001,,,,hommik,2.820935412026726,False,35.53333333333333,-0.8399999999999999,2–150 km/h,Saturday,INFINIX,CA.5,DA.4,Infinix,"(30.0, 60.0]","(30.0, 60.0]","(2.0, 5.0]","(2.0, 5.0]","(30.0, 60.0]"
3489,2020-03-07 13:04:50,3489,16890.72,,11127,2931,0,client,finished,1,prediction,11127.0,1640.0,,483,CI.4.19,finished,finished,DA.4.42,1438,TECNO L8 Lite,0,0,0.0,2020-03-07,13:04:50,Saturday,6,3,2020,False,Missing,NO OVERCHARGE,13,11.127,11.127,48.85,27.333333333333332,168.90720000000002,,,,lõuna,13.666734902763563,False,21.51666666666667,0.0,2–150 km/h,Saturday,TECNO,CI.4,DA.4,TECNO,"(20.0, 30.0]","(30.0, 60.0]","(10.0, 20.0]","(10.0, 15.0]","(30.0, 60.0]"
3491,2020-03-07 14:25:36,3491,20501.22,,11306,4812,0,client,finished,1,prediction,11306.0,2237.0,,497,CA.5.01,finished,finished,DA.4.42,1544,TECNO MOBILE LIMITED TECNO B1,0,0,0.0,2020-03-07,14:25:36,Saturday,6,3,2020,False,Missing,NO OVERCHARGE,14,11.306,11.306,80.2,37.28333333333333,205.0122,,,,lõuna,8.458354114713217,False,42.91666666666667,0.0,2–150 km/h,Saturday,TECNO,CA.5,DA.4,TECNO,"(30.0, 60.0]","(60.0, inf]","(10.0, 20.0]","(10.0, 15.0]","(60.0, inf]"
3492,2020-03-07 13:41:26,3492,2000.0,,1658,583,1,client,finished,1,prediction,11177.0,1667.0,,485,CA.5.42,finished,finished,DA.4.42,2073,TECNO F3,0,0,0.0,2020-03-07,13:41:26,Saturday,6,3,2020,False,Missing,NO OVERCHARGE,13,1.658,11.177,9.716666666666667,27.783333333333335,20.0,,,,lõuna,10.238078902229846,False,-18.06666666666667,-9.519,2–150 km/h,Saturday,TECNO,CA.5,DA.4,TECNO,,"(5.0, 10.0]","(0.0, 2.0]","(0.0, 2.0]","(5.0, 10.0]"
3493,2020-03-07 13:25:31,3493,6000.0,,2918,448,0,client,finished,1,prediction,2918.0,481.0,,484,CI.3.68,finished,finished,DA.4.42,1733,TECNO-J8,0,0,0.0,2020-03-07,13:25:31,Saturday,6,3,2020,False,Missing,NO OVERCHARGE,13,2.918,2.918,7.466666666666667,8.016666666666667,60.0,,,,lõuna,23.448214285714286,False,-0.5500000000000007,0.0,2–150 km/h,Saturday,TECNO,CI.3,DA.4,TECNO,"(-5.0, 0.0]","(5.0, 10.0]","(2.0, 5.0]","(2.0, 5.0]","(5.0, 10.0]"
3494,2020-03-07 14:09:05,3494,14810.04,,10652,2032,1,client,finished,1,prediction,9108.0,1291.0,,805,CI.4.09,finished,finished,DA.4.42,981,TECNO MOBILE LIMITED TECNO LB7,0,0,0.0,2020-03-07,14:09:05,Saturday,6,3,2020,False,Missing,NO OVERCHARGE,14,10.652,9.108,33.86666666666667,21.516666666666666,148.1004,,,,lõuna,18.871653543307087,False,12.350000000000001,1.5439999999999987,2–150 km/h,Saturday,TECNO,CI.4,DA.4,TECNO,"(10.0, 20.0]","(30.0, 60.0]","(10.0, 20.0]","(10.0, 15.0]","(30.0, 60.0]"
3495,2020-03-07 14:29:51,3495,27862.6,,14986,2512,1,client,finished,1,prediction,13507.0,2220.0,,491,CI.4.19,finished,finished,DA.4.19,376,TECNO MOBILE LIMITED TECNO KA7O,0,0,0.0,2020-03-07,14:29:51,Saturday,6,3,2020,False,Missing,NO OVERCHARGE,14,14.986,13.507,41.86666666666667,37.0,278.626,,,,lõuna,21.47675159235669,False,4.866666666666667,1.479000000000001,2–150 km/h,Saturday,TECNO,CI.4,DA.4,TECNO,"(0.0, 5.0]","(30.0, 60.0]","(10.0, 20.0]","(10.0, 15.0]","(30.0, 60.0]"
3496,2020-03-07 15:38:17,3496,15261.78,,10829,2190,1,client,finished,1,prediction,9702.0,1848.0,,1032,CI.4.19,finished,finished,DA.4.39,462,Samsung SM-A520F,0,0,0.0,2020-03-07,15:38:17,Saturday,6,3,2020,False,Missing,NO OVERCHARGE,15,10.829,9.702,36.5,30.8,152.61780000000002,,,,lõuna,17.80109589041096,False,5.699999999999999,1.1270000000000007,2–150 km/h,Saturday,SAMSUNG,CI.4,DA.4,Samsung,"(5.0, 10.0]","(30.0, 60.0]","(10.0, 20.0]","(10.0, 15.0]","(30.0, 60.0]"
3498,2020-03-07 16:10:33,3498,13689.96,,9910,1784,1,client,finished,1,prediction,8930.0,1467.0,,590,CA.5.46,finished,finished,DA.4.42,1282,TECNO MOBILE LIMITED TECNO B1p,0,0,0.0,2020-03-07,16:10:33,Saturday,6,3,2020,False,Missing,NO OVERCHARGE,16,9.91,8.93,29.733333333333334,24.45,136.8996,,,,lõuna,19.997757847533634,False,5.283333333333335,0.9800000000000004,2–150 km/h,Saturday,TECNO,CA.5,DA.4,TECNO,"(5.0, 10.0]","(20.0, 30.0]","(5.0, 10.0]","(5.0, 10.0]","(20.0, 30.0]"
3505,2020-03-07 17:01:33,3505,11363.22,,5521,2670,0,client,finished,1,prediction,5521.0,1220.0,,894,CA.5.45,finished,finished,DA.4.39,675,TECNO MOBILE LIMITED TECNO KA7,0,0,0.0,2020-03-07,17:01:33,Saturday,6,3,2020,False,Missing,NO OVERCHARGE,17,5.521,5.521,44.5,20.333333333333332,113.6322,,,,lõuna,7.444044943820225,False,24.166666666666668,0.0,2–150 km/h,Saturday,TECNO,CA.5,DA.4,TECNO,"(20.0, 30.0]","(30.0, 60.0]","(5.0, 10.0]","(5.0, 10.0]","(30.0, 60.0]"
3506,2020-03-07 16:45:13,3506,2000.0,,16,5,1,client,finished,1,prediction,2587.0,441.0,,515,CA.5.42,finished,finished,DA.4.42,974,TECNO F3,0,1,0.0,2020-03-07,16:45:13,Saturday,6,3,2020,False,Missing,NO OVERCHARGE,16,0.016,2.587,0.08333333333333333,7.35,20.0,,,,lõuna,11.520000000000001,False,-7.266666666666667,-2.571,2–150 km/h,Saturday,TECNO,CA.5,DA.4,TECNO,"(-10.0, -5.0]","(0.0, 5.0]","(0.0, 2.0]","(0.0, 2.0]","(0.0, 5.0]"
3509,2020-03-07 17:32:15,3509,14194.98,,8198,2899,0,client,finished,1,prediction,8198.0,1294.0,,566,CA.5.23,finished,finished,DA.4.42,1987,HUAWEI VNS-L21,0,0,0.0,2020-03-07,17:32:15,Saturday,6,3,2020,False,Missing,NO OVERCHARGE,17,8.198,8.198,48.31666666666667,21.566666666666666,141.94979999999998,,,,lõuna,10.180338047602621,False,26.750000000000004,0.0,2–150 km/h,Saturday,HUAWEI,CA.5,DA.4,Huawei,"(20.0, 30.0]","(30.0, 60.0]","(5.0, 10.0]","(5.0, 10.0]","(30.0, 60.0]"
3512,2020-03-07 17:02:18,3512,2000.0,,12,30,1,client,finished,1,prediction,4969.0,894.0,,512,CI.4.22,finished,finished,DA.4.39,759,Itel W5504,0,0,0.0,2020-03-07,17:02:18,Saturday,6,3,2020,False,Missing,NO OVERCHARGE,17,0.012,4.969,0.5,14.9,20.0,,,,lõuna,1.4400000000000002,False,-14.4,-4.957000000000001,<2 km/h,Saturday,ITEL,CI.4,DA.4,Itel,,"(0.0, 5.0]","(0.0, 2.0]","(0.0, 2.0]","(0.0, 5.0]"
3517,2020-03-07 18:57:22,3517,8099.46,,3899,1685,1,client,finished,1,prediction,3433.0,611.0,,523,CA.5.45,finished,finished,DA.4.39,467,SHARP SH-04G,0,0,0.0,2020-03-07,18:57:22,Saturday,6,3,2020,False,Missing,NO OVERCHARGE,18,3.899,3.433,28.083333333333332,10.183333333333334,80.9946,,,,lõuna,8.33020771513353,False,17.9,0.4660000000000002,2–150 km/h,Saturday,SHARP,CA.5,DA.4,Other,"(10.0, 20.0]","(20.0, 30.0]","(2.0, 5.0]","(2.0, 5.0]","(20.0, 30.0]"
3524,2020-03-07 20:24:18,3524,24251.26,,19871,796,0,client,finished,1,prediction,7464.0,1151.0,,1015,CI.4.19,finished,finished,DA.4.39,826,Samsung GT-I9505,0,1,0.0,2020-03-07,20:24:18,Saturday,6,3,2020,False,Missing,NO OVERCHARGE,20,19.871,7.464,13.266666666666667,19.183333333333334,242.5126,,,,õhtu,89.86884422110553,False,-5.916666666666666,12.406999999999998,2–150 km/h,Saturday,SAMSUNG,CI.4,DA.4,Samsung,"(-10.0, -5.0]","(10.0, 20.0]","(10.0, 20.0]","(15.0, 20.0]","(10.0, 15.0]"
3525,2020-03-07 20:26:25,3525,11005.5,,8051,1233,1,client,finished,1,prediction,10147.0,1339.0,,591,CA.5.32,finished,finished,DA.4.39,905,Samsung SM-J250F,0,0,0.0,2020-03-07,20:26:25,Saturday,6,3,2020,False,Missing,NO OVERCHARGE,20,8.051,10.147,20.55,22.316666666666666,110.055,,,,õhtu,23.506569343065696,False,-1.7666666666666657,-2.096,2–150 km/h,Saturday,SAMSUNG,CA.5,DA.4,Samsung,"(-5.0, 0.0]","(20.0, 30.0]","(5.0, 10.0]","(5.0, 10.0]","(20.0, 30.0]"
3526,2020-03-07 20:41:44,3526,14042.04,,9542,2158,0,client,finished,1,prediction,9542.0,1585.0,,649,CA.5.46,finished,finished,DA.4.42,1941,TECNO MOBILE LIMITED TECNO B1,0,0,0.0,2020-03-07,20:41:44,Saturday,6,3,2020,False,Missing,NO OVERCHARGE,20,9.542,9.542,35.96666666666667,26.416666666666668,140.4204,,,,õhtu,15.918072289156626,False,9.55,0.0,2–150 km/h,Saturday,TECNO,CA.5,DA.4,TECNO,"(5.0, 10.0]","(30.0, 60.0]","(5.0, 10.0]","(5.0, 10.0]","(30.0, 60.0]"
3527,2020-03-07 20:26:41,3527,10911.6,,3782,1126,1,client,finished,1,prediction,2955.0,453.0,,536,CI.4.18,finished,finished,DA.4.42,1721,ITEL MOBILE LIMITED itel A23A,0,0,0.0,2020-03-07,20:26:41,Saturday,6,3,2020,False,Missing,NO OVERCHARGE,20,3.782,2.955,18.766666666666666,7.55,109.116,,,,õhtu,12.091651865008881,False,11.216666666666665,0.827,2–150 km/h,Saturday,ITEL,CI.4,DA.4,Itel,"(10.0, 20.0]","(10.0, 20.0]","(2.0, 5.0]","(2.0, 5.0]","(15.0, 20.0]"
3528,2020-03-07 20:31:32,3528,7200.0,,379,83,1,client,finished,1,prediction,6021.0,840.0,,532,CA.5.04,finished,finished,DA.4.42,1544,TECNO MOBILE LIMITED TECNO B1,0,1,0.0,2020-03-07,20:31:32,Saturday,6,3,2020,False,Missing,NO OVERCHARGE,20,0.379,6.021,1.3833333333333333,14.0,72.0,,,,õhtu,16.43855421686747,False,-12.616666666666667,-5.6419999999999995,2–150 km/h,Saturday,TECNO,CA.5,DA.4,TECNO,,"(0.0, 5.0]","(0.0, 2.0]","(0.0, 2.0]","(0.0, 5.0]"
3530,2020-03-07 21:24:02,3530,14513.04,,10104,2140,1,client,finished,1,prediction,5125.0,816.0,,738,CA.5.04,finished,finished,DA.4.42,2048,Samsung SM-G935U,0,0,0.0,2020-03-07,21:24:02,Saturday,6,3,2020,False,Missing,NO OVERCHARGE,21,10.104,5.125,35.666666666666664,13.6,145.1304,,,,õhtu,16.997383177570093,False,22.066666666666663,4.978999999999999,2–150 km/h,Saturday,SAMSUNG,CA.5,DA.4,Samsung,"(20.0, 30.0]","(30.0, 60.0]","(10.0, 20.0]","(10.0, 15.0]","(30.0, 60.0]"
3531,2020-03-07 21:01:41,3531,6000.0,,795,220,1,client,finished,1,prediction,3698.0,494.0,,538,CA.5.44,finished,finished,DA.4.42,1313,HUAWEI RNE-L21,0,0,0.0,2020-03-07,21:01:41,Saturday,6,3,2020,False,Missing,NO OVERCHARGE,21,0.795,3.698,3.6666666666666665,8.233333333333333,60.0,,,,õhtu,13.00909090909091,False,-4.566666666666666,-2.903,2–150 km/h,Saturday,HUAWEI,CA.5,DA.4,Huawei,"(-5.0, 0.0]","(0.0, 5.0]","(0.0, 2.0]","(0.0, 2.0]","(0.0, 5.0]"
3534,2020-03-07 21:13:14,3534,7249.74,,4598,878,0,client,finished,1,prediction,4598.0,579.0,,540,CA.5.45,finished,finished,DA.4.39,865,Itel W6002,0,0,0.0,2020-03-07,21:13:14,Saturday,6,3,2020,False,Missing,NO OVERCHARGE,21,4.598,4.598,14.633333333333333,9.65,72.4974,,,,õhtu,18.852847380410022,False,4.9833333333333325,0.0,2–150 km/h,Saturday,ITEL,CA.5,DA.4,Itel,"(0.0, 5.0]","(10.0, 20.0]","(2.0, 5.0]","(2.0, 5.0]","(10.0, 15.0]"
3537,2020-03-07 21:24:06,3537,6000.0,,3800,563,0,client,finished,1,prediction,3800.0,477.0,,552,CA.5.26,finished,finished,DA.4.39,644,TECNO K9,0,0,0.0,2020-03-07,21:24:06,Saturday,6,3,2020,False,Missing,NO OVERCHARGE,21,3.8,3.8,9.383333333333333,7.95,60.0,,,,õhtu,24.29840142095915,False,1.4333333333333327,0.0,2–150 km/h,Saturday,TECNO,CA.5,DA.4,TECNO,"(0.0, 5.0]","(5.0, 10.0]","(2.0, 5.0]","(2.0, 5.0]","(5.0, 10.0]"
3540,2020-03-07 22:17:55,3540,8438.28,,5540,1065,1,client,finished,1,prediction,6092.0,798.0,,544,CA.5.46,finished,finished,DA.4.39,308,Samsung SM-G935U,0,0,0.0,2020-03-07,22:17:55,Saturday,6,3,2020,False,Missing,NO OVERCHARGE,22,5.54,6.092,17.75,13.3,84.3828,,,,õhtu,18.72676056338028,False,4.449999999999999,-0.5519999999999996,2–150 km/h,Saturday,SAMSUNG,CA.5,DA.4,Samsung,"(0.0, 5.0]","(10.0, 20.0]","(5.0, 10.0]","(5.0, 10.0]","(15.0, 20.0]"
3543,2020-03-07 22:30:55,3543,6000.0,,3094,553,1,client,finished,1,prediction,3717.0,596.0,,547,CA.5.46,finished,finished,DA.4.42,1682,HUAWEI JKM-LX1,0,1,0.0,2020-03-07,22:30:55,Saturday,6,3,2020,False,Missing,NO OVERCHARGE,22,3.094,3.717,9.216666666666667,9.933333333333334,60.0,,,,õhtu,20.141772151898735,False,-0.7166666666666668,-0.6230000000000002,2–150 km/h,Saturday,HUAWEI,CA.5,DA.4,Huawei,"(-5.0, 0.0]","(5.0, 10.0]","(2.0, 5.0]","(2.0, 5.0]","(5.0, 10.0]"
3544,2020-03-07 22:48:58,3544,6513.0,,4142,702,0,client,finished,1,prediction,2670.0,415.0,,555,CA.5.46,finished,finished,DA.4.37,1514,TECNO MOBILE LIMITED TECNO B1p,0,0,0.0,2020-03-07,22:48:58,Saturday,6,3,2020,False,Missing,NO OVERCHARGE,22,4.142,2.67,11.7,6.916666666666667,65.13,,,,õhtu,21.24102564102564,False,4.783333333333332,1.4720000000000004,2–150 km/h,Saturday,TECNO,CA.5,DA.4,TECNO,"(0.0, 5.0]","(10.0, 20.0]","(2.0, 5.0]","(2.0, 5.0]","(10.0, 15.0]"
3547,2020-03-07 22:59:31,3547,6000.0,,2012,355,1,client,finished,1,prediction,2459.0,325.0,,577,CA.5.42,finished,finished,DA.4.41,1753,TECNO L9 Plus,0,0,0.0,2020-03-07,22:59:31,Saturday,6,3,2020,False,Missing,NO OVERCHARGE,22,2.012,2.459,5.916666666666667,5.416666666666667,60.0,,,,õhtu,20.403380281690144,False,0.5,-0.44700000000000006,2–150 km/h,Saturday,TECNO,CA.5,DA.4,TECNO,"(0.0, 5.0]","(5.0, 10.0]","(2.0, 5.0]","(2.0, 5.0]","(5.0, 10.0]"
3548,2020-03-07 23:42:56,3548,6000.0,,2,114,1,client,finished,1,prediction,10136.0,1182.0,,628,CA.5.26,finished,finished,DA.4.41,1675,Samsung SM-G610F,0,0,0.0,2020-03-07,23:42:56,Saturday,6,3,2020,False,Missing,NO OVERCHARGE,23,0.002,10.136,1.9,19.7,60.0,,,,õhtu,0.06315789473684211,False,-17.8,-10.133999999999999,<2 km/h,Saturday,SAMSUNG,CA.5,DA.4,Samsung,,"(0.0, 5.0]","(0.0, 2.0]","(0.0, 2.0]","(0.0, 5.0]"
3559,2020-03-08 00:35:55,3559,6832.74,,4535,680,0,client,finished,2,prediction,4108.0,510.0,client_destination_changed,664,CA.5.44,finished,finished,DA.4.42,2011,Itel itel P12,0,0,0.0,2020-03-08,00:35:55,Sunday,7,3,2020,False,Missing,NO OVERCHARGE,0,4.535,4.108,11.333333333333334,8.5,68.3274,,,,öö,24.008823529411764,False,2.833333333333334,0.4270000000000005,2–150 km/h,Sunday,ITEL,CA.5,DA.4,Itel,"(0.0, 5.0]","(10.0, 20.0]","(2.0, 5.0]","(2.0, 5.0]","(10.0, 15.0]"
3561,2020-03-08 01:04:48,3561,8775.24,,5581,1229,0,client,finished,1,prediction,6154.0,790.0,,560,CA.5.38,finished,finished,DA.4.42,791,INFINIX MOBILITY LIMITED Infinix X604,0,0,0.0,2020-03-08,01:04:48,Sunday,7,3,2020,False,Missing,NO OVERCHARGE,1,5.581,6.154,20.483333333333334,13.166666666666666,87.7524,,,,öö,16.34792514239219,False,7.316666666666668,-0.5729999999999995,2–150 km/h,Sunday,INFINIX,CA.5,DA.4,Infinix,"(5.0, 10.0]","(20.0, 30.0]","(5.0, 10.0]","(5.0, 10.0]","(20.0, 30.0]"
3571,2020-03-08 03:42:55,3571,31360.72,,22303,2553,1,client,finished,1,prediction,22103.0,1992.0,,663,CA.5.45,finished,finished,DA.4.39,1080,TECNO MOBILE LIMITED TECNO KA7O,0,0,0.0,2020-03-08,03:42:55,Sunday,7,3,2020,False,Missing,NO OVERCHARGE,3,22.303,22.103,42.55,33.2,313.60720000000003,,,,öö,31.449588719153933,False,9.349999999999994,0.1999999999999993,2–150 km/h,Sunday,TECNO,CA.5,DA.4,TECNO,"(5.0, 10.0]","(30.0, 60.0]","(20.0, 30.0]","(20.0, inf]","(30.0, 60.0]"
3575,2020-03-08 03:37:44,3576,6000.0,,1610,1584,0,client,finished,2,prediction,3319.0,485.0,client_destination_changed,569,CI.4.14,finished,finished,DA.4.39,525,Samsung SM-G530H,0,0,0.0,2020-03-08,03:37:44,Sunday,7,3,2020,False,Missing,NO OVERCHARGE,3,1.61,3.319,26.4,8.083333333333334,60.0,,,,öö,3.659090909090909,False,18.316666666666663,-1.7089999999999999,2–150 km/h,Sunday,SAMSUNG,CI.4,DA.4,Samsung,"(10.0, 20.0]","(20.0, 30.0]","(0.0, 2.0]","(0.0, 2.0]","(20.0, 30.0]"
3582,2020-03-08 05:14:37,3582,6000.0,,2249,356,1,client,finished,1,prediction,5914.0,868.0,,573,CA.5.46,finished,finished,DA.4.42,478,HMD Global Nokia 2.2,0,0,0.0,2020-03-08,05:14:37,Sunday,7,3,2020,False,Missing,NO OVERCHARGE,5,2.249,5.914,5.933333333333334,14.466666666666667,60.0,,,,öö,22.742696629213484,False,-8.533333333333333,-3.6649999999999996,2–150 km/h,Sunday,NOKIA,CA.5,DA.4,Other,"(-10.0, -5.0]","(5.0, 10.0]","(2.0, 5.0]","(2.0, 5.0]","(5.0, 10.0]"
3583,2020-03-08 05:38:18,3583,21043.0,,16241,2214,1,client,finished,1,prediction,15005.0,2060.0,,576,CI.4.19,finished,finished,DA.4.34,1588,TECNO MOBILE LIMITED TECNO KA7,0,0,0.0,2020-03-08,05:38:18,Sunday,7,3,2020,False,Missing,NO OVERCHARGE,5,16.241,15.005,36.9,34.333333333333336,210.43,,,,öö,26.408130081300815,False,2.566666666666663,1.2359999999999989,2–150 km/h,Sunday,TECNO,CI.4,DA.4,TECNO,"(0.0, 5.0]","(30.0, 60.0]","(10.0, 20.0]","(15.0, 20.0]","(30.0, 60.0]"
3587,2020-03-08 07:37:29,3587,12919.26,,6631,2974,0,client,finished,1,prediction,7556.0,1023.0,,582,CA.5.46,finished,finished,DA.4.16,1217,Samsung SAMSUNG-SM-G900A,0,0,0.0,2020-03-08,07:37:29,Sunday,7,3,2020,False,Missing,NO OVERCHARGE,7,6.631,7.556,49.56666666666667,17.05,129.1926,,,,hommik,8.026765299260257,False,32.516666666666666,-0.9249999999999998,2–150 km/h,Sunday,SAMSUNG,CA.5,DA.4,Samsung,"(30.0, 60.0]","(30.0, 60.0]","(5.0, 10.0]","(5.0, 10.0]","(30.0, 60.0]"
3588,2020-03-08 07:26:27,3588,19476.0,,15239,2232,1,client,finished,1,prediction,14729.0,1733.0,,594,CI.4.19,finished,finished,DA.4.31,1068,Samsung SM-G532F,0,0,0.0,2020-03-08,07:26:27,Sunday,7,3,2020,False,Missing,NO OVERCHARGE,7,15.239,14.729,37.2,28.883333333333333,194.76,,,,hommik,24.579032258064515,False,8.31666666666667,0.5100000000000016,2–150 km/h,Sunday,SAMSUNG,CI.4,DA.4,Samsung,"(5.0, 10.0]","(30.0, 60.0]","(10.0, 20.0]","(15.0, 20.0]","(30.0, 60.0]"
3590,2020-03-08 09:25:41,3591,8562.0,,4,3852,0,client,finished,1,prediction,3187.0,613.0,,587,CA.5.42,finished,finished,DA.4.42,1647,TECNO L8 Lite,0,0,0.0,2020-03-08,09:25:41,Sunday,7,3,2020,False,Missing,NO OVERCHARGE,9,0.004,3.187,64.2,10.216666666666667,85.62,,,,hommik,0.003738317757009346,False,53.983333333333334,-3.183,<2 km/h,Sunday,TECNO,CA.5,DA.4,TECNO,"(30.0, 60.0]","(60.0, inf]","(0.0, 2.0]","(0.0, 2.0]","(60.0, inf]"
3591,2020-03-08 08:20:56,3590,6000.0,,148,198,1,client,finished,1,prediction,27259.0,3534.0,,583,CA.5.46,finished,finished,DA.4.42,1699,Samsung SM-J700H,0,0,0.0,2020-03-08,08:20:56,Sunday,7,3,2020,False,Missing,NO OVERCHARGE,8,0.148,27.259,3.3,58.9,60.0,,,,hommik,2.690909090909091,False,-55.6,-27.111,2–150 km/h,Sunday,SAMSUNG,CA.5,DA.4,Samsung,,"(0.0, 5.0]","(0.0, 2.0]","(0.0, 2.0]","(0.0, 5.0]"
3592,2020-03-08 09:44:40,3592,6552.72,,448,2535,0,client,finished,2,prediction,6145.0,1046.0,client_destination_changed,589,CA.4.47,finished,finished,DA.4.42,1145,TECNO MOBILE LIMITED TECNO F3,0,0,0.0,2020-03-08,09:44:40,Sunday,7,3,2020,False,Missing,NO OVERCHARGE,9,0.448,6.145,42.25,17.433333333333334,65.52720000000001,,,,hommik,0.6362130177514793,False,24.816666666666666,-5.696999999999999,<2 km/h,Sunday,TECNO,CA.4,DA.4,TECNO,"(20.0, 30.0]","(30.0, 60.0]","(0.0, 2.0]","(0.0, 2.0]","(30.0, 60.0]"
3596,2020-03-08 10:41:26,3596,30133.96,,19631,4214,0,client,finished,1,prediction,17134.0,2518.0,,640,CA.5.13,finished,finished,DA.4.42,460,Foxconn TG-L800S,0,0,0.0,2020-03-08,10:41:26,Sunday,7,3,2020,False,Missing,NO OVERCHARGE,10,19.631,17.134,70.23333333333333,41.96666666666667,301.3396,,,,hommik,16.770669197911726,False,28.266666666666666,2.497,2–150 km/h,Sunday,FOXCONN,CA.5,DA.4,Other,"(20.0, 30.0]","(60.0, inf]","(10.0, 20.0]","(15.0, 20.0]","(60.0, inf]"
3600,2020-03-08 15:54:59,3600,23701.02,,583,11825,0,client,finished,1,prediction,10235.0,1587.0,,625,CA.5.42,finished,finished,DA.4.39,933,TECNO WX3,0,0,0.0,2020-03-08,15:54:59,Sunday,7,3,2020,False,Missing,NO OVERCHARGE,15,0.583,10.235,197.08333333333334,26.45,237.0102,,,,lõuna,0.17748837209302326,False,170.63333333333335,-9.652,<2 km/h,Sunday,TECNO,CA.5,DA.4,TECNO,"(60.0, inf]","(60.0, inf]","(0.0, 2.0]","(0.0, 2.0]","(60.0, inf]"
3601,2020-03-08 12:02:38,3601,6111.7,,9447,1364,0,client,finished,1,prediction,21341.0,2499.0,,604,CI.4.11,finished,finished,DA.4.34,672,FUJITSU F-01H,0,0,0.0,2020-03-08,12:02:38,Sunday,7,3,2020,False,Missing,NO OVERCHARGE,12,9.447,21.341,22.733333333333334,41.65,61.117,,,,hommik,24.93343108504399,False,-18.916666666666664,-11.894000000000002,2–150 km/h,Sunday,FUJITSU,CI.4,DA.4,Other,,"(20.0, 30.0]","(5.0, 10.0]","(5.0, 10.0]","(20.0, 30.0]"
3603,2020-03-08 12:57:34,3603,12562.02,,8695,1763,1,client,finished,1,prediction,8254.0,1276.0,,611,CA.5.01,finished,finished,DA.4.37,1634,TECNO CX Air,0,0,0.0,2020-03-08,12:57:34,Sunday,7,3,2020,False,Missing,NO OVERCHARGE,12,8.695,8.254,29.383333333333333,21.266666666666666,125.62020000000001,,,,hommik,17.75496313102666,False,8.116666666666667,0.4410000000000007,2–150 km/h,Sunday,TECNO,CA.5,DA.4,TECNO,"(5.0, 10.0]","(20.0, 30.0]","(5.0, 10.0]","(5.0, 10.0]","(20.0, 30.0]"
3605,2020-03-08 12:42:49,3605,6000.0,,0,60,1,client,finished,1,prediction,2906.0,405.0,,608,CA.5.46,finished,finished,DA.4.42,1155,KONKA L570X,0,0,0.0,2020-03-08,12:42:49,Sunday,7,3,2020,True,Missing,NO OVERCHARGE,12,0.0,2.906,1.0,6.75,60.0,,,,hommik,0.0,False,-5.75,-2.906,<2 km/h,Sunday,KONKA,CA.5,DA.4,Other,"(-10.0, -5.0]","(0.0, 5.0]",,,"(0.0, 5.0]"
3609,2020-03-08 14:15:38,3609,12252.72,,9237,1329,1,client,finished,1,prediction,9253.0,1228.0,,721,CA.5.46,finished,finished,DI.3.34,57,"iPhone6,1",0,1,0.0,2020-03-08,14:15:38,Sunday,7,3,2020,False,Missing,NO OVERCHARGE,14,9.237,9.253,22.15,20.466666666666665,122.5272,,,,lõuna,25.021218961625284,False,1.6833333333333336,-0.016000000000000014,2–150 km/h,Sunday,APPLE,CA.5,DI.3,Apple,"(0.0, 5.0]","(20.0, 30.0]","(5.0, 10.0]","(5.0, 10.0]","(20.0, 30.0]"
3615,2020-03-08 14:34:31,3615,6000.0,,143,64,1,client,finished,1,prediction,15395.0,1573.0,,635,CI.4.19,finished,finished,DA.4.42,979,Samsung SM-A207F,0,0,0.0,2020-03-08,14:34:31,Sunday,7,3,2020,False,Missing,NO OVERCHARGE,14,0.143,15.395,1.0666666666666667,26.216666666666665,60.0,,,,lõuna,8.043750000000001,False,-25.15,-15.251999999999999,2–150 km/h,Sunday,SAMSUNG,CI.4,DA.4,Samsung,,"(0.0, 5.0]","(0.0, 2.0]","(0.0, 2.0]","(0.0, 5.0]"
3616,2020-03-08 15:35:26,3616,20251.46,,15317,2585,1,client,finished,1,prediction,13908.0,2031.0,,1325,CA.5.44,finished,finished,DA.4.42,119,Samsung SM-J610F,0,0,0.0,2020-03-08,15:35:26,Sunday,7,3,2020,False,Missing,NO OVERCHARGE,15,15.317,13.908,43.083333333333336,33.85,202.5146,,,,lõuna,21.331218568665378,False,9.233333333333334,1.4090000000000007,2–150 km/h,Sunday,SAMSUNG,CA.5,DA.4,Samsung,"(5.0, 10.0]","(30.0, 60.0]","(10.0, 20.0]","(15.0, 20.0]","(30.0, 60.0]"
3617,2020-03-08 15:12:15,3617,6254.22,,3728,762,1,client,finished,1,prediction,4281.0,648.0,,627,CA.5.43,finished,finished,DA.4.42,1344,OPPO CPH1803,0,0,0.0,2020-03-08,15:12:15,Sunday,7,3,2020,False,Missing,NO OVERCHARGE,15,3.728,4.281,12.7,10.8,62.5422,,,,lõuna,17.61259842519685,False,1.8999999999999986,-0.5529999999999995,2–150 km/h,Sunday,OPPO,CA.5,DA.4,Oppo,"(0.0, 5.0]","(10.0, 20.0]","(2.0, 5.0]","(2.0, 5.0]","(10.0, 15.0]"
3618,2020-03-08 16:10:26,3618,70386.24,,43645,5207,1,client,finished,1,prediction,23455.0,2797.0,,1328,CA.5.46,finished,finished,DA.4.42,1381,TECNO F3,0,0,0.0,2020-03-08,16:10:26,Sunday,7,3,2020,False,Missing,NO OVERCHARGE,16,43.645,23.455,86.78333333333333,46.61666666666667,703.8624000000001,,,,lõuna,30.175148838102555,False,40.166666666666664,20.190000000000005,2–150 km/h,Sunday,TECNO,CA.5,DA.4,TECNO,"(30.0, 60.0]","(60.0, inf]","(30.0, 50.0]","(20.0, inf]","(60.0, inf]"
3619,2020-03-08 16:23:57,3619,104507.48,,34710,4348,0,client,finished,1,prediction,34710.0,2411.0,,654,CI.4.22,finished,finished,DA.4.41,782,HMD Global TA-1021,0,0,0.0,2020-03-08,16:23:57,Sunday,7,3,2020,False,Missing,NO OVERCHARGE,16,34.71,34.71,72.46666666666667,40.18333333333333,1045.0747999999999,,,,lõuna,28.73873045078197,False,32.28333333333334,0.0,2–150 km/h,Sunday,NOKIA,CI.4,DA.4,Other,"(30.0, 60.0]","(60.0, inf]","(30.0, 50.0]","(20.0, inf]","(60.0, inf]"
3621,2020-03-08 16:28:17,3621,6121.74,,3860,626,1,client,finished,1,prediction,3771.0,725.0,,631,CA.5.46,finished,finished,DA.4.37,909,TECNO MOBILE LIMITED TECNO CA7,0,0,0.0,2020-03-08,16:28:17,Sunday,7,3,2020,False,Missing,NO OVERCHARGE,16,3.86,3.771,10.433333333333334,12.083333333333334,61.2174,,,,lõuna,22.198083067092654,False,-1.6500000000000004,0.08899999999999997,2–150 km/h,Sunday,TECNO,CA.5,DA.4,TECNO,"(-5.0, 0.0]","(10.0, 20.0]","(2.0, 5.0]","(2.0, 5.0]","(10.0, 15.0]"
3622,2020-03-08 17:15:46,3622,19256.76,,13137,3235,0,client,finished,1,prediction,13137.0,2227.0,,637,CI.4.19,finished,finished,DA.4.42,1571,TECNO CX Air,0,0,0.0,2020-03-08,17:15:46,Sunday,7,3,2020,False,Missing,NO OVERCHARGE,17,13.137,13.137,53.916666666666664,37.11666666666667,192.56759999999997,,,,lõuna,14.619227202472953,False,16.799999999999997,0.0,2–150 km/h,Sunday,TECNO,CI.4,DA.4,TECNO,"(10.0, 20.0]","(30.0, 60.0]","(10.0, 20.0]","(10.0, 15.0]","(30.0, 60.0]"
3623,2020-03-08 17:09:03,3623,11075.76,,6474,2047,1,client,finished,1,prediction,4973.0,756.0,,633,CA.5.30,finished,finished,DA.4.34,1551,HUAWEI DUA-L22,0,0,0.0,2020-03-08,17:09:03,Sunday,7,3,2020,False,Missing,NO OVERCHARGE,17,6.474,4.973,34.11666666666667,12.6,110.7576,,,,lõuna,11.385637518319493,False,21.516666666666666,1.5010000000000003,2–150 km/h,Sunday,HUAWEI,CA.5,DA.4,Huawei,"(20.0, 30.0]","(30.0, 60.0]","(5.0, 10.0]","(5.0, 10.0]","(30.0, 60.0]"
3626,2020-03-08 17:12:53,3626,9000.0,,2032,320,1,client,finished,1,prediction,12817.0,1651.0,,634,CI.4.19,finished,finished,DA.4.42,365,HUAWEI JKM-LX1,0,0,0.0,2020-03-08,17:12:53,Sunday,7,3,2020,False,Missing,NO OVERCHARGE,17,2.032,12.817,5.333333333333333,27.516666666666666,90.0,,,,lõuna,22.86,False,-22.183333333333334,-10.785,2–150 km/h,Sunday,HUAWEI,CI.4,DA.4,Huawei,,"(5.0, 10.0]","(2.0, 5.0]","(2.0, 5.0]","(5.0, 10.0]"
3629,2020-03-08 18:05:37,3629,13358.76,,9518,1795,0,client,finished,1,prediction,9518.0,1471.0,,641,CA.5.46,finished,finished,DA.4.42,1647,TECNO L8 Lite,0,0,0.0,2020-03-08,18:05:37,Sunday,7,3,2020,False,Missing,NO OVERCHARGE,18,9.518,9.518,29.916666666666668,24.516666666666666,133.5876,,,,lõuna,19.089025069637884,False,5.400000000000002,0.0,2–150 km/h,Sunday,TECNO,CA.5,DA.4,TECNO,"(5.0, 10.0]","(20.0, 30.0]","(5.0, 10.0]","(5.0, 10.0]","(20.0, 30.0]"
3630,2020-03-08 18:16:53,3630,6000.0,,622,321,1,client,finished,1,prediction,7500.0,1089.0,,863,CA.5.44,finished,finished,DA.4.42,2048,Samsung SM-G935U,0,0,0.0,2020-03-08,18:16:53,Sunday,7,3,2020,False,Missing,NO OVERCHARGE,18,0.622,7.5,5.35,18.15,60.0,,,,lõuna,6.975700934579439,False,-12.799999999999999,-6.878,2–150 km/h,Sunday,SAMSUNG,CA.5,DA.4,Samsung,,"(5.0, 10.0]","(0.0, 2.0]","(0.0, 2.0]","(5.0, 10.0]"
3632,2020-03-08 19:41:09,3632,13040.22,,9070,1842,1,client,finished,1,prediction,8047.0,1211.0,,647,CA.5.46,finished,finished,DA.4.39,644,TECNO K9,0,0,0.0,2020-03-08,19:41:09,Sunday,7,3,2020,False,Missing,NO OVERCHARGE,19,9.07,8.047,30.7,20.183333333333334,130.4022,,,,õhtu,17.72638436482085,False,10.516666666666666,1.0229999999999997,2–150 km/h,Sunday,TECNO,CA.5,DA.4,TECNO,"(10.0, 20.0]","(30.0, 60.0]","(5.0, 10.0]","(5.0, 10.0]","(30.0, 60.0]"
3634,2020-03-08 20:00:26,3634,2176.0,,913,378,1,client,finished,1,prediction,6720.0,874.0,,648,CI.4.13,finished,finished,DA.4.41,2095,Samsung SM-J600G,0,0,0.0,2020-03-08,20:00:26,Sunday,7,3,2020,False,Missing,NO OVERCHARGE,20,0.913,6.72,6.3,14.566666666666666,21.76,,,,õhtu,8.695238095238096,False,-8.266666666666666,-5.8069999999999995,2–150 km/h,Sunday,SAMSUNG,CI.4,DA.4,Samsung,"(-10.0, -5.0]","(5.0, 10.0]","(0.0, 2.0]","(0.0, 2.0]","(5.0, 10.0]"
3635,2020-03-08 20:07:39,3635,6000.0,,1028,147,1,client,finished,1,prediction,2548.0,485.0,,650,CA.5.44,finished,finished,DA.4.39,1963,HMD Global TA-1032,0,1,0.0,2020-03-08,20:07:39,Sunday,7,3,2020,False,Missing,NO OVERCHARGE,20,1.028,2.548,2.45,8.083333333333334,60.0,,,,õhtu,25.175510204081633,False,-5.633333333333334,-1.52,2–150 km/h,Sunday,NOKIA,CA.5,DA.4,Other,"(-10.0, -5.0]","(0.0, 5.0]","(0.0, 2.0]","(0.0, 2.0]","(0.0, 5.0]"
3638,2020-03-08 21:01:19,3638,13643.28,,10365,1533,1,client,finished,1,prediction,9088.0,1175.0,,736,CI.4.19,finished,finished,DA.4.39,1968,TECNO MOBILE LIMITED TECNO CC7,0,0,0.0,2020-03-08,21:01:19,Sunday,7,3,2020,False,Missing,NO OVERCHARGE,21,10.365,9.088,25.55,19.583333333333332,136.43280000000001,,,,õhtu,24.340508806262232,False,5.966666666666669,1.277000000000001,2–150 km/h,Sunday,TECNO,CI.4,DA.4,TECNO,"(5.0, 10.0]","(20.0, 30.0]","(10.0, 20.0]","(10.0, 15.0]","(20.0, 30.0]"
3640,2020-03-08 21:09:48,3640,6000.0,,1502,219,1,client,finished,1,prediction,3176.0,593.0,,665,CI.4.19,finished,finished,DA.4.41,1603,TECNO MOBILE LIMITED TECNO KA7,0,1,0.0,2020-03-08,21:09:48,Sunday,7,3,2020,False,Missing,NO OVERCHARGE,21,1.502,3.176,3.65,9.883333333333333,60.0,,,,õhtu,24.69041095890411,False,-6.2333333333333325,-1.6740000000000002,2–150 km/h,Sunday,TECNO,CI.4,DA.4,TECNO,"(-10.0, -5.0]","(0.0, 5.0]","(0.0, 2.0]","(0.0, 2.0]","(0.0, 5.0]"
3642,2020-03-08 21:36:00,3642,6438.24,,4229,617,1,client,finished,1,prediction,2809.0,329.0,,689,CA.5.45,finished,finished,DA.4.41,1603,TECNO MOBILE LIMITED TECNO KA7,0,0,0.0,2020-03-08,21:36:00,Sunday,7,3,2020,False,Missing,NO OVERCHARGE,21,4.229,2.809,10.283333333333333,5.483333333333333,64.3824,,,,õhtu,24.67487844408428,False,4.8,1.42,2–150 km/h,Sunday,TECNO,CA.5,DA.4,TECNO,"(0.0, 5.0]","(10.0, 20.0]","(2.0, 5.0]","(2.0, 5.0]","(10.0, 15.0]"
3643,2020-03-08 22:10:30,3643,22424.26,,17143,2182,1,client,finished,1,prediction,15173.0,1663.0,,655,CA.5.13,finished,finished,DA.4.42,478,HMD Global Nokia 2.2,0,0,0.0,2020-03-08,22:10:30,Sunday,7,3,2020,False,Missing,NO OVERCHARGE,22,17.143,15.173,36.36666666666667,27.716666666666665,224.24259999999998,,,,õhtu,28.283593033913842,False,8.650000000000002,1.9700000000000006,2–150 km/h,Sunday,NOKIA,CA.5,DA.4,Other,"(5.0, 10.0]","(30.0, 60.0]","(10.0, 20.0]","(15.0, 20.0]","(30.0, 60.0]"
3645,2020-03-08 22:35:59,3645,6000.0,,423,671,1,client,finished,1,prediction,1957.0,325.0,,678,CA.5.01,finished,finished,DA.4.42,1352,TECNO WX3,0,0,0.0,2020-03-08,22:35:59,Sunday,7,3,2020,False,Missing,NO OVERCHARGE,22,0.423,1.957,11.183333333333334,5.416666666666667,60.0,,,,õhtu,2.269448584202683,False,5.766666666666667,-1.534,2–150 km/h,Sunday,TECNO,CA.5,DA.4,TECNO,"(5.0, 10.0]","(10.0, 20.0]","(0.0, 2.0]","(0.0, 2.0]","(10.0, 15.0]"
3648,2020-03-08 22:58:39,3648,6000.0,,2288,504,1,client,finished,1,prediction,1643.0,273.0,,720,CA.5.45,finished,finished,DA.4.42,1352,TECNO WX3,0,0,0.0,2020-03-08,22:58:39,Sunday,7,3,2020,False,Missing,NO OVERCHARGE,22,2.288,1.643,8.4,4.55,60.0,,,,õhtu,16.34285714285714,False,3.8500000000000005,0.6449999999999998,2–150 km/h,Sunday,TECNO,CA.5,DA.4,TECNO,"(0.0, 5.0]","(5.0, 10.0]","(2.0, 5.0]","(2.0, 5.0]","(5.0, 10.0]"
3649,2020-03-09 00:28:59,3649,6000.0,,387,246,1,client,finished,1,prediction,2631.0,346.0,,662,CI.4.19,finished,finished,DA.4.34,1551,HUAWEI DUA-L22,0,0,0.0,2020-03-09,00:28:59,Monday,1,3,2020,False,Missing,NO OVERCHARGE,0,0.387,2.631,4.1,5.766666666666667,60.0,,,,öö,5.663414634146342,False,-1.666666666666667,-2.2439999999999998,2–150 km/h,Monday,HUAWEI,CI.4,DA.4,Huawei,"(-5.0, 0.0]","(0.0, 5.0]","(0.0, 2.0]","(0.0, 2.0]","(0.0, 5.0]"
3651,2020-03-09 02:39:55,3651,19651.98,,14629,2719,1,client,finished,1,prediction,13456.0,1822.0,,690,CA.5.45,finished,finished,DA.4.42,1568,Samsung SM-G531H,0,0,0.0,2020-03-09,02:39:55,Monday,1,3,2020,False,Missing,NO OVERCHARGE,2,14.629,13.456,45.31666666666667,30.366666666666667,196.5198,,,,öö,19.369032732622287,False,14.950000000000003,1.173,2–150 km/h,Monday,SAMSUNG,CA.5,DA.4,Samsung,"(10.0, 20.0]","(30.0, 60.0]","(10.0, 20.0]","(10.0, 15.0]","(30.0, 60.0]"
3652,2020-03-09 05:37:19,3652,17697.6,,5485,2520,1,client,finished,1,prediction,6497.0,1170.0,,668,CI.4.19,finished,finished,DA.4.42,881,INFINIX MOBILITY LIMITED Infinix X608,0,1,0.0,2020-03-09,05:37:19,Monday,1,3,2020,False,Missing,NO OVERCHARGE,5,5.485,6.497,42.0,19.5,176.976,,,,öö,7.835714285714285,False,22.5,-1.0119999999999996,2–150 km/h,Monday,INFINIX,CI.4,DA.4,Infinix,"(20.0, 30.0]","(30.0, 60.0]","(5.0, 10.0]","(5.0, 10.0]","(30.0, 60.0]"
3653,2020-03-09 06:00:19,3653,12736.5,,7261,2565,0,client,finished,1,prediction,7261.0,1486.0,,702,CA.5.46,finished,finished,DA.4.42,1224,TECNO K9,0,0,0.0,2020-03-09,06:00:19,Monday,1,3,2020,False,Missing,NO OVERCHARGE,6,7.261,7.261,42.75,24.766666666666666,127.365,,,,öö,10.190877192982457,False,17.983333333333334,0.0,2–150 km/h,Monday,TECNO,CA.5,DA.4,TECNO,"(10.0, 20.0]","(30.0, 60.0]","(5.0, 10.0]","(5.0, 10.0]","(30.0, 60.0]"
3656,2020-03-09 08:25:47,3656,15946.5,,339,7713,0,client,finished,1,prediction,20731.0,2138.0,,683,CI.4.19,finished,finished,DA.4.41,1212,INFINIX MOBILITY LIMITED Infinix X5516B,0,0,0.0,2020-03-09,08:25:47,Monday,1,3,2020,False,Missing,NO OVERCHARGE,8,0.339,20.731,128.55,35.63333333333333,159.465,,,,hommik,0.15822637106184365,False,92.91666666666669,-20.392000000000003,<2 km/h,Monday,INFINIX,CI.4,DA.4,Infinix,"(60.0, inf]","(60.0, inf]","(0.0, 2.0]","(0.0, 2.0]","(60.0, inf]"
3659,2020-03-09 07:20:50,3659,8912.22,,5621,1284,0,client,finished,1,prediction,7532.0,1244.0,,674,CI.4.14,finished,finished,DA.4.42,1693,INFINIX MOBILITY LIMITED Infinix X624,0,0,-1952.0,2020-03-09,07:20:50,Monday,1,3,2020,False,Negative,NO OVERCHARGE,7,5.621,7.532,21.4,20.733333333333334,89.12219999999999,,,,hommik,15.75981308411215,False,0.6666666666666643,-1.9109999999999996,2–150 km/h,Monday,INFINIX,CI.4,DA.4,Infinix,"(0.0, 5.0]","(20.0, 30.0]","(5.0, 10.0]","(5.0, 10.0]","(20.0, 30.0]"
3661,2020-03-09 08:50:14,3661,19601.04,,11938,4012,0,client,finished,1,prediction,11938.0,2124.0,,691,CI.4.19,finished,finished,DA.4.34,1713,INFINIX MOBILITY LIMITED Infinix X573S,0,1,0.0,2020-03-09,08:50:14,Monday,1,3,2020,False,Missing,NO OVERCHARGE,8,11.938,11.938,66.86666666666666,35.4,196.0104,,,,hommik,10.712063808574278,False,31.46666666666666,0.0,2–150 km/h,Monday,INFINIX,CI.4,DA.4,Infinix,"(30.0, 60.0]","(60.0, inf]","(10.0, 20.0]","(10.0, 15.0]","(60.0, inf]"
3662,2020-03-09 07:39:27,3662,2000.0,,42,57,1,client,finished,1,prediction,2778.0,467.0,,782,CI.4.01,finished,finished,DA.4.42,1387,Xiaomi Redmi 5,0,0,0.0,2020-03-09,07:39:27,Monday,1,3,2020,False,Missing,NO OVERCHARGE,7,0.042,2.778,0.95,7.783333333333333,20.0,,,,hommik,2.6526315789473682,False,-6.833333333333333,-2.736,2–150 km/h,Monday,XIAOMI,CI.4,DA.4,Other,"(-10.0, -5.0]","(0.0, 5.0]","(0.0, 2.0]","(0.0, 2.0]","(0.0, 5.0]"
3663,2020-03-09 13:59:11,3663,87375.6,,8823,22402,0,client,finished,2,prediction,52021.0,4316.0,client_destination_changed,804,CA.5.36,finished,finished,DA.4.42,1564,INFINIX MOBILITY LIMITED Infinix X623,0,0,0.0,2020-03-09,13:59:11,Monday,1,3,2020,False,Missing,NO OVERCHARGE,13,8.823,52.021,373.3666666666667,71.93333333333334,873.7560000000001,,,,lõuna,1.4178555486117312,False,301.43333333333334,-43.198,<2 km/h,Monday,INFINIX,CA.5,DA.4,Infinix,"(60.0, inf]","(60.0, inf]","(5.0, 10.0]","(5.0, 10.0]","(60.0, inf]"
3664,2020-03-09 08:38:50,3664,16591.5,,13449,1629,1,client,finished,1,prediction,7999.0,1147.0,,685,CA.5.45,finished,finished,DA.4.42,1733,TECNO-J8,0,1,0.0,2020-03-09,08:38:50,Monday,1,3,2020,False,Missing,NO OVERCHARGE,8,13.449,7.999,27.15,19.116666666666667,165.915,,,,hommik,29.721546961325966,False,8.033333333333331,5.45,2–150 km/h,Monday,TECNO,CA.5,DA.4,TECNO,"(5.0, 10.0]","(20.0, 30.0]","(10.0, 20.0]","(10.0, 15.0]","(20.0, 30.0]"
3665,2020-03-09 08:28:34,3665,6000.0,,1150,192,1,client,finished,1,prediction,418.0,52.0,,1212,CA.5.40,finished,finished,DA.4.42,316,TECNO-C5,0,0,0.0,2020-03-09,08:28:34,Monday,1,3,2020,False,Missing,NO OVERCHARGE,8,1.15,0.418,3.2,0.8666666666666667,60.0,,,,hommik,21.5625,False,2.3333333333333335,0.732,2–150 km/h,Monday,TECNO,CA.5,DA.4,TECNO,"(0.0, 5.0]","(0.0, 5.0]","(0.0, 2.0]","(0.0, 2.0]","(0.0, 5.0]"
3666,2020-03-09 08:49:56,3666,9000.0,,94,314,1,client,finished,1,prediction,4129.0,798.0,,686,CI.4.19,finished,finished,DA.4.42,895,Xiaomi Redmi 8A,0,0,0.0,2020-03-09,08:49:56,Monday,1,3,2020,False,Missing,NO OVERCHARGE,8,0.094,4.129,5.233333333333333,13.3,90.0,,,,hommik,1.0777070063694267,False,-8.066666666666666,-4.034999999999999,<2 km/h,Monday,XIAOMI,CI.4,DA.4,Other,"(-10.0, -5.0]","(5.0, 10.0]","(0.0, 2.0]","(0.0, 2.0]","(5.0, 10.0]"
3671,2020-03-09 10:48:33,3671,22130.96,,16010,3008,1,client,finished,1,prediction,13140.0,1823.0,,699,CA.5.46,finished,finished,DA.4.42,1568,Samsung SM-G531H,0,0,0.0,2020-03-09,10:48:33,Monday,1,3,2020,False,Missing,NO OVERCHARGE,10,16.01,13.14,50.13333333333333,30.383333333333333,221.3096,,,,hommik,19.16090425531915,False,19.75,2.870000000000001,2–150 km/h,Monday,SAMSUNG,CA.5,DA.4,Samsung,"(10.0, 20.0]","(30.0, 60.0]","(10.0, 20.0]","(15.0, 20.0]","(30.0, 60.0]"
3676,2020-03-09 12:06:01,3676,12140.46,,3111,4277,0,client,finished,1,prediction,2628.0,550.0,,712,CI.4.19,finished,finished,DA.4.42,1145,TECNO MOBILE LIMITED TECNO F3,0,0,0.0,2020-03-09,12:06:01,Monday,1,3,2020,False,Missing,NO OVERCHARGE,12,3.111,2.628,71.28333333333333,9.166666666666666,121.40459999999999,,,,hommik,2.618564414309095,False,62.11666666666667,0.4830000000000001,2–150 km/h,Monday,TECNO,CI.4,DA.4,TECNO,"(60.0, inf]","(60.0, inf]","(2.0, 5.0]","(2.0, 5.0]","(60.0, inf]"
3679,2020-03-09 11:47:41,3679,39379.22,,29567,582,0,client,finished,1,prediction,8613.0,880.0,,708,CA.5.01,finished,finished,DA.4.42,967,HMD Global Nokia 1,0,1,0.0,2020-03-09,11:47:41,Monday,1,3,2020,False,Missing,NO OVERCHARGE,11,29.567,8.613,9.7,14.666666666666666,393.79220000000004,,,,hommik,182.88865979381444,True,-4.966666666666667,20.954,≥150 km/h,Monday,NOKIA,CA.5,DA.4,Other,"(-5.0, 0.0]","(5.0, 10.0]","(20.0, 30.0]","(20.0, inf]","(5.0, 10.0]"
3680,2020-03-09 12:03:26,3680,5044.3,,7795,1073,1,client,finished,1,prediction,9465.0,1609.0,,824,CA.5.46,finished,finished,DA.4.39,429,HMD Global Nokia 2.2,0,0,0.0,2020-03-09,12:03:26,Monday,1,3,2020,False,Missing,NO OVERCHARGE,12,7.795,9.465,17.883333333333333,26.816666666666666,50.443000000000005,,,,hommik,26.152842497670086,False,-8.933333333333334,-1.67,2–150 km/h,Monday,NOKIA,CA.5,DA.4,Other,"(-10.0, -5.0]","(10.0, 20.0]","(5.0, 10.0]","(5.0, 10.0]","(15.0, 20.0]"
3681,2020-03-09 11:54:34,3681,4205.7,,6276,979,1,client,finished,1,prediction,6205.0,1085.0,,719,CI.4.01,finished,finished,DA.4.37,497,Itel S12,0,0,0.0,2020-03-09,11:54:34,Monday,1,3,2020,False,Missing,NO OVERCHARGE,11,6.276,6.205,16.316666666666666,18.083333333333332,42.056999999999995,,,,hommik,23.0782431052094,False,-1.7666666666666657,0.07099999999999973,2–150 km/h,Monday,ITEL,CI.4,DA.4,Itel,"(-5.0, 0.0]","(10.0, 20.0]","(5.0, 10.0]","(5.0, 10.0]","(15.0, 20.0]"
3684,2020-03-09 12:05:14,3684,6000.0,,9,66,1,client,finished,1,prediction,8033.0,1155.0,,711,CI.3.86,finished,finished,DA.4.42,1175,OPPO A37m,0,0,0.0,2020-03-09,12:05:14,Monday,1,3,2020,False,Missing,NO OVERCHARGE,12,0.009,8.033,1.1,19.25,60.0,,,,hommik,0.4909090909090909,False,-18.15,-8.024,<2 km/h,Monday,OPPO,CI.3,DA.4,Oppo,,"(0.0, 5.0]","(0.0, 2.0]","(0.0, 2.0]","(0.0, 5.0]"
3685,2020-03-09 12:26:06,3685,2544.2,,3735,509,1,client,finished,1,prediction,2045.0,353.0,,784,CI.4.18,finished,finished,DA.4.42,996,BLU Grand XL,0,0,0.0,2020-03-09,12:26:06,Monday,1,3,2020,False,Missing,NO OVERCHARGE,12,3.735,2.045,8.483333333333333,5.883333333333334,25.441999999999997,,,,hommik,26.416502946954814,False,2.5999999999999988,1.69,2–150 km/h,Monday,BLU,CI.4,DA.4,Other,"(0.0, 5.0]","(5.0, 10.0]","(2.0, 5.0]","(2.0, 5.0]","(5.0, 10.0]"
3686,2020-03-09 13:06:20,3686,59097.98,,38270,3745,0,client,finished,1,prediction,38270.0,3132.0,,717,CA.5.46,finished,finished,DA.4.42,1157,Samsung SM-G955F,0,0,0.0,2020-03-09,13:06:20,Monday,1,3,2020,False,Zero,NO OVERCHARGE,13,38.27,38.27,62.416666666666664,52.2,590.9798000000001,,,,lõuna,36.78825100133512,False,10.216666666666661,0.0,2–150 km/h,Monday,SAMSUNG,CA.5,DA.4,Samsung,"(10.0, 20.0]","(60.0, inf]","(30.0, 50.0]","(20.0, inf]","(60.0, inf]"
3687,2020-03-09 12:49:25,3687,6000.0,,267,623,0,client,finished,1,prediction,49495.0,3294.0,,740,CA.5.46,finished,finished,DA.4.34,1210,TECNO MOBILE LIMITED TECNO B1p,0,0,-1222.0,2020-03-09,12:49:25,Monday,1,3,2020,False,Negative,NO OVERCHARGE,12,0.267,49.495,10.383333333333333,54.9,60.0,,,,hommik,1.5428571428571427,False,-44.516666666666666,-49.227999999999994,<2 km/h,Monday,TECNO,CA.5,DA.4,TECNO,,"(10.0, 20.0]","(0.0, 2.0]","(0.0, 2.0]","(10.0, 15.0]"
3688,2020-03-09 13:07:11,3688,6000.0,,1022,250,1,client,finished,1,prediction,8051.0,1170.0,,940,CI.3.86,finished,finished,DA.4.42,1194,INFINIX MOBILITY LIMITED Infinix X650,0,0,0.0,2020-03-09,13:07:11,Monday,1,3,2020,False,Missing,NO OVERCHARGE,13,1.022,8.051,4.166666666666667,19.5,60.0,,,,lõuna,14.716800000000001,False,-15.333333333333332,-7.029,2–150 km/h,Monday,INFINIX,CI.3,DA.4,Infinix,,"(0.0, 5.0]","(0.0, 2.0]","(0.0, 2.0]","(0.0, 5.0]"
3690,2020-03-09 13:43:45,3690,29551.54,,17920,5389,0,client,finished,1,prediction,17920.0,2824.0,,722,CA.5.01,finished,finished,DA.4.37,923,INFINIX MOBILITY LIMITED Infinix X606B,0,1,0.0,2020-03-09,13:43:45,Monday,1,3,2020,False,Missing,NO OVERCHARGE,13,17.92,17.92,89.81666666666666,47.06666666666667,295.5154,,,,lõuna,11.971052143254779,False,42.74999999999999,0.0,2–150 km/h,Monday,INFINIX,CA.5,DA.4,Infinix,"(30.0, 60.0]","(60.0, inf]","(10.0, 20.0]","(15.0, 20.0]","(60.0, inf]"
3692,2020-03-09 13:27:22,3692,12560.76,,7461,2371,0,client,finished,1,prediction,8205.0,1349.0,,833,CI.4.14,finished,finished,DA.4.42,740,Samsung SM-J610F,0,1,0.0,2020-03-09,13:27:22,Monday,1,3,2020,False,Missing,NO OVERCHARGE,13,7.461,8.205,39.516666666666666,22.483333333333334,125.6076,,,,lõuna,11.32838464782792,False,17.03333333333333,-0.7439999999999998,2–150 km/h,Monday,SAMSUNG,CI.4,DA.4,Samsung,"(10.0, 20.0]","(30.0, 60.0]","(5.0, 10.0]","(5.0, 10.0]","(30.0, 60.0]"
3693,2020-03-09 13:53:13,3693,46086.46,,29924,3935,0,client,finished,1,prediction,4383.0,945.0,,726,CA.5.46,finished,finished,DA.4.42,65,TECNO-J8,0,1,0.0,2020-03-09,13:53:13,Monday,1,3,2020,False,Missing,NO OVERCHARGE,13,29.924,4.383,65.58333333333333,15.75,460.8646,,,,lõuna,27.376467598475223,False,49.83333333333333,25.541,2–150 km/h,Monday,TECNO,CA.5,DA.4,TECNO,"(30.0, 60.0]","(60.0, inf]","(20.0, 30.0]","(20.0, inf]","(60.0, inf]"
3695,2020-03-09 14:43:05,3695,18304.74,,9663,4424,0,client,finished,1,prediction,9530.0,1968.0,,733,CA.5.25,finished,finished,DA.4.42,668,TECNO K7,0,1,0.0,2020-03-09,14:43:05,Monday,1,3,2020,False,Missing,NO OVERCHARGE,14,9.663,9.53,73.73333333333333,32.8,183.0474,,,,lõuna,7.8632007233273065,False,40.93333333333334,0.1330000000000009,2–150 km/h,Monday,TECNO,CA.5,DA.4,TECNO,"(30.0, 60.0]","(60.0, inf]","(5.0, 10.0]","(5.0, 10.0]","(60.0, inf]"
3696,2020-03-09 13:46:46,3696,6000.0,,0,5,1,client,finished,1,prediction,5535.0,961.0,,1172,CA.5.46,finished,finished,DA.4.42,1194,INFINIX MOBILITY LIMITED Infinix X650,0,0,0.0,2020-03-09,13:46:46,Monday,1,3,2020,True,Missing,NO OVERCHARGE,13,0.0,5.535,0.08333333333333333,16.016666666666666,60.0,,,,lõuna,0.0,False,-15.933333333333332,-5.535,<2 km/h,Monday,INFINIX,CA.5,DA.4,Infinix,,"(0.0, 5.0]",,,"(0.0, 5.0]"
3697,2020-03-09 14:09:49,3697,6000.0,,1374,1578,0,client,finished,1,prediction,1374.0,276.0,,729,CA.5.27,finished,finished,DA.4.42,1162,TECNO MOBILE LIMITED TECNO KC6,0,0,0.0,2020-03-09,14:09:49,Monday,1,3,2020,False,Missing,NO OVERCHARGE,14,1.374,1.374,26.3,4.6,60.0,,,,lõuna,3.134600760456274,False,21.700000000000003,0.0,2–150 km/h,Monday,TECNO,CA.5,DA.4,TECNO,"(20.0, 30.0]","(20.0, 30.0]","(0.0, 2.0]","(0.0, 2.0]","(20.0, 30.0]"
3700,2020-03-09 15:04:03,3700,14685.96,,7128,3692,1,client,finished,1,prediction,5856.0,1150.0,,739,CA.5.45,finished,finished,DA.4.42,836,Itel S12,0,0,0.0,2020-03-09,15:04:03,Monday,1,3,2020,False,Missing,NO OVERCHARGE,15,7.128,5.856,61.53333333333333,19.166666666666668,146.8596,,,,lõuna,6.950379198266522,False,42.36666666666666,1.2720000000000002,2–150 km/h,Monday,ITEL,CA.5,DA.4,Itel,"(30.0, 60.0]","(60.0, inf]","(5.0, 10.0]","(5.0, 10.0]","(60.0, inf]"
3702,2020-03-09 18:45:59,3702,38709.54,,10754,15019,0,client,finished,2,prediction,7476.0,1540.0,client_destination_changed,761,CA.5.32,finished,finished,DA.4.42,485,HMD Global Nokia 2.2,0,0,0.0,2020-03-09,18:45:59,Monday,1,3,2020,False,Missing,NO OVERCHARGE,18,10.754,7.476,250.31666666666666,25.666666666666668,387.0954,,,,lõuna,2.5776949197682937,False,224.65,3.2779999999999996,2–150 km/h,Monday,NOKIA,CA.5,DA.4,Other,"(60.0, inf]","(60.0, inf]","(10.0, 20.0]","(10.0, 15.0]","(60.0, inf]"
3704,2020-03-09 14:49:24,3704,2000.0,,1284,213,1,client,finished,1,prediction,11.0,3.0,,735,CA.5.42,finished,finished,DA.4.42,2092,HMD Global Nokia 2.2,0,0,-1102.0,2020-03-09,14:49:24,Monday,1,3,2020,False,Negative,NO OVERCHARGE,14,1.284,0.011,3.55,0.05,20.0,,,,lõuna,21.701408450704225,False,3.5,1.2730000000000001,2–150 km/h,Monday,NOKIA,CA.5,DA.4,Other,"(0.0, 5.0]","(0.0, 5.0]","(0.0, 2.0]","(0.0, 2.0]","(0.0, 5.0]"
3713,2020-03-09 16:51:40,3713,6000.0,,1707,1318,1,client,finished,1,prediction,8078.0,1700.0,,747,CI.4.20,finished,finished,DA.4.42,465,INFINIX MOBILITY LIMITED Infinix X605,0,0,0.0,2020-03-09,16:51:40,Monday,1,3,2020,False,Missing,NO OVERCHARGE,16,1.707,8.078,21.966666666666665,28.333333333333332,60.0,,,,lõuna,4.6625189681335355,False,-6.366666666666667,-6.3709999999999996,2–150 km/h,Monday,INFINIX,CI.4,DA.4,Infinix,"(-10.0, -5.0]","(20.0, 30.0]","(0.0, 2.0]","(0.0, 2.0]","(20.0, 30.0]"
3714,2020-03-09 16:44:44,3714,12600.0,,320,454,1,client,finished,1,prediction,1254.0,359.0,,785,CI.3.83,finished,finished,DA.4.41,491,TECNO MOBILE LIMITED TECNO LC6,0,0,0.0,2020-03-09,16:44:44,Monday,1,3,2020,False,Missing,NO OVERCHARGE,16,0.32,1.254,7.566666666666666,5.983333333333333,126.0,,,,lõuna,2.537444933920705,False,1.583333333333333,-0.9339999999999999,2–150 km/h,Monday,TECNO,CI.3,DA.4,TECNO,"(0.0, 5.0]","(5.0, 10.0]","(0.0, 2.0]","(0.0, 2.0]","(5.0, 10.0]"
3715,2020-03-09 18:40:08,3715,40423.94,,5456,6524,0,client,finished,1,prediction,5456.0,1679.0,,766,CA.5.46,finished,finished,DA.4.39,1170,TECNO MOBILE LIMITED TECNO SA6S,0,0,0.0,2020-03-09,18:40:08,Monday,1,3,2020,False,Missing,NO OVERCHARGE,18,5.456,5.456,108.73333333333333,27.983333333333334,404.23940000000005,,,,lõuna,3.0106683016554263,False,80.75,0.0,2–150 km/h,Monday,TECNO,CA.5,DA.4,TECNO,"(60.0, inf]","(60.0, inf]","(5.0, 10.0]","(5.0, 10.0]","(60.0, inf]"
3716,2020-03-09 18:35:10,3716,25427.22,,14071,6144,0,client,finished,1,prediction,14071.0,2966.0,,758,CA.5.26,finished,finished,DA.4.42,628,INFINIX MOBILITY LIMITED Infinix X650,0,0,0.0,2020-03-09,18:35:10,Monday,1,3,2020,False,Missing,NO OVERCHARGE,18,14.071,14.071,102.4,49.43333333333333,254.2722,,,,lõuna,8.2447265625,False,52.966666666666676,0.0,2–150 km/h,Monday,INFINIX,CA.5,DA.4,Infinix,"(30.0, 60.0]","(60.0, inf]","(10.0, 20.0]","(10.0, 15.0]","(60.0, inf]"
3718,2020-03-09 19:45:37,3718,7327.02,,4129,1151,1,client,finished,1,prediction,14969.0,3472.0,,765,CA.5.26,finished,finished,DA.4.37,793,TECNO K7,0,0,0.0,2020-03-09,19:45:37,Monday,1,3,2020,False,Missing,NO OVERCHARGE,19,4.129,14.969,19.183333333333334,57.86666666666667,73.2702,,,,õhtu,12.914335360556038,False,-38.68333333333334,-10.84,2–150 km/h,Monday,TECNO,CA.5,DA.4,TECNO,,"(10.0, 20.0]","(2.0, 5.0]","(2.0, 5.0]","(15.0, 20.0]"
3719,2020-03-09 17:26:04,3719,24544.02,,19107,1619,0,client,finished,1,prediction,5960.0,1158.0,,751,CA.5.19,finished,finished,DA.4.42,65,TECNO-J8,0,1,0.0,2020-03-09,17:26:04,Monday,1,3,2020,False,Missing,NO OVERCHARGE,17,19.107,5.96,26.983333333333334,19.3,245.4402,,,,lõuna,42.486226065472515,False,7.683333333333334,13.146999999999998,2–150 km/h,Monday,TECNO,CA.5,DA.4,TECNO,"(5.0, 10.0]","(20.0, 30.0]","(10.0, 20.0]","(15.0, 20.0]","(20.0, 30.0]"
3720,2020-03-09 18:22:14,3720,38646.3,,8162,3608,1,client,finished,1,prediction,7152.0,1628.0,,768,CI.4.19,finished,finished,DA.4.42,465,INFINIX MOBILITY LIMITED Infinix X605,0,0,0.0,2020-03-09,18:22:14,Monday,1,3,2020,False,Missing,NO OVERCHARGE,18,8.162,7.152,60.13333333333333,27.133333333333333,386.463,,,,lõuna,8.14390243902439,False,33.0,1.0100000000000007,2–150 km/h,Monday,INFINIX,CI.4,DA.4,Infinix,"(30.0, 60.0]","(60.0, inf]","(5.0, 10.0]","(5.0, 10.0]","(60.0, inf]"
3725,2020-03-09 18:59:25,3725,34170.72,,15056,2521,1,client,finished,1,prediction,14445.0,3009.0,,763,CI.4.19,finished,finished,DA.4.34,672,FUJITSU F-01H,0,0,0.0,2020-03-09,18:59:25,Monday,1,3,2020,False,Missing,NO OVERCHARGE,18,15.056,14.445,42.016666666666666,50.15,341.7072,,,,lõuna,21.50003966679889,False,-8.133333333333333,0.6109999999999989,2–150 km/h,Monday,FUJITSU,CI.4,DA.4,Other,"(-10.0, -5.0]","(30.0, 60.0]","(10.0, 20.0]","(15.0, 20.0]","(30.0, 60.0]"
3726,2020-03-09 19:26:02,3726,25628.85,,2344,3625,0,client,finished,1,prediction,10699.0,2206.0,,770,CI.4.22,finished,finished,DA.4.39,1740,TECNO MOBILE LIMITED TECNO B1p,0,0,0.0,2020-03-09,19:26:02,Monday,1,3,2020,False,Missing,NO OVERCHARGE,19,2.344,10.699,60.416666666666664,36.766666666666666,256.2885,,,,õhtu,2.327834482758621,False,23.65,-8.355,2–150 km/h,Monday,TECNO,CI.4,DA.4,TECNO,"(20.0, 30.0]","(60.0, inf]","(2.0, 5.0]","(2.0, 5.0]","(60.0, inf]"
3727,2020-03-09 19:17:36,3727,24086.48,,18775,1666,0,client,finished,1,prediction,10570.0,1619.0,,1031,CI.4.19,finished,finished,DA.4.42,1351,TECNO-J8,0,0,0.0,2020-03-09,19:17:36,Monday,1,3,2020,False,Missing,NO OVERCHARGE,19,18.775,10.57,27.766666666666666,26.983333333333334,240.8648,,,,õhtu,40.570228091236494,False,0.7833333333333314,8.204999999999998,2–150 km/h,Monday,TECNO,CI.4,DA.4,TECNO,"(0.0, 5.0]","(20.0, 30.0]","(10.0, 20.0]","(15.0, 20.0]","(20.0, 30.0]"
3731,2020-03-09 19:33:08,3731,6000.0,,882,769,1,client,finished,2,prediction,3136.0,691.0,client_destination_changed,764,CI.4.19,finished,finished,DA.4.42,563,HTC Desire 10 pro,0,0,0.0,2020-03-09,19:33:08,Monday,1,3,2020,False,Missing,NO OVERCHARGE,19,0.882,3.136,12.816666666666666,11.516666666666667,60.0,,,,õhtu,4.128998699609883,False,1.299999999999999,-2.254,2–150 km/h,Monday,HTC,CI.4,DA.4,Other,"(0.0, 5.0]","(10.0, 20.0]","(0.0, 2.0]","(0.0, 2.0]","(10.0, 15.0]"
3733,2020-03-09 19:45:05,3733,10324.5,,6228,1755,0,client,finished,1,prediction,6228.0,995.0,,772,CI.4.07,finished,finished,DA.4.42,1241,TECNO-J8,0,1,0.0,2020-03-09,19:45:05,Monday,1,3,2020,False,Missing,NO OVERCHARGE,19,6.228,6.228,29.25,16.583333333333332,103.245,,,,õhtu,12.775384615384615,False,12.666666666666668,0.0,2–150 km/h,Monday,TECNO,CI.4,DA.4,TECNO,"(10.0, 20.0]","(20.0, 30.0]","(5.0, 10.0]","(5.0, 10.0]","(20.0, 30.0]"
3734,2020-03-09 19:48:18,3734,8619.24,,6253,815,1,client,finished,1,prediction,7318.0,1031.0,,847,CI.4.23,finished,finished,DA.4.16,393,HMD Global TA-1054,0,1,0.0,2020-03-09,19:48:18,Monday,1,3,2020,False,Missing,NO OVERCHARGE,19,6.253,7.318,13.583333333333334,17.183333333333334,86.19239999999999,,,,õhtu,27.620613496932513,False,-3.5999999999999996,-1.0649999999999995,2–150 km/h,Monday,NOKIA,CI.4,DA.4,Other,"(-5.0, 0.0]","(10.0, 20.0]","(5.0, 10.0]","(5.0, 10.0]","(10.0, 15.0]"
3737,2020-03-09 20:53:52,3737,11716.26,,8854,1228,0,client,finished,1,prediction,7317.0,949.0,,802,CA.5.45,finished,finished,DA.4.42,2011,Itel itel P12,0,1,0.0,2020-03-09,20:53:52,Monday,1,3,2020,False,Missing,NO OVERCHARGE,20,8.854,7.317,20.466666666666665,15.816666666666666,117.1626,,,,õhtu,25.956351791530945,False,4.649999999999999,1.536999999999999,2–150 km/h,Monday,ITEL,CA.5,DA.4,Itel,"(0.0, 5.0]","(20.0, 30.0]","(5.0, 10.0]","(5.0, 10.0]","(20.0, 30.0]"
3740,2020-03-09 21:55:58,3740,22096.72,,16843,2265,0,client,finished,1,prediction,16843.0,2507.0,,781,CI.4.19,finished,finished,DA.4.42,847,INFINIX MOBILITY LIMITED Infinix X650,0,0,0.0,2020-03-09,21:55:58,Monday,1,3,2020,False,Missing,NO OVERCHARGE,21,16.843,16.843,37.75,41.78333333333333,220.96720000000002,,,,õhtu,26.770331125827816,False,-4.033333333333331,0.0,2–150 km/h,Monday,INFINIX,CI.4,DA.4,Infinix,"(-5.0, 0.0]","(30.0, 60.0]","(10.0, 20.0]","(15.0, 20.0]","(30.0, 60.0]"
3743,2020-03-09 21:41:19,3743,6000.0,,2944,356,1,client,finished,1,prediction,4133.0,467.0,,778,CA.5.36,finished,finished,DA.4.42,2111,Samsung SM-N9100,0,0,0.0,2020-03-09,21:41:19,Monday,1,3,2020,False,Missing,NO OVERCHARGE,21,2.944,4.133,5.933333333333334,7.783333333333333,60.0,,,,õhtu,29.770786516853935,False,-1.8499999999999996,-1.189,2–150 km/h,Monday,SAMSUNG,CA.5,DA.4,Samsung,"(-5.0, 0.0]","(5.0, 10.0]","(2.0, 5.0]","(2.0, 5.0]","(5.0, 10.0]"
3749,2020-03-10 05:16:33,3749,23186.54,,15532,4003,1,client,finished,1,prediction,11358.0,2050.0,,1317,CI.4.14,finished,finished,DA.4.37,1007,INFINIX MOBILITY LIMITED Infinix X650B,0,0,0.0,2020-03-10,05:16:33,Tuesday,2,3,2020,False,Missing,NO OVERCHARGE,5,15.532,11.358,66.71666666666667,34.166666666666664,231.86540000000002,,,,öö,13.968323757182112,False,32.550000000000004,4.1739999999999995,2–150 km/h,Tuesday,INFINIX,CI.4,DA.4,Infinix,"(30.0, 60.0]","(60.0, inf]","(10.0, 20.0]","(15.0, 20.0]","(60.0, inf]"
3752,2020-03-10 06:24:03,3752,2000.0,,1517,217,1,client,finished,1,prediction,8960.0,1345.0,,790,CA.5.46,finished,finished,DA.4.39,943,TECNO MOBILE LIMITED TECNO BA2,0,0,0.0,2020-03-10,06:24:03,Tuesday,2,3,2020,False,Missing,NO OVERCHARGE,6,1.517,8.96,3.6166666666666667,22.416666666666668,20.0,,,,öö,25.1668202764977,False,-18.8,-7.443000000000001,2–150 km/h,Tuesday,TECNO,CA.5,DA.4,TECNO,,"(0.0, 5.0]","(0.0, 2.0]","(0.0, 2.0]","(0.0, 5.0]"
3754,2020-03-10 07:48:34,3754,14787.48,,10706,1990,1,client,finished,1,prediction,9263.0,1309.0,,801,CA.5.46,finished,finished,DA.4.42,1515,INFINIX MOBILITY LIMITED Infinix X5515,0,0,0.0,2020-03-10,07:48:34,Tuesday,2,3,2020,False,Missing,NO OVERCHARGE,7,10.706,9.263,33.166666666666664,21.816666666666666,147.8748,,,,hommik,19.367638190954775,False,11.349999999999998,1.4429999999999996,2–150 km/h,Tuesday,INFINIX,CA.5,DA.4,Infinix,"(10.0, 20.0]","(30.0, 60.0]","(10.0, 20.0]","(10.0, 15.0]","(30.0, 60.0]"
3756,2020-03-10 08:18:52,3756,23316.0,,14995,4536,1,client,finished,1,prediction,16566.0,2492.0,,808,CA.5.26,finished,finished,DA.4.39,1509,Samsung SM-A320F,0,0,0.0,2020-03-10,08:18:52,Tuesday,2,3,2020,False,Missing,NO OVERCHARGE,8,14.995,16.566,75.6,41.53333333333333,233.16,,,,hommik,11.90079365079365,False,34.06666666666666,-1.5709999999999997,2–150 km/h,Tuesday,SAMSUNG,CA.5,DA.4,Samsung,"(30.0, 60.0]","(60.0, inf]","(10.0, 20.0]","(10.0, 15.0]","(60.0, inf]"
3760,2020-03-10 10:11:33,3760,6531.8,,616,7166,0,client,finished,3,prediction,8863.0,1440.0,client_destination_changed,815,CA.4.83,finished,finished,DA.4.42,1931,TECNO L9,0,0,0.0,2020-03-10,10:11:33,Tuesday,2,3,2020,False,Missing,NO OVERCHARGE,10,0.616,8.863,119.43333333333334,24.0,65.318,,,,hommik,0.30946134524141783,False,95.43333333333334,-8.247,<2 km/h,Tuesday,TECNO,CA.4,DA.4,TECNO,"(60.0, inf]","(60.0, inf]","(0.0, 2.0]","(0.0, 2.0]","(60.0, inf]"
3762,2020-03-10 09:08:47,3762,3253.4,,4276,1036,1,client,finished,1,prediction,5773.0,1172.0,,807,CA.5.44,finished,finished,DA.4.42,2073,TECNO F3,0,0,0.0,2020-03-10,09:08:47,Tuesday,2,3,2020,False,Missing,NO OVERCHARGE,9,4.276,5.773,17.266666666666666,19.533333333333335,32.534,,,,hommik,14.85868725868726,False,-2.2666666666666693,-1.4969999999999999,2–150 km/h,Tuesday,TECNO,CA.5,DA.4,TECNO,"(-5.0, 0.0]","(10.0, 20.0]","(2.0, 5.0]","(2.0, 5.0]","(15.0, 20.0]"
3763,2020-03-10 09:29:07,3763,13440.48,,9029,2080,1,client,finished,1,prediction,8865.0,1306.0,,818,CI.4.23,finished,finished,DA.4.42,981,TECNO MOBILE LIMITED TECNO LB7,0,1,0.0,2020-03-10,09:29:07,Tuesday,2,3,2020,False,Zero,NO OVERCHARGE,9,9.029,8.865,34.666666666666664,21.766666666666666,134.4048,,,,hommik,15.627115384615387,False,12.899999999999999,0.1639999999999997,2–150 km/h,Tuesday,TECNO,CI.4,DA.4,TECNO,"(10.0, 20.0]","(30.0, 60.0]","(5.0, 10.0]","(5.0, 10.0]","(30.0, 60.0]"
3765,2020-03-10 10:15:02,3765,14018.76,,10733,1561,0,client,finished,1,prediction,10733.0,1630.0,,839,CI.3.98,finished,finished,DA.4.42,357,Samsung SM-G928F,0,0,0.0,2020-03-10,10:15:02,Tuesday,2,3,2020,False,Missing,NO OVERCHARGE,10,10.733,10.733,26.016666666666666,27.166666666666668,140.1876,,,,hommik,24.752594490711083,False,-1.1500000000000021,0.0,2–150 km/h,Tuesday,SAMSUNG,CI.3,DA.4,Samsung,"(-5.0, 0.0]","(20.0, 30.0]","(10.0, 20.0]","(10.0, 15.0]","(20.0, 30.0]"
3766,2020-03-10 11:06:43,3766,11246.46,,7576,1595,1,client,finished,1,prediction,6742.0,1135.0,,904,CA.5.44,finished,finished,DA.4.42,1733,TECNO-J8,0,0,0.0,2020-03-10,11:06:43,Tuesday,2,3,2020,False,Missing,NO OVERCHARGE,11,7.576,6.742,26.583333333333332,18.916666666666668,112.46459999999999,,,,hommik,17.099435736677115,False,7.666666666666664,0.8339999999999996,2–150 km/h,Tuesday,TECNO,CA.5,DA.4,TECNO,"(5.0, 10.0]","(20.0, 30.0]","(5.0, 10.0]","(5.0, 10.0]","(20.0, 30.0]"
3768,2020-03-10 11:38:37,3768,19704.78,,15060,2514,1,client,finished,1,prediction,12178.0,2055.0,,899,CA.5.47,finished,finished,DA.4.34,606,Samsung SM-G935T,0,0,0.0,2020-03-10,11:38:37,Tuesday,2,3,2020,False,Missing,NO OVERCHARGE,11,15.06,12.178,41.9,34.25,197.0478,,,,hommik,21.565632458233893,False,7.649999999999999,2.8819999999999997,2–150 km/h,Tuesday,SAMSUNG,CA.5,DA.4,Samsung,"(5.0, 10.0]","(30.0, 60.0]","(10.0, 20.0]","(15.0, 20.0]","(30.0, 60.0]"
3772,2020-03-10 11:53:11,3772,6096.54,,2824,1123,1,client,finished,1,prediction,4768.0,910.0,,819,CI.3.86,finished,finished,DA.4.42,1241,TECNO-J8,0,0,0.0,2020-03-10,11:53:11,Tuesday,2,3,2020,False,Missing,NO OVERCHARGE,11,2.824,4.768,18.716666666666665,15.166666666666666,60.9654,,,,hommik,9.052894033837935,False,3.549999999999999,-1.944,2–150 km/h,Tuesday,TECNO,CI.3,DA.4,TECNO,"(0.0, 5.0]","(10.0, 20.0]","(2.0, 5.0]","(2.0, 5.0]","(15.0, 20.0]"
3776,2020-03-10 13:42:09,3776,19323.24,,11034,4307,1,client,finished,2,prediction,14524.0,2373.0,client_destination_changed,834,CI.4.19,finished,finished,DA.4.42,1793,HTC_D530u,0,0,0.0,2020-03-10,13:42:09,Tuesday,2,3,2020,False,Missing,NO OVERCHARGE,13,11.034,14.524,71.78333333333333,39.55,193.2324,,,,lõuna,9.222753656837707,False,32.233333333333334,-3.4899999999999984,2–150 km/h,Tuesday,HTC,CI.4,DA.4,Other,"(30.0, 60.0]","(60.0, inf]","(10.0, 20.0]","(10.0, 15.0]","(60.0, inf]"
3780,2020-03-10 13:21:06,3780,2000.0,,1681,859,1,client,finished,1,prediction,2911.0,701.0,,831,CA.5.45,finished,finished,DA.4.42,1039,Itel S12,0,0,0.0,2020-03-10,13:21:06,Tuesday,2,3,2020,False,Missing,NO OVERCHARGE,13,1.681,2.911,14.316666666666666,11.683333333333334,20.0,,,,lõuna,7.044935972060536,False,2.633333333333333,-1.23,2–150 km/h,Tuesday,ITEL,CA.5,DA.4,Itel,"(0.0, 5.0]","(10.0, 20.0]","(0.0, 2.0]","(0.0, 2.0]","(10.0, 15.0]"
3782,2020-03-10 15:59:06,3782,26955.24,,10932,8519,0,client,finished,1,prediction,10932.0,1977.0,,853,CA.5.45,finished,finished,DA.4.42,1638,HUAWEI H30-L02,0,1,0.0,2020-03-10,15:59:06,Tuesday,2,3,2020,False,Missing,NO OVERCHARGE,15,10.932,10.932,141.98333333333332,32.95,269.55240000000003,,,,lõuna,4.61969714755253,False,109.03333333333332,0.0,2–150 km/h,Tuesday,HUAWEI,CA.5,DA.4,Huawei,"(60.0, inf]","(60.0, inf]","(10.0, 20.0]","(10.0, 15.0]","(60.0, inf]"
3783,2020-03-10 14:20:35,3783,9690.24,,5683,1679,0,client,finished,1,prediction,5683.0,1020.0,,843,CA.5.46,finished,finished,DA.4.42,906,Samsung SM-J415F,0,1,0.0,2020-03-10,14:20:35,Tuesday,2,3,2020,False,Missing,NO OVERCHARGE,14,5.683,5.683,27.983333333333334,17.0,96.9024,,,,lõuna,12.18511018463371,False,10.983333333333334,0.0,2–150 km/h,Tuesday,SAMSUNG,CA.5,DA.4,Samsung,"(10.0, 20.0]","(20.0, 30.0]","(5.0, 10.0]","(5.0, 10.0]","(20.0, 30.0]"
3785,2020-03-10 14:30:53,3785,7732.6,,11640,1995,0,client,finished,1,prediction,12182.0,2021.0,,840,CA.5.38,finished,finished,DA.4.42,660,TECNO F3,0,1,0.0,2020-03-10,14:30:53,Tuesday,2,3,2020,False,Missing,NO OVERCHARGE,14,11.64,12.182,33.25,33.68333333333333,77.32600000000001,,,,lõuna,21.00451127819549,False,-0.43333333333333,-0.5419999999999998,2–150 km/h,Tuesday,TECNO,CA.5,DA.4,TECNO,"(-5.0, 0.0]","(30.0, 60.0]","(10.0, 20.0]","(10.0, 15.0]","(30.0, 60.0]"
3790,2020-03-10 15:34:01,3790,8496.96,,5126,1298,1,client,finished,1,prediction,4711.0,856.0,,848,CI.4.19,finished,finished,DA.4.35,2045,Samsung SM-G900H,0,0,0.0,2020-03-10,15:34:01,Tuesday,2,3,2020,False,Missing,NO OVERCHARGE,15,5.126,4.711,21.633333333333333,14.266666666666667,84.96959999999999,,,,lõuna,14.216949152542373,False,7.366666666666665,0.41500000000000004,2–150 km/h,Tuesday,SAMSUNG,CI.4,DA.4,Samsung,"(5.0, 10.0]","(20.0, 30.0]","(5.0, 10.0]","(5.0, 10.0]","(20.0, 30.0]"
3792,2020-03-10 16:12:03,3792,6000.0,,433,498,1,client,finished,2,prediction,8606.0,1928.0,client_destination_changed,855,CA.5.46,finished,finished,DA.4.42,1313,HUAWEI RNE-L21,0,0,0.0,2020-03-10,16:12:03,Tuesday,2,3,2020,False,Missing,NO OVERCHARGE,16,0.433,8.606,8.3,32.13333333333333,60.0,,,,lõuna,3.130120481927711,False,-23.833333333333332,-8.173,2–150 km/h,Tuesday,HUAWEI,CA.5,DA.4,Huawei,,"(5.0, 10.0]","(0.0, 2.0]","(0.0, 2.0]","(5.0, 10.0]"
3796,2020-03-10 16:35:42,3796,6990.1,,9123,2616,0,client,finished,1,prediction,9123.0,1771.0,,860,CA.5.44,finished,finished,DA.4.42,389,TECNO F3,0,0,0.0,2020-03-10,16:35:42,Tuesday,2,3,2020,False,Missing,NO OVERCHARGE,16,9.123,9.123,43.6,29.516666666666666,69.90100000000001,,,,lõuna,12.554587155963304,False,14.083333333333336,0.0,2–150 km/h,Tuesday,TECNO,CA.5,DA.4,TECNO,"(10.0, 20.0]","(30.0, 60.0]","(5.0, 10.0]","(5.0, 10.0]","(30.0, 60.0]"
3798,2020-03-10 16:36:20,3798,6604.1,,11242,881,0,client,finished,1,prediction,4141.0,996.0,,857,CA.5.44,finished,finished,DA.4.42,386,Itel S12,0,1,0.0,2020-03-10,16:36:20,Tuesday,2,3,2020,False,Missing,NO OVERCHARGE,16,11.242,4.141,14.683333333333334,16.6,66.041,,,,lõuna,45.9377979568672,False,-1.9166666666666679,7.101000000000001,2–150 km/h,Tuesday,ITEL,CA.5,DA.4,Itel,"(-5.0, 0.0]","(10.0, 20.0]","(10.0, 20.0]","(10.0, 15.0]","(10.0, 15.0]"
3800,2020-03-10 18:00:59,3800,17360.28,,9110,4179,0,client,finished,1,prediction,7382.0,1532.0,,897,CI.4.19,finished,finished,DA.4.42,818,TECNO MOBILE LIMITED TECNO B1p,0,0,0.0,2020-03-10,18:00:59,Tuesday,2,3,2020,False,Missing,NO OVERCHARGE,18,9.11,7.382,69.65,25.533333333333335,173.6028,,,,lõuna,7.84781048097631,False,44.116666666666674,1.7279999999999998,2–150 km/h,Tuesday,TECNO,CI.4,DA.4,TECNO,"(30.0, 60.0]","(60.0, inf]","(5.0, 10.0]","(5.0, 10.0]","(60.0, inf]"
3807,2020-03-10 17:55:50,3807,10127.22,,6418,1554,1,client,finished,1,prediction,6903.0,1182.0,,865,CI.4.23,finished,finished,DA.4.42,1805,Samsung SAMSUNG-SM-J120A,0,0,0.0,2020-03-10,17:55:50,Tuesday,2,3,2020,False,Zero,NO OVERCHARGE,17,6.418,6.903,25.9,19.7,101.2722,,,,lõuna,14.86795366795367,False,6.199999999999999,-0.48499999999999943,2–150 km/h,Tuesday,SAMSUNG,CI.4,DA.4,Samsung,"(5.0, 10.0]","(20.0, 30.0]","(5.0, 10.0]","(5.0, 10.0]","(20.0, 30.0]"
3808,2020-03-10 20:19:43,3808,67801.48,,36788,9784,1,client,finished,1,prediction,26779.0,2535.0,,1287,CA.5.46,finished,finished,DA.4.39,291,HMD Global Nokia 2.2,0,0,0.0,2020-03-10,20:19:43,Tuesday,2,3,2020,False,Missing,NO OVERCHARGE,20,36.788,26.779,163.06666666666666,42.25,678.0147999999999,,,,õhtu,13.536058871627148,False,120.81666666666666,10.008999999999997,2–150 km/h,Tuesday,NOKIA,CA.5,DA.4,Other,"(60.0, inf]","(60.0, inf]","(30.0, 50.0]","(20.0, inf]","(60.0, inf]"
3809,2020-03-10 18:03:28,3809,2560.7,,3084,699,1,client,finished,1,prediction,5152.0,1147.0,,864,CI.4.12,finished,finished,DA.4.42,1995,Itel S12,0,0,0.0,2020-03-10,18:03:28,Tuesday,2,3,2020,False,Missing,NO OVERCHARGE,18,3.084,5.152,11.65,19.116666666666667,25.607,,,,lõuna,15.88326180257511,False,-7.466666666666667,-2.068,2–150 km/h,Tuesday,ITEL,CI.4,DA.4,Itel,"(-10.0, -5.0]","(10.0, 20.0]","(2.0, 5.0]","(2.0, 5.0]","(10.0, 15.0]"
3813,2020-03-10 18:49:10,3813,8187.4,,5841,2210,0,client,finished,1,prediction,5529.0,822.0,,866,CI.4.22,finished,finished,DA.4.42,507,TECNO MOBILE LIMITED TECNO F3,0,1,0.0,2020-03-10,18:49:10,Tuesday,2,3,2020,False,Missing,NO OVERCHARGE,18,5.841,5.529,36.833333333333336,13.7,81.874,,,,lõuna,9.51475113122172,False,23.133333333333336,0.3120000000000003,2–150 km/h,Tuesday,TECNO,CI.4,DA.4,TECNO,"(20.0, 30.0]","(30.0, 60.0]","(5.0, 10.0]","(5.0, 10.0]","(30.0, 60.0]"
3818,2020-03-10 20:02:33,3818,6000.0,,303,1723,1,client,finished,1,prediction,5735.0,819.0,,872,CI.4.09,finished,finished,DA.4.42,548,TECNO MOBILE LIMITED TECNO CC7,0,0,0.0,2020-03-10,20:02:33,Tuesday,2,3,2020,False,Missing,NO OVERCHARGE,20,0.303,5.735,28.716666666666665,13.65,60.0,,,,õhtu,0.6330818340104469,False,15.066666666666665,-5.432,<2 km/h,Tuesday,TECNO,CI.4,DA.4,TECNO,"(10.0, 20.0]","(20.0, 30.0]","(0.0, 2.0]","(0.0, 2.0]","(20.0, 30.0]"
3819,2020-03-10 19:56:55,3819,6000.0,,518,144,1,client,finished,1,prediction,5616.0,822.0,,870,CA.5.46,finished,finished,DA.4.42,2011,Itel itel P12,0,0,0.0,2020-03-10,19:56:55,Tuesday,2,3,2020,False,Missing,NO OVERCHARGE,19,0.518,5.616,2.4,13.7,60.0,,,,õhtu,12.950000000000001,False,-11.299999999999999,-5.098,2–150 km/h,Tuesday,ITEL,CA.5,DA.4,Itel,,"(0.0, 5.0]","(0.0, 2.0]","(0.0, 2.0]","(0.0, 5.0]"
3822,2020-03-10 21:36:16,3822,14854.98,,11390,1693,1,client,finished,1,prediction,10648.0,1282.0,,882,CA.5.45,finished,finished,DA.4.42,1624,HMD Global Nokia 2.2,0,0,0.0,2020-03-10,21:36:16,Tuesday,2,3,2020,False,Missing,NO OVERCHARGE,21,11.39,10.648,28.216666666666665,21.366666666666667,148.5498,,,,õhtu,24.21972829297106,False,6.849999999999998,0.7420000000000009,2–150 km/h,Tuesday,NOKIA,CA.5,DA.4,Other,"(5.0, 10.0]","(20.0, 30.0]","(10.0, 20.0]","(10.0, 15.0]","(20.0, 30.0]"
3827,2020-03-10 23:18:13,3827,21674.76,,15303,3379,1,client,finished,1,prediction,11602.0,1476.0,,886,CI.4.23,finished,finished,DA.4.39,1644,HUAWEI ATU-L11,0,0,0.0,2020-03-10,23:18:13,Tuesday,2,3,2020,False,Missing,NO OVERCHARGE,23,15.303,11.602,56.31666666666667,24.6,216.74759999999998,,,,õhtu,16.303876886652855,False,31.71666666666667,3.7010000000000005,2–150 km/h,Tuesday,HUAWEI,CI.4,DA.4,Huawei,"(30.0, 60.0]","(30.0, 60.0]","(10.0, 20.0]","(15.0, 20.0]","(30.0, 60.0]"
3829,2020-03-10 22:50:12,3829,3103.6,,2451,380,1,client,finished,1,prediction,806.0,110.0,,884,CA.5.44,finished,finished,DA.4.42,1834,Samsung SM-G903F,0,0,0.0,2020-03-10,22:50:12,Tuesday,2,3,2020,False,Missing,NO OVERCHARGE,22,2.451,0.806,6.333333333333333,1.8333333333333333,31.035999999999998,,,,õhtu,23.220000000000002,False,4.5,1.645,2–150 km/h,Tuesday,SAMSUNG,CA.5,DA.4,Samsung,"(0.0, 5.0]","(5.0, 10.0]","(2.0, 5.0]","(2.0, 5.0]","(5.0, 10.0]"
3832,2020-03-11 00:23:33,3832,157006.04,,69657,2482,0,client,finished,1,prediction,49486.0,2854.0,,898,CA.5.46,finished,finished,DA.4.16,1134,Samsung SM-G570F,0,1,0.0,2020-03-11,00:23:33,Wednesday,3,3,2020,False,Missing,NO OVERCHARGE,0,69.657,49.486,41.36666666666667,47.56666666666667,1570.0604,,,,öö,101.03352135374698,False,-6.200000000000003,20.171,2–150 km/h,Wednesday,SAMSUNG,CA.5,DA.4,Samsung,"(-10.0, -5.0]","(30.0, 60.0]","(50.0, 100.0]","(20.0, inf]","(30.0, 60.0]"
3834,2020-03-11 01:09:55,3834,12861.96,,10091,1244,1,client,finished,1,prediction,9595.0,1293.0,,891,CA.4.69,finished,finished,DA.4.42,856,TECNO MOBILE LIMITED TECNO KC6,0,0,0.0,2020-03-11,01:09:55,Wednesday,3,3,2020,False,Missing,NO OVERCHARGE,1,10.091,9.595,20.733333333333334,21.55,128.6196,,,,öö,29.20225080385852,False,-0.8166666666666664,0.49599999999999866,2–150 km/h,Wednesday,TECNO,CA.4,DA.4,TECNO,"(-5.0, 0.0]","(20.0, 30.0]","(10.0, 20.0]","(10.0, 15.0]","(20.0, 30.0]"
3835,2020-03-11 01:06:02,3835,6000.0,,741,579,1,client,finished,1,prediction,9538.0,1072.0,,1097,CI.4.23,finished,finished,DA.4.31,309,Samsung SM-G935U,0,0,0.0,2020-03-11,01:06:02,Wednesday,3,3,2020,False,Zero,NO OVERCHARGE,1,0.741,9.538,9.65,17.866666666666667,60.0,,,,öö,4.607253886010363,False,-8.216666666666667,-8.797,2–150 km/h,Wednesday,SAMSUNG,CI.4,DA.4,Samsung,"(-10.0, -5.0]","(5.0, 10.0]","(0.0, 2.0]","(0.0, 2.0]","(5.0, 10.0]"
3841,2020-03-11 05:06:34,3841,12930.48,,6079,3250,0,client,finished,2,prediction,10170.0,1888.0,client_destination_changed,895,CA.5.46,finished,finished,DA.4.39,1335,Infinix X559C,0,0,0.0,2020-03-11,05:06:34,Wednesday,3,3,2020,False,Missing,NO OVERCHARGE,5,6.079,10.17,54.166666666666664,31.466666666666665,129.3048,,,,öö,6.733661538461538,False,22.7,-4.091,2–150 km/h,Wednesday,INFINIX,CA.5,DA.4,Infinix,"(20.0, 30.0]","(30.0, 60.0]","(5.0, 10.0]","(5.0, 10.0]","(30.0, 60.0]"
3842,2020-03-11 04:38:58,3842,10176.72,,6423,1581,0,client,finished,1,prediction,6423.0,1273.0,,896,CA.5.36,finished,finished,DA.4.34,567,Samsung SM-J415FN,0,1,0.0,2020-03-11,04:38:58,Wednesday,3,3,2020,False,Missing,NO OVERCHARGE,4,6.423,6.423,26.35,21.216666666666665,101.76719999999999,,,,öö,14.625426944971537,False,5.133333333333336,0.0,2–150 km/h,Wednesday,SAMSUNG,CA.5,DA.4,Samsung,"(5.0, 10.0]","(20.0, 30.0]","(5.0, 10.0]","(5.0, 10.0]","(20.0, 30.0]"
3847,2020-03-11 06:37:55,3847,19099.98,,14199,2629,1,client,finished,1,prediction,18511.0,1062.0,,917,CA.5.47,finished,finished,DA.4.42,608,Infinix HOT 4,0,0,0.0,2020-03-11,06:37:55,Wednesday,3,3,2020,False,Missing,NO OVERCHARGE,6,14.199,18.511,43.81666666666667,17.7,190.9998,,,,öö,19.443286420692278,False,26.11666666666667,-4.311999999999999,2–150 km/h,Wednesday,INFINIX,CA.5,DA.4,Infinix,"(20.0, 30.0]","(30.0, 60.0]","(10.0, 20.0]","(10.0, 15.0]","(30.0, 60.0]"
3855,2020-03-11 09:37:41,3855,23192.22,,6821,8484,0,client,finished,1,prediction,6821.0,1178.0,,937,CI.4.19,finished,finished,DA.4.42,1950,FUJITSU F-01H,0,0,0.0,2020-03-11,09:37:41,Wednesday,3,3,2020,False,Missing,NO OVERCHARGE,9,6.821,6.821,141.4,19.633333333333333,231.9222,,,,hommik,2.8943422913719945,False,121.76666666666668,0.0,2–150 km/h,Wednesday,FUJITSU,CI.4,DA.4,Other,"(60.0, inf]","(60.0, inf]","(5.0, 10.0]","(5.0, 10.0]","(60.0, inf]"
3863,2020-03-11 08:45:57,3863,6000.0,,66,110,1,client,finished,1,prediction,9502.0,1528.0,,915,CA.5.45,finished,finished,DA.4.34,1072,TECNO MOBILE LIMITED TECNO KA7,0,0,10.0,2020-03-11,08:45:57,Wednesday,3,3,2020,False,Positive,NO OVERCHARGE,8,0.066,9.502,1.8333333333333333,25.466666666666665,60.0,,,,hommik,2.16,False,-23.633333333333333,-9.436,2–150 km/h,Wednesday,TECNO,CA.5,DA.4,TECNO,,"(0.0, 5.0]","(0.0, 2.0]","(0.0, 2.0]","(0.0, 5.0]"
3864,2020-03-11 09:25:33,3864,6000.0,,2333,646,1,client,finished,1,prediction,5726.0,930.0,,934,CA.5.43,finished,finished,DA.4.41,2019,Samsung SM-G925F,0,0,0.0,2020-03-11,09:25:33,Wednesday,3,3,2020,False,Missing,NO OVERCHARGE,9,2.333,5.726,10.766666666666667,15.5,60.0,,,,hommik,13.00123839009288,False,-4.7333333333333325,-3.393,2–150 km/h,Wednesday,SAMSUNG,CA.5,DA.4,Samsung,"(-5.0, 0.0]","(10.0, 20.0]","(2.0, 5.0]","(2.0, 5.0]","(10.0, 15.0]"
3866,2020-03-11 09:47:56,3866,14970.54,,12020,1447,1,client,finished,1,prediction,2647.0,275.0,,922,CA.5.47,finished,finished,DA.4.42,608,Infinix HOT 4,0,0,0.0,2020-03-11,09:47:56,Wednesday,3,3,2020,False,Missing,NO OVERCHARGE,9,12.02,2.647,24.116666666666667,4.583333333333333,149.7054,,,,hommik,29.904630269523153,False,19.533333333333335,9.373,2–150 km/h,Wednesday,INFINIX,CA.5,DA.4,Infinix,"(10.0, 20.0]","(20.0, 30.0]","(10.0, 20.0]","(10.0, 15.0]","(20.0, 30.0]"
3867,2020-03-11 10:36:53,3867,7793.4,,11135,2368,0,client,finished,1,prediction,11135.0,1896.0,,930,CA.4.91,finished,finished,DA.4.39,1017,TECNO F3,0,0,0.0,2020-03-11,10:36:53,Wednesday,3,3,2020,False,Missing,NO OVERCHARGE,10,11.135,11.135,39.46666666666667,31.6,77.934,,,,hommik,16.92820945945946,False,7.866666666666667,0.0,2–150 km/h,Wednesday,TECNO,CA.4,DA.4,TECNO,"(5.0, 10.0]","(30.0, 60.0]","(10.0, 20.0]","(10.0, 15.0]","(30.0, 60.0]"
3869,2020-03-11 10:21:05,3869,4855.0,,7620,954,1,client,finished,1,prediction,6341.0,982.0,,939,CA.4.91,finished,finished,DA.4.39,1957,HMD Global Nokia 1,0,0,0.0,2020-03-11,10:21:05,Wednesday,3,3,2020,False,Missing,NO OVERCHARGE,10,7.62,6.341,15.9,16.366666666666667,48.55,,,,hommik,28.754716981132074,False,-0.4666666666666668,1.279,2–150 km/h,Wednesday,NOKIA,CA.4,DA.4,Other,"(-5.0, 0.0]","(10.0, 20.0]","(5.0, 10.0]","(5.0, 10.0]","(15.0, 20.0]"
3870,2020-03-11 10:47:03,3870,6811.26,,3065,1390,0,client,finished,1,prediction,3065.0,566.0,,941,CA.5.32,finished,finished,DA.4.42,620,Samsung SM-G955F,0,0,0.0,2020-03-11,10:47:03,Wednesday,3,3,2020,False,Missing,NO OVERCHARGE,10,3.065,3.065,23.166666666666668,9.433333333333334,68.1126,,,,hommik,7.938129496402878,False,13.733333333333334,0.0,2–150 km/h,Wednesday,SAMSUNG,CA.5,DA.4,Samsung,"(10.0, 20.0]","(20.0, 30.0]","(2.0, 5.0]","(2.0, 5.0]","(20.0, 30.0]"
3883,2020-03-11 12:15:37,3883,6000.0,,3293,679,1,client,finished,1,prediction,3535.0,528.0,,943,CA.5.45,finished,finished,DA.4.39,296,TECNO Phantom6,0,0,0.0,2020-03-11,12:15:37,Wednesday,3,3,2020,False,Missing,NO OVERCHARGE,12,3.293,3.535,11.316666666666666,8.8,60.0,,,,hommik,17.45920471281296,False,2.5166666666666657,-0.242,2–150 km/h,Wednesday,TECNO,CA.5,DA.4,TECNO,"(0.0, 5.0]","(10.0, 20.0]","(2.0, 5.0]","(2.0, 5.0]","(10.0, 15.0]"
3886,2020-03-11 13:15:14,3886,2863.3,,3513,1030,1,client,finished,1,prediction,4224.0,882.0,,947,CA.5.46,finished,finished,DA.4.42,341,TECNO MOBILE LIMITED TECNO KC8,0,0,0.0,2020-03-11,13:15:14,Wednesday,3,3,2020,False,Missing,NO OVERCHARGE,13,3.513,4.224,17.166666666666668,14.7,28.633000000000003,,,,lõuna,12.278446601941747,False,2.4666666666666686,-0.7110000000000003,2–150 km/h,Wednesday,TECNO,CA.5,DA.4,TECNO,"(0.0, 5.0]","(10.0, 20.0]","(2.0, 5.0]","(2.0, 5.0]","(15.0, 20.0]"
3889,2020-03-11 14:31:08,3889,21996.72,,14973,3831,1,client,finished,1,prediction,11050.0,1886.0,,951,CI.4.22,finished,finished,DA.4.42,1080,TECNO MOBILE LIMITED TECNO KA7O,0,0,0.0,2020-03-11,14:31:08,Wednesday,3,3,2020,False,Missing,NO OVERCHARGE,14,14.973,11.05,63.85,31.433333333333334,219.96720000000002,,,,lõuna,14.070164447924824,False,32.41666666666667,3.923,2–150 km/h,Wednesday,TECNO,CI.4,DA.4,TECNO,"(30.0, 60.0]","(60.0, inf]","(10.0, 20.0]","(10.0, 15.0]","(60.0, inf]"
3897,2020-03-11 16:00:38,3897,13692.96,,8414,2522,1,client,finished,1,prediction,6135.0,1199.0,,973,CI.4.22,finished,finished,DA.4.37,2121,TECNO MOBILE LIMITED TECNO KA7,0,0,0.0,2020-03-11,16:00:38,Wednesday,3,3,2020,False,Missing,NO OVERCHARGE,16,8.414,6.135,42.03333333333333,19.983333333333334,136.9296,,,,lõuna,12.010467882632831,False,22.049999999999997,2.279,2–150 km/h,Wednesday,TECNO,CI.4,DA.4,TECNO,"(20.0, 30.0]","(30.0, 60.0]","(5.0, 10.0]","(5.0, 10.0]","(30.0, 60.0]"
3908,2020-03-11 16:47:35,3908,4288.3,,6329,1048,1,client,finished,1,prediction,4953.0,901.0,,969,CA.5.36,finished,finished,DA.4.42,1082,Itel S12,0,0,0.0,2020-03-11,16:47:35,Wednesday,3,3,2020,False,Missing,NO OVERCHARGE,16,6.329,4.953,17.466666666666665,15.016666666666667,42.883,,,,lõuna,21.74083969465649,False,2.4499999999999975,1.3759999999999994,2–150 km/h,Wednesday,ITEL,CA.5,DA.4,Itel,"(0.0, 5.0]","(10.0, 20.0]","(5.0, 10.0]","(5.0, 10.0]","(15.0, 20.0]"
3913,2020-03-11 16:56:52,3913,6000.0,,569,232,1,client,finished,1,prediction,448.0,128.0,,970,CA.5.46,finished,finished,DA.4.42,2111,Samsung SM-N9100,0,0,0.0,2020-03-11,16:56:52,Wednesday,3,3,2020,False,Missing,NO OVERCHARGE,16,0.569,0.448,3.8666666666666667,2.1333333333333333,60.0,,,,lõuna,8.829310344827586,False,1.7333333333333334,0.12099999999999994,2–150 km/h,Wednesday,SAMSUNG,CA.5,DA.4,Samsung,"(0.0, 5.0]","(0.0, 5.0]","(0.0, 2.0]","(0.0, 2.0]","(0.0, 5.0]"
3916,2020-03-11 18:40:48,3916,83349.02,,51138,5741,1,client,finished,1,prediction,21131.0,3975.0,,982,CA.5.35,finished,finished,DA.4.42,979,Samsung SM-A207F,0,0,0.0,2020-03-11,18:40:48,Wednesday,3,3,2020,False,Missing,NO OVERCHARGE,18,51.138,21.131,95.68333333333334,66.25,833.4902000000001,,,,lõuna,32.06702665040934,False,29.433333333333337,30.006999999999998,2–150 km/h,Wednesday,SAMSUNG,CA.5,DA.4,Samsung,"(20.0, 30.0]","(60.0, inf]","(50.0, 100.0]","(20.0, inf]","(60.0, inf]"
3917,2020-03-11 18:25:31,3917,33086.52,,23485,2456,0,client,finished,1,prediction,8897.0,2142.0,,979,CA.5.36,finished,finished,DA.4.19,2007,Samsung SM-T113,0,1,0.0,2020-03-11,18:25:31,Wednesday,3,3,2020,False,Missing,NO OVERCHARGE,18,23.485,8.897,40.93333333333333,35.7,330.86519999999996,,,,lõuna,34.4242671009772,False,5.233333333333327,14.588,2–150 km/h,Wednesday,SAMSUNG,CA.5,DA.4,Samsung,"(5.0, 10.0]","(30.0, 60.0]","(20.0, 30.0]","(20.0, inf]","(30.0, 60.0]"
3921,2020-03-11 18:27:28,3921,2830.6,,970,749,1,client,finished,1,prediction,10252.0,1722.0,,981,CA.5.46,finished,finished,DA.4.42,1834,Samsung SM-G903F,0,0,0.0,2020-03-11,18:27:28,Wednesday,3,3,2020,False,Zero,NO OVERCHARGE,18,0.97,10.252,12.483333333333333,28.7,28.305999999999997,,,,lõuna,4.662216288384513,False,-16.21666666666667,-9.282,2–150 km/h,Wednesday,SAMSUNG,CA.5,DA.4,Samsung,,"(10.0, 20.0]","(0.0, 2.0]","(0.0, 2.0]","(10.0, 15.0]"
3923,2020-03-11 19:24:44,3923,32051.78,,24534,984,0,client,finished,1,prediction,10314.0,1760.0,,986,CA.5.43,finished,finished,DA.4.42,1397,Samsung SM-J700H,0,0,0.0,2020-03-11,19:24:44,Wednesday,3,3,2020,False,Missing,NO OVERCHARGE,19,24.534,10.314,16.4,29.333333333333332,320.51779999999997,,,,õhtu,89.75853658536586,False,-12.933333333333334,14.219999999999999,2–150 km/h,Wednesday,SAMSUNG,CA.5,DA.4,Samsung,,"(10.0, 20.0]","(20.0, 30.0]","(20.0, inf]","(15.0, 20.0]"
3924,2020-03-11 19:46:27,3924,18998.28,,12466,3423,0,client,finished,1,prediction,14498.0,2045.0,,1002,CI.4.19,finished,finished,DA.4.42,2088,TECNO MOBILE LIMITED TECNO B1p,0,0,0.0,2020-03-11,19:46:27,Wednesday,3,3,2020,False,Missing,NO OVERCHARGE,19,12.466,14.498,57.05,34.083333333333336,189.9828,,,,õhtu,13.110604732690623,False,22.96666666666666,-2.032,2–150 km/h,Wednesday,TECNO,CI.4,DA.4,TECNO,"(20.0, 30.0]","(30.0, 60.0]","(10.0, 20.0]","(10.0, 15.0]","(30.0, 60.0]"
3925,2020-03-11 19:50:14,3925,15470.28,,9429,2991,0,client,finished,1,prediction,8201.0,1502.0,,989,CI.4.13,finished,finished,DA.4.42,844,LAVA iris41,0,1,0.0,2020-03-11,19:50:14,Wednesday,3,3,2020,False,Missing,NO OVERCHARGE,19,9.429,8.201,49.85,25.033333333333335,154.7028,,,,õhtu,11.348846539618856,False,24.816666666666666,1.2279999999999998,2–150 km/h,Wednesday,LAVA,CI.4,DA.4,Other,"(20.0, 30.0]","(30.0, 60.0]","(5.0, 10.0]","(5.0, 10.0]","(30.0, 60.0]"
3927,2020-03-11 20:14:37,3927,12967.02,,8156,2249,1,client,finished,1,prediction,8327.0,1421.0,,998,CA.4.91,finished,finished,DA.4.42,990,INFINIX MOBILITY LIMITED Infinix X606,0,0,0.0,2020-03-11,20:14:37,Wednesday,3,3,2020,False,Missing,NO OVERCHARGE,20,8.156,8.327,37.483333333333334,23.683333333333334,129.6702,,,,õhtu,13.055402401067141,False,13.8,-0.17099999999999937,2–150 km/h,Wednesday,INFINIX,CA.4,DA.4,Infinix,"(10.0, 20.0]","(30.0, 60.0]","(5.0, 10.0]","(5.0, 10.0]","(30.0, 60.0]"
3931,2020-03-11 20:23:51,3931,6659.76,,5560,85,0,client,finished,1,prediction,6534.0,865.0,,992,CI.4.07,finished,finished,DA.4.42,474,TECNO MOBILE LIMITED TECNO CF7k,0,0,0.0,2020-03-11,20:23:51,Wednesday,3,3,2020,False,Missing,NO OVERCHARGE,20,5.56,6.534,1.4166666666666667,14.416666666666666,66.5976,,,,õhtu,235.48235294117646,True,-13.0,-0.9740000000000002,≥150 km/h,Wednesday,TECNO,CI.4,DA.4,TECNO,,"(0.0, 5.0]","(5.0, 10.0]","(5.0, 10.0]","(0.0, 5.0]"
3932,2020-03-11 20:29:21,3932,6527.04,,4383,592,0,client,finished,1,prediction,3488.0,483.0,,994,CA.5.36,finished,finished,DA.4.42,1733,TECNO-J8,0,0,0.0,2020-03-11,20:29:21,Wednesday,3,3,2020,False,Missing,NO OVERCHARGE,20,4.383,3.488,9.866666666666667,8.05,65.2704,,,,õhtu,26.653378378378378,False,1.8166666666666664,0.895,2–150 km/h,Wednesday,TECNO,CA.5,DA.4,TECNO,"(0.0, 5.0]","(5.0, 10.0]","(2.0, 5.0]","(2.0, 5.0]","(5.0, 10.0]"
3944,2020-03-11 23:27:10,3944,7145.76,,4669,787,1,client,finished,1,prediction,3485.0,466.0,,1010,CA.5.42,finished,finished,DA.4.42,1939,Samsung SM-N915T,0,0,0.0,2020-03-11,23:27:10,Wednesday,3,3,2020,False,Missing,NO OVERCHARGE,23,4.669,3.485,13.116666666666667,7.766666666666667,71.4576,,,,õhtu,21.35756035578145,False,5.3500000000000005,1.1839999999999997,2–150 km/h,Wednesday,SAMSUNG,CA.5,DA.4,Samsung,"(5.0, 10.0]","(10.0, 20.0]","(2.0, 5.0]","(2.0, 5.0]","(10.0, 15.0]"
3947,2020-03-12 03:43:14,3947,20625.72,,10545,5253,0,client,finished,1,prediction,10545.0,1297.0,,1339,CA.5.36,finished,finished,DA.4.42,1296,Samsung SM-G570F,0,0,0.0,2020-03-12,03:43:14,Thursday,4,3,2020,False,Missing,NO OVERCHARGE,3,10.545,10.545,87.55,21.616666666666667,206.2572,,,,öö,7.226727584237578,False,65.93333333333334,0.0,2–150 km/h,Thursday,SAMSUNG,CA.5,DA.4,Samsung,"(60.0, inf]","(60.0, inf]","(10.0, 20.0]","(10.0, 15.0]","(60.0, inf]"
3949,2020-03-12 02:05:36,3949,6000.0,,4,54,1,client,finished,1,prediction,1457.0,303.0,,1013,CA.5.32,finished,finished,DA.4.42,1962,Samsung SM-G570F,0,0,0.0,2020-03-12,02:05:36,Thursday,4,3,2020,False,Missing,NO OVERCHARGE,2,0.004,1.457,0.9,5.05,60.0,,,,öö,0.26666666666666666,False,-4.1499999999999995,-1.453,<2 km/h,Thursday,SAMSUNG,CA.5,DA.4,Samsung,"(-5.0, 0.0]","(0.0, 5.0]","(0.0, 2.0]","(0.0, 2.0]","(0.0, 5.0]"
3950,2020-03-12 02:40:38,3950,9000.0,,0,0,1,client,finished,1,prediction,5341.0,706.0,,1014,CA.5.46,finished,finished,DA.4.42,844,LAVA iris41,0,0,0.0,2020-03-12,02:40:38,Thursday,4,3,2020,True,Missing,NO OVERCHARGE,2,0.0,5.341,0.0,11.766666666666667,90.0,,,,öö,,False,-11.766666666666667,-5.341,,Thursday,LAVA,CA.5,DA.4,Other,,"(-5.0, 0.0]",,,
3961,2020-03-12 07:52:43,3961,11718.48,,7405,1936,1,client,finished,1,prediction,5220.0,869.0,,1027,CA.5.46,finished,finished,DA.4.42,1690,INFINIX MOBILITY LIMITED Infinix X610B,0,0,0.0,2020-03-12,07:52:43,Thursday,4,3,2020,False,Missing,NO OVERCHARGE,7,7.405,5.22,32.266666666666666,14.483333333333333,117.1848,,,,hommik,13.769628099173554,False,17.78333333333333,2.1850000000000005,2–150 km/h,Thursday,INFINIX,CA.5,DA.4,Infinix,"(10.0, 20.0]","(30.0, 60.0]","(5.0, 10.0]","(5.0, 10.0]","(30.0, 60.0]"
3967,2020-03-12 09:05:00,3967,24757.54,,19748,1177,0,client,finished,1,prediction,6794.0,898.0,,1033,CA.5.40,finished,finished,DA.4.42,65,TECNO-J8,0,1,0.0,2020-03-12,09:05:00,Thursday,4,3,2020,False,Missing,NO OVERCHARGE,9,19.748,6.794,19.616666666666667,14.966666666666667,247.5754,,,,hommik,60.40169923534409,False,4.65,12.954,2–150 km/h,Thursday,TECNO,CA.5,DA.4,TECNO,"(0.0, 5.0]","(10.0, 20.0]","(10.0, 20.0]","(15.0, 20.0]","(15.0, 20.0]"
3968,2020-03-12 10:07:21,3968,54565.54,,34275,4789,0,client,finished,2,prediction,21356.0,3356.0,client_destination_changed,1050,CA.5.45,finished,finished,DA.4.42,1798,Samsung SM-G9550,0,1,0.0,2020-03-12,10:07:21,Thursday,4,3,2020,False,Missing,NO OVERCHARGE,10,34.275,21.356,79.81666666666666,55.93333333333333,545.6554,,,,hommik,25.76529546878263,False,23.883333333333333,12.918999999999997,2–150 km/h,Thursday,SAMSUNG,CA.5,DA.4,Samsung,"(20.0, 30.0]","(60.0, inf]","(30.0, 50.0]","(20.0, inf]","(60.0, inf]"
3969,2020-03-12 09:34:44,3969,5181.6,,7633,1340,0,client,finished,1,prediction,8845.0,1301.0,,1040,CA.5.30,finished,finished,DA.4.42,2073,TECNO F3,0,1,0.0,2020-03-12,09:34:44,Thursday,4,3,2020,False,Missing,NO OVERCHARGE,9,7.633,8.845,22.333333333333332,21.683333333333334,51.816,,,,hommik,20.506567164179106,False,0.6499999999999986,-1.2120000000000006,2–150 km/h,Thursday,TECNO,CA.5,DA.4,TECNO,"(0.0, 5.0]","(20.0, 30.0]","(5.0, 10.0]","(5.0, 10.0]","(20.0, 30.0]"
3971,2020-03-12 09:37:21,3971,6000.0,,650,996,1,client,finished,1,prediction,338.0,102.0,,1095,CA.5.47,finished,finished,DA.4.42,1241,TECNO-J8,0,1,0.0,2020-03-12,09:37:21,Thursday,4,3,2020,False,Missing,NO OVERCHARGE,9,0.65,0.338,16.6,1.7,60.0,,,,hommik,2.3493975903614457,False,14.900000000000002,0.312,2–150 km/h,Thursday,TECNO,CA.5,DA.4,TECNO,"(10.0, 20.0]","(10.0, 20.0]","(0.0, 2.0]","(0.0, 2.0]","(15.0, 20.0]"
3972,2020-03-12 10:30:40,3972,14105.46,,5655,4097,0,client,finished,1,prediction,5655.0,1184.0,,1045,CA.5.47,finished,finished,DA.4.42,713,INFINIX MOBILITY LIMITED Infinix X650B,0,0,0.0,2020-03-12,10:30:40,Thursday,4,3,2020,False,Missing,NO OVERCHARGE,10,5.655,5.655,68.28333333333333,19.733333333333334,141.0546,,,,hommik,4.969001708567244,False,48.55,0.0,2–150 km/h,Thursday,INFINIX,CA.5,DA.4,Infinix,"(30.0, 60.0]","(60.0, inf]","(5.0, 10.0]","(5.0, 10.0]","(60.0, inf]"
3974,2020-03-12 10:24:39,3974,17743.74,,13070,2444,1,client,finished,2,prediction,13074.0,1882.0,client_destination_changed,1052,CA.5.46,finished,finished,DA.4.42,1064,TECNO K7,0,0,0.0,2020-03-12,10:24:39,Thursday,4,3,2020,False,Missing,NO OVERCHARGE,10,13.07,13.074,40.733333333333334,31.366666666666667,177.43740000000003,,,,hommik,19.252045826513914,False,9.366666666666667,-0.0039999999999995595,2–150 km/h,Thursday,TECNO,CA.5,DA.4,TECNO,"(5.0, 10.0]","(30.0, 60.0]","(10.0, 20.0]","(10.0, 15.0]","(30.0, 60.0]"
3977,2020-03-12 10:17:50,3977,10761.24,,7746,1247,0,client,finished,1,prediction,9324.0,1296.0,,1053,CI.4.23,finished,finished,DA.4.42,1349,Sony G3311,0,0,0.0,2020-03-12,10:17:50,Thursday,4,3,2020,False,Missing,NO OVERCHARGE,10,7.746,9.324,20.783333333333335,21.6,107.6124,,,,hommik,22.36214915797915,False,-0.8166666666666664,-1.5779999999999994,2–150 km/h,Thursday,SONY,CI.4,DA.4,Other,"(-5.0, 0.0]","(20.0, 30.0]","(5.0, 10.0]","(5.0, 10.0]","(20.0, 30.0]"
3978,2020-03-12 10:56:56,3978,13350.96,,9352,1874,1,client,finished,1,prediction,7685.0,1253.0,,1057,CA.4.58,finished,finished,DA.4.39,1984,Samsung SM-N920V,0,0,0.0,2020-03-12,10:56:56,Thursday,4,3,2020,False,Missing,NO OVERCHARGE,10,9.352,7.685,31.233333333333334,20.883333333333333,133.50959999999998,,,,hommik,17.965421558164355,False,10.350000000000001,1.6670000000000007,2–150 km/h,Thursday,SAMSUNG,CA.4,DA.4,Samsung,"(10.0, 20.0]","(30.0, 60.0]","(5.0, 10.0]","(5.0, 10.0]","(30.0, 60.0]"
3983,2020-03-12 12:58:33,3983,18143.46,,9124,4601,0,client,finished,2,prediction,9124.0,1794.0,client_destination_changed,1061,CA.5.01,finished,finished,DA.4.42,1145,TECNO MOBILE LIMITED TECNO F3,0,0,0.0,2020-03-12,12:58:33,Thursday,4,3,2020,False,Missing,NO OVERCHARGE,12,9.124,9.124,76.68333333333334,29.9,181.4346,,,,hommik,7.138969789176266,False,46.78333333333334,0.0,2–150 km/h,Thursday,TECNO,CA.5,DA.4,TECNO,"(30.0, 60.0]","(60.0, inf]","(5.0, 10.0]","(5.0, 10.0]","(60.0, inf]"
3986,2020-03-12 12:55:14,3986,41133.96,,30302,902,0,client,finished,1,prediction,14243.0,2162.0,,1114,CA.5.47,finished,finished,DA.4.42,967,HMD Global Nokia 1,0,1,0.0,2020-03-12,12:55:14,Thursday,4,3,2020,False,Missing,NO OVERCHARGE,12,30.302,14.243,15.033333333333333,36.03333333333333,411.3396,,,,hommik,120.93924611973392,False,-21.0,16.058999999999997,2–150 km/h,Thursday,NOKIA,CA.5,DA.4,Other,,"(10.0, 20.0]","(30.0, 50.0]","(20.0, inf]","(15.0, 20.0]"
3987,2020-03-12 13:54:52,3987,6000.0,,2970,778,1,client,finished,1,prediction,11295.0,1737.0,,1066,CA.5.32,finished,finished,DA.4.42,1445,TECNO-W3,0,0,0.0,2020-03-12,13:54:52,Thursday,4,3,2020,False,Missing,NO OVERCHARGE,13,2.97,11.295,12.966666666666667,28.95,60.0,,,,lõuna,13.74293059125964,False,-15.983333333333333,-8.325,2–150 km/h,Thursday,TECNO,CA.5,DA.4,TECNO,,"(10.0, 20.0]","(2.0, 5.0]","(2.0, 5.0]","(10.0, 15.0]"
3989,2020-03-12 13:32:05,3989,6585.72,,4194,717,1,client,finished,1,prediction,4336.0,756.0,,1071,CA.5.45,finished,finished,DA.4.37,328,INFINIX MOBILITY LIMITED Infinix X606B,0,0,0.0,2020-03-12,13:32:05,Thursday,4,3,2020,False,Missing,NO OVERCHARGE,13,4.194,4.336,11.95,12.6,65.8572,,,,lõuna,21.05774058577406,False,-0.6500000000000004,-0.14200000000000035,2–150 km/h,Thursday,INFINIX,CA.5,DA.4,Infinix,"(-5.0, 0.0]","(10.0, 20.0]","(2.0, 5.0]","(2.0, 5.0]","(10.0, 15.0]"
3991,2020-03-12 14:17:19,3991,14412.48,,9781,2242,1,client,finished,1,prediction,5165.0,800.0,,1073,CA.5.44,finished,finished,DA.4.42,2066,HMD Global Nokia 2.2,0,0,0.0,2020-03-12,14:17:19,Thursday,4,3,2020,False,Missing,NO OVERCHARGE,14,9.781,5.165,37.36666666666667,13.333333333333334,144.1248,,,,lõuna,15.70544157002676,False,24.03333333333333,4.6160000000000005,2–150 km/h,Thursday,NOKIA,CA.5,DA.4,Other,"(20.0, 30.0]","(30.0, 60.0]","(5.0, 10.0]","(5.0, 10.0]","(30.0, 60.0]"
3992,2020-03-12 18:14:57,3992,48154.76,,17845,15601,0,client,finished,1,prediction,7221.0,1513.0,,1198,CA.5.40,finished,finished,DA.4.42,1364,Samsung SM-G935F,0,0,0.0,2020-03-12,18:14:57,Thursday,4,3,2020,False,Missing,NO OVERCHARGE,18,17.845,7.221,260.01666666666665,25.216666666666665,481.54760000000005,,,,lõuna,4.117812960707647,False,234.79999999999998,10.623999999999999,2–150 km/h,Thursday,SAMSUNG,CA.5,DA.4,Samsung,"(60.0, inf]","(60.0, inf]","(10.0, 20.0]","(15.0, 20.0]","(60.0, inf]"
3994,2020-03-12 14:54:52,3994,17072.04,,11440,2878,0,client,finished,1,prediction,11440.0,1583.0,,1077,CA.5.47,finished,finished,DA.4.41,782,HMD Global TA-1021,0,0,0.0,2020-03-12,14:54:52,Thursday,4,3,2020,False,Missing,NO OVERCHARGE,14,11.44,11.44,47.96666666666667,26.383333333333333,170.7204,,,,lõuna,14.309937456567061,False,21.583333333333336,0.0,2–150 km/h,Thursday,NOKIA,CA.5,DA.4,Other,"(20.0, 30.0]","(30.0, 60.0]","(10.0, 20.0]","(10.0, 15.0]","(30.0, 60.0]"
3995,2020-03-12 15:44:48,3995,16185.54,,6771,4687,0,client,finished,1,prediction,6771.0,1282.0,,1096,CI.4.19,finished,finished,DA.4.42,312,Samsung SM-J415F,0,0,0.0,2020-03-12,15:44:48,Thursday,4,3,2020,False,Missing,NO OVERCHARGE,15,6.771,6.771,78.11666666666666,21.366666666666667,161.8554,,,,lõuna,5.200682739492213,False,56.74999999999999,0.0,2–150 km/h,Thursday,SAMSUNG,CI.4,DA.4,Samsung,"(30.0, 60.0]","(60.0, inf]","(5.0, 10.0]","(5.0, 10.0]","(60.0, inf]"
3997,2020-03-12 15:44:44,3997,20016.96,,13198,3620,1,client,finished,1,prediction,7527.0,1380.0,,1342,CA.5.47,finished,finished,DA.4.42,1080,TECNO MOBILE LIMITED TECNO KA7O,0,0,0.0,2020-03-12,15:44:44,Thursday,4,3,2020,False,Missing,NO OVERCHARGE,15,13.198,7.527,60.333333333333336,23.0,200.1696,,,,lõuna,13.125082872928177,False,37.333333333333336,5.671,2–150 km/h,Thursday,TECNO,CA.5,DA.4,TECNO,"(30.0, 60.0]","(60.0, inf]","(10.0, 20.0]","(10.0, 15.0]","(60.0, inf]"
4002,2020-03-12 15:56:06,4002,2185.0,,2554,792,1,client,finished,1,prediction,6701.0,1268.0,,1084,CI.4.19,finished,finished,DA.4.34,672,FUJITSU F-01H,0,0,0.0,2020-03-12,15:56:06,Thursday,4,3,2020,False,Missing,NO OVERCHARGE,15,2.554,6.701,13.2,21.133333333333333,21.85,,,,lõuna,11.60909090909091,False,-7.933333333333334,-4.147,2–150 km/h,Thursday,FUJITSU,CI.4,DA.4,Other,"(-10.0, -5.0]","(10.0, 20.0]","(2.0, 5.0]","(2.0, 5.0]","(10.0, 15.0]"
4009,2020-03-12 17:58:29,4009,65883.96,,41188,4898,0,client,finished,1,prediction,40596.0,2911.0,,1117,CA.5.46,finished,finished,DA.4.42,1175,OPPO A37m,0,0,0.0,2020-03-12,17:58:29,Thursday,4,3,2020,False,Missing,NO OVERCHARGE,17,41.188,40.596,81.63333333333334,48.516666666666666,658.8396,,,,lõuna,30.272927725602287,False,33.116666666666674,0.5920000000000059,2–150 km/h,Thursday,OPPO,CA.5,DA.4,Oppo,"(30.0, 60.0]","(60.0, inf]","(30.0, 50.0]","(20.0, inf]","(60.0, inf]"
4011,2020-03-12 17:21:05,4011,9203.52,,5063,1718,1,client,finished,1,prediction,4831.0,786.0,,1101,CA.5.47,finished,finished,DA.4.35,2045,Samsung SM-G900H,0,0,0.0,2020-03-12,17:21:05,Thursday,4,3,2020,False,Missing,NO OVERCHARGE,17,5.063,4.831,28.633333333333333,13.1,92.0352,,,,lõuna,10.6093131548312,False,15.533333333333333,0.23199999999999932,2–150 km/h,Thursday,SAMSUNG,CA.5,DA.4,Samsung,"(10.0, 20.0]","(20.0, 30.0]","(5.0, 10.0]","(5.0, 10.0]","(20.0, 30.0]"
4017,2020-03-12 18:44:21,4017,6000.0,,81,8,1,client,finished,1,prediction,4143.0,742.0,,1266,CA.5.46,finished,finished,DA.4.42,353,X650B,0,0,0.0,2020-03-12,18:44:21,Thursday,4,3,2020,False,Missing,NO OVERCHARGE,18,0.081,4.143,0.13333333333333333,12.366666666666667,60.0,,,,lõuna,36.45,False,-12.233333333333334,-4.061999999999999,2–150 km/h,Thursday,Other,CA.5,DA.4,Other,,"(0.0, 5.0]","(0.0, 2.0]","(0.0, 2.0]","(0.0, 5.0]"
4019,2020-03-12 18:51:50,4019,8157.48,,5139,1108,1,client,finished,1,prediction,4693.0,945.0,,1231,CA.5.25,finished,finished,DA.4.42,1423,INFINIX MOBILITY LIMITED Infinix X626,0,0,0.0,2020-03-12,18:51:50,Thursday,4,3,2020,False,Missing,NO OVERCHARGE,18,5.139,4.693,18.466666666666665,15.75,81.5748,,,,lõuna,16.697111913357404,False,2.716666666666665,0.4460000000000006,2–150 km/h,Thursday,INFINIX,CA.5,DA.4,Infinix,"(0.0, 5.0]","(10.0, 20.0]","(5.0, 10.0]","(5.0, 10.0]","(15.0, 20.0]"
4021,2020-03-12 19:14:22,4021,9490.02,,4037,2375,0,client,finished,1,prediction,10930.0,1765.0,,1204,CI.4.19,finished,finished,DA.4.42,769,TECNO MOBILE LIMITED TECNO B1p,0,0,0.0,2020-03-12,19:14:22,Thursday,4,3,2020,False,Missing,NO OVERCHARGE,19,4.037,10.93,39.583333333333336,29.416666666666668,94.9002,,,,õhtu,6.119242105263158,False,10.166666666666668,-6.893,2–150 km/h,Thursday,TECNO,CI.4,DA.4,TECNO,"(10.0, 20.0]","(30.0, 60.0]","(2.0, 5.0]","(2.0, 5.0]","(30.0, 60.0]"
4023,2020-03-12 18:56:33,4023,2000.0,,237,111,1,client,finished,1,prediction,1108.0,244.0,,1104,CI.4.09,finished,finished,DA.4.41,2026,TECNO L8 Lite,0,0,0.0,2020-03-12,18:56:33,Thursday,4,3,2020,False,Missing,NO OVERCHARGE,18,0.237,1.108,1.85,4.066666666666666,20.0,,,,lõuna,7.686486486486486,False,-2.2166666666666663,-0.8710000000000001,2–150 km/h,Thursday,TECNO,CI.4,DA.4,TECNO,"(-5.0, 0.0]","(0.0, 5.0]","(0.0, 2.0]","(0.0, 2.0]","(0.0, 5.0]"
4027,2020-03-12 19:54:17,4027,17620.26,,12988,2416,1,client,finished,1,prediction,12157.0,1976.0,,1123,CA.5.46,finished,finished,DA.4.42,1002,TECNO MOBILE LIMITED TECNO KC8,0,0,0.0,2020-03-12,19:54:17,Thursday,4,3,2020,False,Missing,NO OVERCHARGE,19,12.988,12.157,40.266666666666666,32.93333333333333,176.2026,,,,õhtu,19.35298013245033,False,7.333333333333336,0.8309999999999995,2–150 km/h,Thursday,TECNO,CA.5,DA.4,TECNO,"(5.0, 10.0]","(30.0, 60.0]","(10.0, 20.0]","(10.0, 15.0]","(30.0, 60.0]"
4028,2020-03-12 19:25:53,4028,12962.52,,11621,548,0,client,finished,1,prediction,4552.0,644.0,,1112,CI.4.17,finished,finished,DA.4.42,1351,TECNO-J8,0,0,0.0,2020-03-12,19:25:53,Thursday,4,3,2020,False,Missing,NO OVERCHARGE,19,11.621,4.552,9.133333333333333,10.733333333333333,129.6252,,,,õhtu,76.34233576642336,False,-1.5999999999999996,7.069000000000001,2–150 km/h,Thursday,TECNO,CI.4,DA.4,TECNO,"(-5.0, 0.0]","(5.0, 10.0]","(10.0, 20.0]","(10.0, 15.0]","(5.0, 10.0]"
4029,2020-03-12 20:04:55,4029,9434.04,,3430,2644,0,client,finished,1,prediction,10773.0,1608.0,,1116,CA.5.44,finished,finished,DA.4.37,730,Itel S11,0,0,0.0,2020-03-12,20:04:55,Thursday,4,3,2020,False,Missing,NO OVERCHARGE,20,3.43,10.773,44.06666666666667,26.8,94.3404,,,,õhtu,4.670196671709531,False,17.26666666666667,-7.343,2–150 km/h,Thursday,ITEL,CA.5,DA.4,Itel,"(10.0, 20.0]","(30.0, 60.0]","(2.0, 5.0]","(2.0, 5.0]","(30.0, 60.0]"
4032,2020-03-12 20:13:10,4032,11870.52,,8281,1592,1,client,finished,1,prediction,7561.0,1034.0,,1147,CA.5.21,finished,finished,DA.4.38,1843,HMD Global Nokia 2.2,0,0,0.0,2020-03-12,20:13:10,Thursday,4,3,2020,False,Missing,NO OVERCHARGE,20,8.281,7.561,26.533333333333335,17.233333333333334,118.7052,,,,õhtu,18.725879396984926,False,9.3,0.7200000000000006,2–150 km/h,Thursday,NOKIA,CA.5,DA.4,Other,"(5.0, 10.0]","(20.0, 30.0]","(5.0, 10.0]","(5.0, 10.0]","(20.0, 30.0]"
4038,2020-03-12 21:42:01,4038,9809.46,,7005,1091,1,client,finished,1,prediction,6566.0,1010.0,,1127,CA.5.46,finished,finished,DA.4.34,1487,Samsung SM-J320FN,0,0,0.0,2020-03-12,21:42:01,Thursday,4,3,2020,False,Missing,NO OVERCHARGE,21,7.005,6.566,18.183333333333334,16.833333333333332,98.09459999999999,,,,õhtu,23.114573785517873,False,1.3500000000000014,0.43900000000000006,2–150 km/h,Thursday,SAMSUNG,CA.5,DA.4,Samsung,"(0.0, 5.0]","(10.0, 20.0]","(5.0, 10.0]","(5.0, 10.0]","(15.0, 20.0]"
4042,2020-03-12 22:15:47,4042,16664.04,,11944,2410,0,client,finished,1,prediction,11944.0,1311.0,,1129,CA.5.38,finished,finished,DA.4.34,1138,TECNO MOBILE LIMITED TECNO LC6,0,0,0.0,2020-03-12,22:15:47,Thursday,4,3,2020,False,Missing,NO OVERCHARGE,22,11.944,11.944,40.166666666666664,21.85,166.6404,,,,õhtu,17.841659751037344,False,18.316666666666663,0.0,2–150 km/h,Thursday,TECNO,CA.5,DA.4,TECNO,"(10.0, 20.0]","(30.0, 60.0]","(10.0, 20.0]","(10.0, 15.0]","(30.0, 60.0]"
4043,2020-03-12 22:01:05,4043,12810.78,,9607,1452,0,client,finished,1,prediction,9607.0,1266.0,,1128,CA.5.36,finished,finished,DA.4.42,844,LAVA iris41,0,0,0.0,2020-03-12,22:01:05,Thursday,4,3,2020,False,Missing,NO OVERCHARGE,22,9.607,9.607,24.2,21.1,128.1078,,,,õhtu,23.81900826446281,False,3.099999999999998,0.0,2–150 km/h,Thursday,LAVA,CA.5,DA.4,Other,"(0.0, 5.0]","(20.0, 30.0]","(5.0, 10.0]","(5.0, 10.0]","(20.0, 30.0]"
4045,2020-03-12 22:57:38,4045,11877.96,,7966,1748,1,client,finished,1,prediction,6225.0,1115.0,,1135,CA.5.32,finished,finished,DA.4.39,1986,HUAWEI TRT-L21A,0,0,0.0,2020-03-12,22:57:38,Thursday,4,3,2020,False,Missing,NO OVERCHARGE,22,7.966,6.225,29.133333333333333,18.583333333333332,118.77959999999999,,,,õhtu,16.405949656750572,False,10.55,1.7410000000000005,2–150 km/h,Thursday,HUAWEI,CA.5,DA.4,Huawei,"(10.0, 20.0]","(20.0, 30.0]","(5.0, 10.0]","(5.0, 10.0]","(20.0, 30.0]"
4046,2020-03-12 23:10:37,4046,14481.54,,9354,2491,0,client,finished,1,prediction,9354.0,1235.0,,1136,CA.5.47,finished,finished,DA.4.42,1805,Samsung SAMSUNG-SM-J120A,0,0,0.0,2020-03-12,23:10:37,Thursday,4,3,2020,False,Missing,NO OVERCHARGE,23,9.354,9.354,41.516666666666666,20.583333333333332,144.8154,,,,õhtu,13.5184263348053,False,20.933333333333334,0.0,2–150 km/h,Thursday,SAMSUNG,CA.5,DA.4,Samsung,"(20.0, 30.0]","(30.0, 60.0]","(5.0, 10.0]","(5.0, 10.0]","(30.0, 60.0]"
4048,2020-03-12 23:15:27,4048,17654.6,,6848,2136,0,client,finished,1,prediction,11889.0,1349.0,,1138,CA.5.36,finished,finished,DA.4.19,1288,TECNO F3,0,1,0.0,2020-03-12,23:15:27,Thursday,4,3,2020,False,Missing,NO OVERCHARGE,23,6.848,11.889,35.6,22.483333333333334,176.546,,,,õhtu,11.541573033707865,False,13.116666666666667,-5.0409999999999995,2–150 km/h,Thursday,TECNO,CA.5,DA.4,TECNO,"(10.0, 20.0]","(30.0, 60.0]","(5.0, 10.0]","(5.0, 10.0]","(30.0, 60.0]"
4049,2020-03-12 23:04:25,4049,6000.0,,0,32,1,client,finished,1,prediction,8442.0,1203.0,,1134,CA.5.23,finished,finished,DA.4.42,1908,TECNO MOBILE LIMITED TECNO CA7,0,0,0.0,2020-03-12,23:04:25,Thursday,4,3,2020,True,Missing,NO OVERCHARGE,23,0.0,8.442,0.5333333333333333,20.05,60.0,,,,õhtu,0.0,False,-19.516666666666666,-8.442,<2 km/h,Thursday,TECNO,CA.5,DA.4,TECNO,,"(0.0, 5.0]",,,"(0.0, 5.0]"
4057,2020-03-13 03:51:26,4057,6000.0,,278,1234,1,client,finished,1,prediction,4641.0,710.0,,1145,CI.4.20,finished,finished,DA.4.42,1875,Fero A5000,0,0,0.0,2020-03-13,03:51:26,Friday,5,3,2020,False,Missing,NO OVERCHARGE,3,0.278,4.641,20.566666666666666,11.833333333333334,60.0,,,,öö,0.8110210696920583,False,8.733333333333333,-4.3629999999999995,<2 km/h,Friday,FERO,CI.4,DA.4,Other,"(5.0, 10.0]","(20.0, 30.0]","(0.0, 2.0]","(0.0, 2.0]","(20.0, 30.0]"
4059,2020-03-13 04:30:52,4059,12372.78,,9932,1056,0,client,finished,1,prediction,5343.0,864.0,,1288,CA.5.04,finished,finished,DA.4.12,18,Samsung SM-G6100,0,0,0.0,2020-03-13,04:30:52,Friday,5,3,2020,False,Missing,NO OVERCHARGE,4,9.932,5.343,17.6,14.4,123.7278,,,,öö,33.85909090909092,False,3.200000000000001,4.589,2–150 km/h,Friday,SAMSUNG,CA.5,DA.4,Samsung,"(0.0, 5.0]","(10.0, 20.0]","(5.0, 10.0]","(5.0, 10.0]","(15.0, 20.0]"
4060,2020-03-13 05:53:46,4060,17442.0,,10381,3600,1,client,finished,1,prediction,9361.0,1792.0,,1337,CA.5.04,finished,finished,DA.4.37,1388,Samsung SM-J730F,0,0,0.0,2020-03-13,05:53:46,Friday,5,3,2020,False,Missing,NO OVERCHARGE,5,10.381,9.361,60.0,29.866666666666667,174.42,,,,öö,10.381,False,30.133333333333333,1.0199999999999996,2–150 km/h,Friday,SAMSUNG,CA.5,DA.4,Samsung,"(30.0, 60.0]","(30.0, 60.0]","(10.0, 20.0]","(10.0, 15.0]","(30.0, 60.0]"
4061,2020-03-13 05:57:14,4061,13758.48,,10741,1414,0,client,finished,1,prediction,5535.0,1022.0,,1276,CA.5.44,finished,finished,DA.4.12,18,Samsung SM-G6100,0,0,0.0,2020-03-13,05:57:14,Friday,5,3,2020,False,Missing,NO OVERCHARGE,5,10.741,5.535,23.566666666666666,17.033333333333335,137.5848,,,,öö,27.346251768033948,False,6.533333333333331,5.2059999999999995,2–150 km/h,Friday,SAMSUNG,CA.5,DA.4,Samsung,"(5.0, 10.0]","(20.0, 30.0]","(10.0, 20.0]","(10.0, 15.0]","(20.0, 30.0]"
4063,2020-03-13 06:27:54,4063,19601.57,,7844,1273,1,client,finished,1,prediction,7102.0,1133.0,,1341,CI.4.19,finished,finished,DA.4.42,525,Samsung SM-G530H,0,0,0.0,2020-03-13,06:27:54,Friday,5,3,2020,False,Missing,NO OVERCHARGE,6,7.844,7.102,21.216666666666665,18.883333333333333,196.0157,,,,öö,22.182560879811472,False,2.333333333333332,0.742,2–150 km/h,Friday,SAMSUNG,CI.4,DA.4,Samsung,"(0.0, 5.0]","(20.0, 30.0]","(5.0, 10.0]","(5.0, 10.0]","(20.0, 30.0]"
4066,2020-03-13 07:28:28,4066,9124.26,,5203,1606,1,client,finished,1,prediction,4449.0,843.0,,1155,CA.5.47,finished,finished,DA.4.42,1224,TECNO K9,0,0,0.0,2020-03-13,07:28:28,Friday,5,3,2020,False,Missing,NO OVERCHARGE,7,5.203,4.449,26.766666666666666,14.05,91.2426,,,,hommik,11.663013698630136,False,12.716666666666665,0.7540000000000004,2–150 km/h,Friday,TECNO,CA.5,DA.4,TECNO,"(10.0, 20.0]","(20.0, 30.0]","(5.0, 10.0]","(5.0, 10.0]","(20.0, 30.0]"
4068,2020-03-13 08:30:51,4068,9069.54,,4950,1699,1,client,finished,1,prediction,4412.0,877.0,,1154,CI.4.19,finished,finished,DA.4.41,491,TECNO MOBILE LIMITED TECNO LC6,0,0,0.0,2020-03-13,08:30:51,Friday,5,3,2020,False,Missing,NO OVERCHARGE,8,4.95,4.412,28.316666666666666,14.616666666666667,90.6954,,,,hommik,10.488522660388464,False,13.7,0.5380000000000003,2–150 km/h,Friday,TECNO,CI.4,DA.4,TECNO,"(10.0, 20.0]","(20.0, 30.0]","(2.0, 5.0]","(2.0, 5.0]","(20.0, 30.0]"
4072,2020-03-13 10:19:35,4072,16566.48,,10447,3088,0,client,finished,1,prediction,10447.0,2075.0,,1262,CA.5.47,finished,finished,DA.4.42,847,INFINIX MOBILITY LIMITED Infinix X650,0,0,0.0,2020-03-13,10:19:35,Friday,5,3,2020,False,Missing,NO OVERCHARGE,10,10.447,10.447,51.46666666666667,34.583333333333336,165.66479999999999,,,,hommik,12.179145077720207,False,16.883333333333333,0.0,2–150 km/h,Friday,INFINIX,CA.5,DA.4,Infinix,"(10.0, 20.0]","(30.0, 60.0]","(10.0, 20.0]","(10.0, 15.0]","(30.0, 60.0]"
4077,2020-03-13 10:31:51,4077,3245.7,,4725,763,1,client,finished,1,prediction,5001.0,836.0,,1184,CI.4.19,finished,finished,DA.4.39,746,HMD Global TA-1032,0,0,0.0,2020-03-13,10:31:51,Friday,5,3,2020,False,Missing,NO OVERCHARGE,10,4.725,5.001,12.716666666666667,13.933333333333334,32.457,,,,hommik,22.293577981651378,False,-1.2166666666666668,-0.2760000000000007,2–150 km/h,Friday,NOKIA,CI.4,DA.4,Other,"(-5.0, 0.0]","(10.0, 20.0]","(2.0, 5.0]","(2.0, 5.0]","(10.0, 15.0]"
4079,2020-03-13 10:58:55,4079,7038.78,,4805,660,1,client,finished,1,prediction,3965.0,648.0,,1234,CA.5.44,finished,finished,DA.4.35,2045,Samsung SM-G900H,0,0,0.0,2020-03-13,10:58:55,Friday,5,3,2020,False,Missing,NO OVERCHARGE,10,4.805,3.965,11.0,10.8,70.3878,,,,hommik,26.20909090909091,False,0.1999999999999993,0.8399999999999999,2–150 km/h,Friday,SAMSUNG,CA.5,DA.4,Samsung,"(0.0, 5.0]","(10.0, 20.0]","(2.0, 5.0]","(2.0, 5.0]","(10.0, 15.0]"
4083,2020-03-13 11:31:01,4083,10505.28,,7363,1299,0,client,finished,1,prediction,7363.0,1089.0,,1168,CI.4.02,finished,finished,DA.4.41,1785,TECNO MOBILE LIMITED TECNO B1,0,1,0.0,2020-03-13,11:31:01,Friday,5,3,2020,False,Missing,NO OVERCHARGE,11,7.363,7.363,21.65,18.15,105.0528,,,,hommik,20.405542725173213,False,3.5,0.0,2–150 km/h,Friday,TECNO,CI.4,DA.4,TECNO,"(0.0, 5.0]","(20.0, 30.0]","(5.0, 10.0]","(5.0, 10.0]","(20.0, 30.0]"
4086,2020-03-13 11:31:33,4086,3783.2,,5602,880,1,client,finished,1,prediction,4737.0,927.0,,1167,CI.4.11,finished,finished,DA.4.42,482,TECNO-C9,0,0,-52.0,2020-03-13,11:31:33,Friday,5,3,2020,False,Negative,NO OVERCHARGE,11,5.602,4.737,14.666666666666666,15.45,37.832,,,,hommik,22.917272727272728,False,-0.7833333333333332,0.8650000000000002,2–150 km/h,Friday,TECNO,CI.4,DA.4,TECNO,"(-5.0, 0.0]","(10.0, 20.0]","(5.0, 10.0]","(5.0, 10.0]","(10.0, 15.0]"
4092,2020-03-13 12:40:58,4092,5736.7,,5733,3146,0,client,finished,2,prediction,4380.0,917.0,client_destination_changed,1224,CA.5.32,finished,finished,DA.4.42,1929,Itel S12,0,0,0.0,2020-03-13,12:40:58,Friday,5,3,2020,False,Missing,NO OVERCHARGE,12,5.733,4.38,52.43333333333333,15.283333333333333,57.367,,,,hommik,6.560330578512397,False,37.15,1.3529999999999998,2–150 km/h,Friday,ITEL,CA.5,DA.4,Itel,"(30.0, 60.0]","(30.0, 60.0]","(5.0, 10.0]","(5.0, 10.0]","(30.0, 60.0]"
4093,2020-03-13 12:03:04,4093,3016.6,,4497,620,1,client,finished,1,prediction,4807.0,764.0,,1170,CA.5.07,finished,finished,DA.4.42,1315,HMD Global Nokia 2.2,0,0,0.0,2020-03-13,12:03:04,Friday,5,3,2020,False,Missing,NO OVERCHARGE,12,4.497,4.807,10.333333333333334,12.733333333333333,30.166,,,,hommik,26.111612903225804,False,-2.3999999999999986,-0.3100000000000005,2–150 km/h,Friday,NOKIA,CA.5,DA.4,Other,"(-5.0, 0.0]","(10.0, 20.0]","(2.0, 5.0]","(2.0, 5.0]","(10.0, 15.0]"
4094,2020-03-13 12:44:19,4094,2370.9,,43,2521,0,client,finished,1,prediction,3403.0,812.0,,1237,CA.5.27,finished,finished,DA.4.42,1566,Itel S12,0,0,0.0,2020-03-13,12:44:19,Friday,5,3,2020,False,Missing,NO OVERCHARGE,12,0.043,3.403,42.016666666666666,13.533333333333333,23.709,,,,hommik,0.06140420468068227,False,28.483333333333334,-3.36,<2 km/h,Friday,ITEL,CA.5,DA.4,Itel,"(20.0, 30.0]","(30.0, 60.0]","(0.0, 2.0]","(0.0, 2.0]","(30.0, 60.0]"
4095,2020-03-13 13:14:20,4095,11219.76,,6517,2101,0,client,finished,1,prediction,6517.0,1322.0,,1260,CA.5.26,finished,finished,DA.4.42,1495,Samsung SM-G900F,0,0,0.0,2020-03-13,13:14:20,Friday,5,3,2020,False,Missing,NO OVERCHARGE,13,6.517,6.517,35.016666666666666,22.033333333333335,112.19760000000001,,,,lõuna,11.166682532127558,False,12.98333333333333,0.0,2–150 km/h,Friday,SAMSUNG,CA.5,DA.4,Samsung,"(10.0, 20.0]","(30.0, 60.0]","(5.0, 10.0]","(5.0, 10.0]","(30.0, 60.0]"
4100,2020-03-13 13:44:22,4100,6125.28,,106,2469,0,client,finished,1,prediction,106.0,36.0,,1195,CA.5.32,finished,finished,DA.4.34,1125,TECNO MOBILE LIMITED TECNO KA7,0,0,0.0,2020-03-13,13:44:22,Friday,5,3,2020,False,Missing,NO OVERCHARGE,13,0.106,0.106,41.15,0.6,61.2528,,,,lõuna,0.15455650060753343,False,40.55,0.0,<2 km/h,Friday,TECNO,CA.5,DA.4,TECNO,"(30.0, 60.0]","(30.0, 60.0]","(0.0, 2.0]","(0.0, 2.0]","(30.0, 60.0]"
4101,2020-03-13 14:50:17,4101,24699.0,,12978,6282,0,client,finished,1,prediction,12978.0,2337.0,,1202,CI.4.18,finished,finished,DA.4.10,2013,INFINIX MOBILITY LIMITED Infinix X5515,0,0,0.0,2020-03-13,14:50:17,Friday,5,3,2020,False,Missing,NO OVERCHARGE,14,12.978,12.978,104.7,38.95,246.99,,,,lõuna,7.437249283667622,False,65.75,0.0,2–150 km/h,Friday,INFINIX,CI.4,DA.4,Infinix,"(60.0, inf]","(60.0, inf]","(10.0, 20.0]","(10.0, 15.0]","(60.0, inf]"
4102,2020-03-13 13:26:54,4102,6000.0,,2624,641,0,client,finished,1,prediction,2624.0,451.0,,1178,CA.4.42,finished,finished,DA.4.42,1241,TECNO-J8,0,1,0.0,2020-03-13,13:26:54,Friday,5,3,2020,False,Missing,NO OVERCHARGE,13,2.624,2.624,10.683333333333334,7.516666666666667,60.0,,,,lõuna,14.736973478939158,False,3.166666666666667,0.0,2–150 km/h,Friday,TECNO,CA.4,DA.4,TECNO,"(0.0, 5.0]","(10.0, 20.0]","(2.0, 5.0]","(2.0, 5.0]","(10.0, 15.0]"
4103,2020-03-13 14:26:04,4103,17142.72,,9427,3903,1,client,finished,1,prediction,10454.0,1887.0,,1185,CA.5.45,finished,finished,DA.4.39,1986,HUAWEI TRT-L21A,0,0,0.0,2020-03-13,14:26:04,Friday,5,3,2020,False,Missing,NO OVERCHARGE,14,9.427,10.454,65.05,31.45,171.4272,,,,lõuna,8.695157571099156,False,33.599999999999994,-1.027000000000001,2–150 km/h,Friday,HUAWEI,CA.5,DA.4,Huawei,"(30.0, 60.0]","(60.0, inf]","(5.0, 10.0]","(5.0, 10.0]","(60.0, inf]"
4105,2020-03-13 15:23:54,4105,22619.52,,10465,6380,0,client,finished,1,prediction,10465.0,1776.0,,1295,CA.5.42,finished,finished,DA.4.39,2104,TECNO MOBILE LIMITED TECNO BA2,0,0,0.0,2020-03-13,15:23:54,Friday,5,3,2020,False,Missing,NO OVERCHARGE,15,10.465,10.465,106.33333333333333,29.6,226.1952,,,,lõuna,5.905015673981191,False,76.73333333333332,0.0,2–150 km/h,Friday,TECNO,CA.5,DA.4,TECNO,"(60.0, inf]","(60.0, inf]","(10.0, 20.0]","(10.0, 15.0]","(60.0, inf]"
4106,2020-03-13 13:53:30,4106,2000.0,,5,9,1,client,finished,1,prediction,11008.0,2078.0,,1182,CA.5.36,finished,finished,DA.4.39,2047,TECNO F3,0,0,0.0,2020-03-13,13:53:30,Friday,5,3,2020,False,Missing,NO OVERCHARGE,13,0.005,11.008,0.15,34.63333333333333,20.0,,,,lõuna,2.0,False,-34.483333333333334,-11.002999999999998,<2 km/h,Friday,TECNO,CA.5,DA.4,TECNO,,"(0.0, 5.0]","(0.0, 2.0]","(0.0, 2.0]","(0.0, 5.0]"
4108,2020-03-13 14:58:08,4109,22695.5,,16522,2871,1,client,finished,2,prediction,9094.0,1830.0,client_destination_changed,1191,CI.4.19,finished,finished,DA.4.42,819,TECNO MOBILE LIMITED TECNO B1p,0,1,0.0,2020-03-13,14:58:08,Friday,5,3,2020,False,Missing,NO OVERCHARGE,14,16.522,9.094,47.85,30.5,226.955,,,,lõuna,20.717241379310344,False,17.35,7.427999999999999,2–150 km/h,Friday,TECNO,CI.4,DA.4,TECNO,"(10.0, 20.0]","(30.0, 60.0]","(10.0, 20.0]","(15.0, 20.0]","(30.0, 60.0]"
4111,2020-03-13 14:23:18,4111,2000.0,,1,4,1,client,finished,1,prediction,4202.0,1048.0,,1188,CA.5.45,finished,finished,DA.4.34,1642,TECNO F3,0,1,0.0,2020-03-13,14:23:18,Friday,5,3,2020,False,Missing,NO OVERCHARGE,14,0.001,4.202,0.06666666666666667,17.466666666666665,20.0,,,,lõuna,0.9,False,-17.4,-4.201,<2 km/h,Friday,TECNO,CA.5,DA.4,TECNO,,"(0.0, 5.0]","(0.0, 2.0]","(0.0, 2.0]","(0.0, 5.0]"
4117,2020-03-13 15:51:33,4117,10684.26,,5651,2236,1,client,finished,1,prediction,5738.0,1114.0,,1200,CA.5.19,finished,finished,DI.3.34,188,"iPhone7,1",0,0,-40.0,2020-03-13,15:51:33,Friday,5,3,2020,False,Negative,NO OVERCHARGE,15,5.651,5.738,37.266666666666666,18.566666666666666,106.8426,,,,lõuna,9.098211091234347,False,18.7,-0.08700000000000063,2–150 km/h,Friday,APPLE,CA.5,DI.3,Apple,"(10.0, 20.0]","(30.0, 60.0]","(5.0, 10.0]","(5.0, 10.0]","(30.0, 60.0]"
4124,2020-03-13 15:55:06,4124,6000.0,,7,70,1,client,finished,1,prediction,2925.0,720.0,,1201,CI.4.19,finished,finished,DA.4.42,1516,INFINIX MOBILITY LIMITED Infinix X5516B,0,0,0.0,2020-03-13,15:55:06,Friday,5,3,2020,False,Missing,NO OVERCHARGE,15,0.007,2.925,1.1666666666666667,12.0,60.0,,,,lõuna,0.36000000000000004,False,-10.833333333333334,-2.9179999999999997,<2 km/h,Friday,INFINIX,CI.4,DA.4,Infinix,,"(0.0, 5.0]","(0.0, 2.0]","(0.0, 2.0]","(0.0, 5.0]"
4125,2020-03-13 16:44:49,4126,2000.0,,4,7,1,client,finished,1,prediction,5887.0,1137.0,,1239,CA.5.46,finished,finished,DA.4.42,468,TECNO MOBILE LIMITED TECNO LB6,0,0,0.0,2020-03-13,16:44:49,Friday,5,3,2020,False,Missing,NO OVERCHARGE,16,0.004,5.887,0.11666666666666667,18.95,20.0,,,,lõuna,2.057142857142857,False,-18.833333333333332,-5.883,2–150 km/h,Friday,TECNO,CA.5,DA.4,TECNO,,"(0.0, 5.0]","(0.0, 2.0]","(0.0, 2.0]","(0.0, 5.0]"
4126,2020-03-13 16:35:51,4125,5459.1,,8319,1259,1,client,finished,1,prediction,8398.0,1497.0,,1361,CA.5.32,finished,finished,DA.4.42,306,TECNO F3,0,0,0.0,2020-03-13,16:35:51,Friday,5,3,2020,False,Missing,NO OVERCHARGE,16,8.319,8.398,20.983333333333334,24.95,54.591,,,,lõuna,23.78745035742653,False,-3.966666666666665,-0.07899999999999885,2–150 km/h,Friday,TECNO,CA.5,DA.4,TECNO,"(-5.0, 0.0]","(20.0, 30.0]","(5.0, 10.0]","(5.0, 10.0]","(20.0, 30.0]"
4127,2020-03-13 17:14:49,4127,15389.46,,9908,2711,1,client,finished,1,prediction,8991.0,1799.0,,1213,CI.4.00,finished,finished,DA.4.42,1840,Samsung SM-G950F,0,0,0.0,2020-03-13,17:14:49,Friday,5,3,2020,False,Missing,NO OVERCHARGE,17,9.908,8.991,45.18333333333333,29.983333333333334,153.8946,,,,lõuna,13.157063814090742,False,15.199999999999996,0.9169999999999998,2–150 km/h,Friday,SAMSUNG,CI.4,DA.4,Samsung,"(10.0, 20.0]","(30.0, 60.0]","(5.0, 10.0]","(5.0, 10.0]","(30.0, 60.0]"
4129,2020-03-13 17:52:16,4129,19275.24,,11049,4271,0,client,finished,1,prediction,11049.0,2206.0,,1215,CA.5.46,finished,finished,DA.4.42,1469,TECNO MOBILE LIMITED TECNO CA8,0,0,0.0,2020-03-13,17:52:16,Friday,5,3,2020,False,Missing,NO OVERCHARGE,17,11.049,11.049,71.18333333333334,36.766666666666666,192.75240000000002,,,,lõuna,9.31313509716694,False,34.41666666666667,0.0,2–150 km/h,Friday,TECNO,CA.5,DA.4,TECNO,"(30.0, 60.0]","(60.0, inf]","(10.0, 20.0]","(10.0, 15.0]","(60.0, inf]"
4131,2020-03-13 18:28:04,4131,20818.02,,13618,3851,1,client,finished,1,prediction,8875.0,1692.0,,1220,CA.5.40,finished,finished,DA.4.42,1321,Samsung SM-G935U,0,0,0.0,2020-03-13,18:28:04,Friday,5,3,2020,False,Missing,NO OVERCHARGE,18,13.618,8.875,64.18333333333334,28.2,208.1802,,,,lõuna,12.730407686315242,False,35.983333333333334,4.743,2–150 km/h,Friday,SAMSUNG,CA.5,DA.4,Samsung,"(30.0, 60.0]","(60.0, inf]","(10.0, 20.0]","(10.0, 15.0]","(60.0, inf]"
4133,2020-03-13 18:29:32,4133,16446.54,,8930,3769,0,client,finished,1,prediction,8930.0,1688.0,,1303,CA.5.43,finished,finished,DA.4.42,789,OPPO A37fw,0,0,0.0,2020-03-13,18:29:32,Friday,5,3,2020,False,Missing,NO OVERCHARGE,18,8.93,8.93,62.81666666666667,28.133333333333333,164.46540000000002,,,,lõuna,8.52958344388432,False,34.68333333333334,0.0,2–150 km/h,Friday,OPPO,CA.5,DA.4,Oppo,"(30.0, 60.0]","(60.0, inf]","(5.0, 10.0]","(5.0, 10.0]","(60.0, inf]"
4136,2020-03-13 19:23:44,4136,15848.22,,11639,2112,1,client,finished,1,prediction,12337.0,1967.0,,1229,CI.4.19,finished,finished,DA.4.42,359,Samsung SM-G950U,0,0,0.0,2020-03-13,19:23:44,Friday,5,3,2020,False,Missing,NO OVERCHARGE,19,11.639,12.337,35.2,32.78333333333333,158.4822,,,,õhtu,19.839204545454546,False,2.4166666666666714,-0.6980000000000004,2–150 km/h,Friday,SAMSUNG,CI.4,DA.4,Samsung,"(0.0, 5.0]","(30.0, 60.0]","(10.0, 20.0]","(10.0, 15.0]","(30.0, 60.0]"
4143,2020-03-13 20:48:18,4143,15672.72,,11386,2139,0,client,finished,1,prediction,11386.0,1505.0,,1238,CI.4.23,finished,finished,DA.4.42,1241,TECNO-J8,0,0,0.0,2020-03-13,20:48:18,Friday,5,3,2020,False,Missing,NO OVERCHARGE,20,11.386,11.386,35.65,25.083333333333332,156.72719999999998,,,,õhtu,19.16297335203366,False,10.566666666666666,0.0,2–150 km/h,Friday,TECNO,CI.4,DA.4,TECNO,"(10.0, 20.0]","(30.0, 60.0]","(10.0, 20.0]","(10.0, 15.0]","(30.0, 60.0]"
4145,2020-03-13 21:24:06,4145,10835.8,,10686,2053,1,client,finished,1,prediction,11579.0,1585.0,,1241,CA.5.46,finished,finished,DA.4.34,1060,E1 Fero_X1,0,0,0.0,2020-03-13,21:24:06,Friday,5,3,2020,False,Missing,NO OVERCHARGE,21,10.686,11.579,34.21666666666667,26.416666666666668,108.35799999999999,,,,õhtu,18.738236726741356,False,7.800000000000001,-0.8930000000000007,2–150 km/h,Friday,Other,CA.5,DA.4,Other,"(5.0, 10.0]","(30.0, 60.0]","(10.0, 20.0]","(10.0, 15.0]","(30.0, 60.0]"
4148,2020-03-13 21:06:40,4148,8948.28,,5854,1191,0,client,finished,1,prediction,5854.0,885.0,,1305,CA.5.44,finished,finished,DA.4.42,847,INFINIX MOBILITY LIMITED Infinix X650,0,0,0.0,2020-03-13,21:06:40,Friday,5,3,2020,False,Missing,NO OVERCHARGE,21,5.854,5.854,19.85,14.75,89.48280000000001,,,,õhtu,17.694710327455923,False,5.100000000000001,0.0,2–150 km/h,Friday,INFINIX,CA.5,DA.4,Infinix,"(5.0, 10.0]","(10.0, 20.0]","(5.0, 10.0]","(5.0, 10.0]","(15.0, 20.0]"
4155,2020-03-13 22:23:41,4155,12910.02,,10369,1133,1,client,finished,1,prediction,11873.0,1633.0,,1245,CA.5.46,finished,finished,DA.4.42,2111,Samsung SM-N9100,0,0,0.0,2020-03-13,22:23:41,Friday,5,3,2020,False,Missing,NO OVERCHARGE,22,10.369,11.873,18.883333333333333,27.216666666666665,129.1002,,,,õhtu,32.94651368049426,False,-8.333333333333332,-1.5039999999999996,2–150 km/h,Friday,SAMSUNG,CA.5,DA.4,Samsung,"(-10.0, -5.0]","(10.0, 20.0]","(10.0, 20.0]","(10.0, 15.0]","(15.0, 20.0]"
4158,2020-03-13 22:47:27,4158,6000.0,,998,592,1,client,finished,1,prediction,8986.0,1322.0,,1250,CA.5.38,finished,finished,DA.4.42,1270,TECNO MOBILE LIMITED TECNO BA2,0,0,0.0,2020-03-13,22:47:27,Friday,5,3,2020,False,Missing,NO OVERCHARGE,22,0.998,8.986,9.866666666666667,22.033333333333335,60.0,,,,õhtu,6.068918918918919,False,-12.166666666666668,-7.988,2–150 km/h,Friday,TECNO,CA.5,DA.4,TECNO,,"(5.0, 10.0]","(0.0, 2.0]","(0.0, 2.0]","(5.0, 10.0]"
4159,2020-03-13 22:39:47,4159,6000.0,,36,309,1,client,finished,1,prediction,13579.0,1819.0,,1246,CI.4.23,finished,finished,DA.4.41,1753,TECNO L9 Plus,0,0,0.0,2020-03-13,22:39:47,Friday,5,3,2020,False,Missing,NO OVERCHARGE,22,0.036,13.579,5.15,30.316666666666666,60.0,,,,õhtu,0.41941747572815535,False,-25.166666666666664,-13.543000000000001,<2 km/h,Friday,TECNO,CI.4,DA.4,TECNO,,"(5.0, 10.0]","(0.0, 2.0]","(0.0, 2.0]","(5.0, 10.0]"
