order_id_new,had_ticket,price_type,gps_grp,region,dist_ratio,price_ratio
0,0,upfront,GPS hea (1),EL,1.4051153231331355,1.6733333333333333
1,0,upfront,GPS hea (1),EL,0.03046594982078853,0.7142857142857143
2,0,upfront_destination_changed,GPS hea (1),EL,0.23869441816461684,
3,0,upfront_destination_changed,GPS halb (0),EL,2.7520807508411544,
4,0,upfront,GPS hea (1),EL,1.1130723637074187,1.0880597014925373
5,0,puudub,GPS hea (1),EL,,
6,0,upfront,GPS hea (1),EL,1.4328948775532029,1.3346153846153845
7,0,upfront,GPS hea (1),EL,1.6325030107117957,1.4112359550561797
8,0,upfront,GPS hea (1),EL,1.0296455253536798,0.9976744186046512
9,0,upfront,GPS halb (0),mitte-EL,2.0508417508417507,1.92734
10,0,upfront,GPS hea (1),mitte-EL,4.582342954159593,2.28921
11,0,upfront,GPS hea (1),EL,1.2457159453964566,1.2232142857142858
12,0,upfront,GPS hea (1),mitte-EL,1.0331624962315344,1.0
13,0,upfront_destination_changed,GPS hea (1),EL,1.3861060929545082,
14,0,upfront,GPS hea (1),mitte-EL,1.6593206631621513,1.6455279999999999
15,0,upfront,GPS hea (1),mitte-EL,1.1118951612903225,1.1148052173913043
16,0,upfront_destination_changed,GPS hea (1),EL,0.5172098690222358,
17,0,upfront,GPS hea (1),EL,1.0029327610872676,0.9810650887573964
18,0,upfront,GPS hea (1),EL,0.5333601139393054,0.6576036866359447
19,0,upfront,GPS hea (1),EL,1.4284854865393293,1.2622641509433963
20,0,upfront,GPS hea (1),EL,1.0505979760809567,1.1924731182795698
21,0,upfront,GPS hea (1),EL,0.9603506674636382,0.9643835616438357
22,0,upfront,GPS hea (1),EL,0.21211894799760908,0.404
23,0,upfront,GPS hea (1),EL,1.0004436065210158,0.9563380281690141
24,0,upfront,GPS halb (0),EL,0.8730119284294234,0.9122807017543859
25,0,upfront,GPS hea (1),EL,1.9479618386817,2.1339285714285716
26,0,upfront,GPS hea (1),mitte-EL,0.002077562326869806,0.7058823529411765
27,0,upfront,GPS hea (1),EL,1.8208384066794225,1.6808510638297873
28,0,upfront,GPS hea (1),mitte-EL,0.5518134715025906,1.0
29,0,upfront,GPS hea (1),mitte-EL,0.9616827967608137,1.058696
30,0,upfront,GPS hea (1),EL,0.9786609240407205,0.9115384615384615
31,0,upfront,GPS hea (1),EL,0.8835357356161656,1.0377777777777777
32,0,upfront,GPS halb (0),mitte-EL,1.820728881398778,1.7622416
33,0,upfront,GPS hea (1),EL,3.5692307692307694,2.616
34,0,upfront,GPS hea (1),mitte-EL,0.965658827920866,0.9874527272727273
35,0,upfront,GPS hea (1),mitte-EL,0.8564115528028818,1.028775
36,1,upfront,GPS hea (1),mitte-EL,0.14573991031390135,0.36363636363636365
37,0,upfront,GPS hea (1),mitte-EL,0.9779643231899265,0.9557929411764705
38,0,upfront,GPS hea (1),mitte-EL,0.14638583054092869,0.42857142857142855
39,0,upfront,GPS hea (1),EL,0.8365946632782719,0.8970588235294117
40,0,upfront,GPS hea (1),mitte-EL,0.09218322698268004,0.3333333333333333
41,0,upfront,GPS hea (1),EL,1.3705979319646335,1.3873015873015875
42,0,upfront,GPS hea (1),EL,1.0015102318205844,0.9734104046242774
43,0,upfront,GPS hea (1),EL,1.0010847576885866,1.0120772946859904
44,0,upfront,GPS hea (1),mitte-EL,1.1263103028899055,1.331195652173913
45,0,upfront,GPS hea (1),EL,1.1580408987629387,1.215625
46,0,upfront,GPS hea (1),mitte-EL,0.922248159454121,1.0389760000000001
47,0,upfront,GPS halb (0),mitte-EL,0.8311475409836065,1.0
48,0,upfront,GPS hea (1),EL,0.9186383389666828,1.5
49,0,upfront,GPS hea (1),mitte-EL,1.1114641586171836,1.167
50,0,upfront,GPS hea (1),mitte-EL,0.9378987111053249,0.9721062068965518
51,0,upfront,GPS halb (0),mitte-EL,0.0,0.3870967741935484
52,0,upfront,GPS hea (1),mitte-EL,1.5745221227108674,1.7393866666666666
53,0,upfront,GPS halb (0),mitte-EL,4.001387787470262,3.043495
54,0,upfront,GPS hea (1),EL,1.06807131280389,0.9907407407407406
55,0,upfront,GPS halb (0),mitte-EL,1.6673872923807014,1.836606923076923
56,1,upfront,GPS hea (1),mitte-EL,0.5017642907551164,0.7771569230769232
57,0,upfront,GPS hea (1),EL,0.7935510887772195,0.9119047619047619
58,0,upfront,GPS hea (1),mitte-EL,1.036049649217485,1.0816416
59,1,upfront,GPS halb (0),mitte-EL,0.8647088647088647,0.9548498630136986
60,0,upfront,GPS hea (1),mitte-EL,1.2648689998087588,1.3360972727272726
61,0,upfront,GPS hea (1),mitte-EL,1.0492622020431328,1.1281278571428572
62,0,upfront,GPS hea (1),mitte-EL,0.9541449379607985,1.02594
63,1,upfront,GPS halb (0),mitte-EL,4.18942731277533,6.509704347826087
64,0,upfront,GPS hea (1),mitte-EL,1.0867683731846853,1.0980445714285714
65,0,upfront,GPS hea (1),mitte-EL,1.2779181404749873,1.1773107692307694
66,0,upfront,GPS hea (1),EL,1.0020147161878066,0.9365853658536586
67,0,upfront,GPS hea (1),EL,1.2801516195727085,1.32
68,0,upfront,GPS hea (1),mitte-EL,1.0148613451815536,1.0712533333333334
69,0,upfront,GPS hea (1),EL,1.0136411332633788,1.2
70,0,upfront,GPS hea (1),EL,0.9902597402597403,1.4
71,0,upfront,GPS hea (1),EL,1.341070400920775,1.3851063829787233
72,0,upfront,GPS hea (1),mitte-EL,0.07900721843172155,0.4444444444444444
73,0,upfront_destination_changed,GPS hea (1),EL,2.305775764439411,
74,0,upfront,GPS hea (1),mitte-EL,0.953465920061788,0.9445428571428571
75,0,upfront,GPS hea (1),EL,1.011437908496732,1.0
76,0,upfront,GPS hea (1),EL,1.137082876390412,1.2018867924528303
77,0,upfront,GPS hea (1),EL,1.6537345658187708,1.508333333333333
78,0,upfront,GPS hea (1),mitte-EL,1.152340513670257,1.1359615384615385
79,0,upfront_destination_changed,GPS hea (1),EL,1.414271876009041,
80,0,upfront,GPS halb (0),mitte-EL,1.9630775577557755,1.560728
81,0,upfront,GPS hea (1),EL,1.2597402597402598,1.0
82,0,upfront,GPS hea (1),EL,1.0142011834319526,0.9186440677966101
83,0,upfront,GPS hea (1),EL,1.0225639551595287,1.058823529411765
84,0,upfront,GPS hea (1),EL,1.2027863777089782,1.238888888888889
85,0,upfront,GPS hea (1),EL,1.7486132682493898,1.9625
86,0,upfront,GPS hea (1),EL,1.4924083769633507,1.3066666666666666
87,0,upfront,GPS hea (1),EL,0.9873314848455875,0.9671232876712329
88,0,upfront,GPS hea (1),mitte-EL,0.0031887028812208175,0.5217391304347826
89,0,upfront,GPS hea (1),EL,1.0037649219467402,0.9728395061728395
90,0,upfront,GPS halb (0),mitte-EL,2.28,2.0928278260869564
91,0,upfront_destination_changed,GPS hea (1),EL,1.2013698630136986,
92,0,upfront,GPS halb (0),mitte-EL,2.859531772575251,3.248416774193548
93,0,upfront,GPS halb (0),mitte-EL,1.4225863077823289,1.24798
94,0,upfront,GPS hea (1),EL,0.7689794648413192,0.826
95,0,upfront,GPS halb (0),EL,1.0469247528071057,0.9793814432989691
96,0,upfront,GPS hea (1),mitte-EL,0.9969812839605554,1.0149408
97,0,upfront,GPS hea (1),mitte-EL,0.39970797590801244,0.75
98,0,upfront,GPS hea (1),EL,1.00291066892464,0.9644628099173554
99,0,upfront,GPS hea (1),EL,0.13697857948139797,0.3424657534246575
100,0,upfront,GPS hea (1),EL,0.9203759723422644,0.6774647887323944
101,0,upfront,GPS hea (1),EL,1.0157249266420887,1.25
102,1,upfront,GPS halb (0),mitte-EL,1.727701259482949,3.1002705263157893
103,0,upfront,GPS hea (1),EL,1.801177536231884,2.0707317073170732
104,0,upfront,GPS halb (0),mitte-EL,2.1158556769281693,2.1689583333333333
105,0,upfront,GPS hea (1),EL,1.0230526918671248,1.0044444444444443
106,0,upfront,GPS hea (1),EL,1.0155835543766578,1.1307692307692307
107,0,upfront,GPS halb (0),EL,0.2628384120432196,0.32556390977443606
108,0,upfront,GPS hea (1),EL,1.0156337241764377,0.9789999999999999
109,0,upfront,GPS halb (0),mitte-EL,4.000733944954129,3.6316599999999997
110,0,upfront,GPS halb (0),mitte-EL,1.4629576862800968,1.7907714285714287
111,0,upfront,GPS hea (1),mitte-EL,0.6741514960087291,0.68364
112,0,upfront,GPS hea (1),EL,0.982251939904243,1.1845238095238093
113,0,upfront,GPS hea (1),EL,0.996497957141666,0.9864077669902912
114,0,upfront,GPS halb (0),mitte-EL,0.7995371709574776,0.9269717647058824
115,0,upfront_destination_changed,GPS halb (0),mitte-EL,4.673992673992674,
116,0,upfront,GPS hea (1),mitte-EL,0.8310439560439561,1.0
117,0,upfront,GPS halb (0),mitte-EL,1.73696,1.3278866666666667
118,0,upfront,GPS hea (1),mitte-EL,1.1584229908296628,1.2899694117647058
119,0,upfront,GPS hea (1),mitte-EL,1.305998588567396,1.241465
120,0,upfront,GPS hea (1),EL,0.9951456310679612,0.9339285714285716
121,0,upfront,GPS hea (1),EL,0.9425675675675675,0.9327272727272727
122,0,upfront,GPS halb (0),mitte-EL,1.7705150417388564,1.522785
123,0,upfront,GPS hea (1),EL,1.3175396652901543,1.2338461538461538
124,1,upfront,GPS halb (0),mitte-EL,1.9322086847860043,1.7186336842105263
125,1,upfront,GPS hea (1),mitte-EL,0.7184174624829468,0.9608276923076923
126,0,upfront,GPS hea (1),EL,1.2718475073313782,1.2864864864864864
127,1,upfront,GPS halb (0),mitte-EL,1.969790593889461,1.4140066666666669
128,0,upfront,GPS hea (1),EL,1.0576378912541902,1.0512345679012347
129,0,upfront,GPS hea (1),EL,1.3082360172095882,1.2147540983606557
130,0,upfront,GPS hea (1),EL,1.0043076923076923,1.0211678832116788
131,0,upfront,GPS hea (1),EL,0.9985168282943525,1.2794117647058822
132,0,upfront,GPS hea (1),EL,0.09477124183006536,0.986842105263158
133,0,upfront,GPS hea (1),EL,1.2044913235794488,1.4090909090909092
134,0,upfront,GPS hea (1),EL,1.0401612040459054,1.0387665198237885
135,0,upfront,GPS hea (1),EL,0.03466623669783941,0.425531914893617
136,0,upfront_destination_changed,GPS hea (1),EL,1.0734587395304134,
137,0,upfront,GPS hea (1),EL,1.338876772082879,1.217142857142857
138,0,upfront,GPS halb (0),mitte-EL,1.2020172910662825,1.3103057142857142
139,0,upfront,GPS halb (0),mitte-EL,1.2181237808122007,1.1059976470588235
140,0,upfront,GPS halb (0),mitte-EL,1.461648927183646,1.3831836842105265
141,0,upfront,GPS hea (1),mitte-EL,1.3034920634920635,1.1
142,0,upfront,GPS hea (1),mitte-EL,0.9937752161383285,1.0159090909090909
143,0,upfront,GPS hea (1),mitte-EL,1.1965077605321508,1.5347166666666665
144,0,upfront,GPS hea (1),mitte-EL,0.06275303643724696,0.5714285714285714
145,0,upfront,GPS halb (0),mitte-EL,0.13818389212531063,0.18451513513513515
146,0,upfront,GPS halb (0),mitte-EL,2.613904356370783,3.4922025
147,0,upfront,GPS hea (1),EL,1.2740176107241425,1.2647058823529413
148,1,upfront,GPS halb (0),mitte-EL,0.31815676909754115,0.36826308724832213
149,0,upfront,GPS hea (1),mitte-EL,0.764675444144196,0.7890062222222222
150,0,upfront,GPS halb (0),mitte-EL,0.8291794367663217,0.8290708
151,0,upfront,GPS hea (1),EL,1.3379446640316206,1.2319148936170212
152,0,upfront,GPS hea (1),mitte-EL,0.6084289982701683,0.7559431578947369
153,0,upfront,GPS hea (1),EL,0.8752436647173489,0.8966666666666666
154,0,upfront,GPS halb (0),mitte-EL,1.017839856174803,1.3692857142857142
155,0,upfront,GPS hea (1),mitte-EL,0.7927326922394521,0.8440864197530864
156,0,upfront,GPS hea (1),mitte-EL,3.694643711142994,3.2372676923076926
157,0,upfront,GPS hea (1),EL,1.0475091624813357,1.0054054054054054
158,0,upfront,GPS hea (1),EL,0.8259853039412157,0.79
159,0,upfront,GPS hea (1),mitte-EL,0.001124353496739375,0.8
160,0,upfront,GPS hea (1),EL,1.3441352588939768,1.207843137254902
161,0,upfront,GPS halb (0),mitte-EL,1.2317444770921755,1.7012055172413794
162,0,upfront,GPS hea (1),EL,1.6270282451923077,1.319607843137255
163,0,upfront,GPS hea (1),mitte-EL,1.133276144427981,1.4319874285714285
164,0,upfront,GPS halb (0),mitte-EL,1.3426908592947622,1.5342348235294119
165,0,upfront,GPS hea (1),mitte-EL,1.0600671558263897,1.0451883333333334
166,0,upfront,GPS hea (1),EL,1.0248398687705047,1.0430555555555554
167,0,upfront,GPS halb (0),mitte-EL,2.035144652351032,2.304944864864865
168,0,upfront,GPS hea (1),EL,1.0079951856946354,1.1989583333333333
169,0,upfront,GPS hea (1),EL,1.049856184084372,1.0
170,0,upfront,GPS hea (1),EL,1.0448073701842546,1.1666666666666667
171,0,upfront,GPS hea (1),EL,1.3880742913000979,1.15
172,0,upfront,GPS hea (1),EL,1.653900709219858,1.3343749999999999
173,0,upfront,GPS hea (1),mitte-EL,1.3981722067915061,1.52068
174,0,upfront,GPS hea (1),EL,0.8915470494417863,0.9651162790697676
175,0,upfront,GPS hea (1),mitte-EL,1.4460852848654318,1.5895360784313726
176,0,upfront,GPS hea (1),mitte-EL,1.0007328691828508,1.077444705882353
177,0,upfront,GPS hea (1),mitte-EL,0.9615445232466509,0.9680388571428572
178,0,upfront,GPS hea (1),mitte-EL,1.0268597325080138,1.0540514285714284
179,0,upfront,GPS hea (1),mitte-EL,1.0521016166281756,1.4198160000000002
180,0,upfront,GPS hea (1),EL,1.0154473914310698,1.0272727272727273
181,0,upfront,GPS hea (1),mitte-EL,0.8315745913511277,0.8254571428571428
182,0,upfront,GPS hea (1),EL,1.2640480087288597,1.136
183,0,upfront,GPS halb (0),mitte-EL,1.7125472093999161,1.8113314285714286
184,0,upfront,GPS hea (1),EL,1.2901701323251418,1.25
185,0,upfront,GPS hea (1),EL,1.1014464038042402,1.5675
186,0,upfront,GPS hea (1),mitte-EL,0.34583654163458366,0.45396000000000003
187,0,upfront,GPS hea (1),EL,0.0,0.5681818181818181
188,0,upfront,GPS halb (0),mitte-EL,2.320068955609826,2.707127234042553
189,0,upfront,GPS hea (1),mitte-EL,0.9777129764632368,1.0728184210526315
190,0,upfront,GPS hea (1),mitte-EL,1.3115313081215128,1.2339672
191,0,upfront,GPS hea (1),mitte-EL,1.0100789692435577,1.050469696969697
192,0,upfront,GPS halb (0),EL,1.036903039073806,1.011290322580645
193,1,upfront,GPS halb (0),EL,1.9371097234611954,
194,0,upfront,GPS hea (1),mitte-EL,1.4025065274151436,1.4390833333333333
195,0,upfront,GPS hea (1),mitte-EL,0.9809358752166378,0.975
196,0,upfront,GPS hea (1),EL,0.00018076644974692697,0.5208333333333334
197,0,upfront,GPS hea (1),EL,1.1100818094321463,1.042857142857143
198,0,upfront,GPS hea (1),mitte-EL,0.03405725567620928,0.552
199,0,upfront,GPS hea (1),mitte-EL,0.2922677179464206,0.41805416666666667
200,0,upfront,GPS halb (0),mitte-EL,0.0,0.5454545454545454
201,1,upfront,GPS halb (0),mitte-EL,3.8427025600422273,2.9122953846153843
202,0,upfront,GPS hea (1),EL,1.3482845451683978,1.2029411764705882
203,1,upfront,GPS halb (0),mitte-EL,1.1816707789918928,1.2996375757575758
204,0,upfront,GPS hea (1),EL,1.0176230086000282,1.0188679245283019
205,0,upfront,GPS hea (1),EL,0.9898805573988055,1.0072289156626504
206,0,upfront_destination_changed,GPS hea (1),EL,0.6770929162833487,
207,0,upfront,GPS hea (1),EL,0.9296358688609563,0.846031746031746
208,0,upfront,GPS hea (1),mitte-EL,0.1607313702561922,0.4444444444444444
209,0,upfront,GPS hea (1),EL,1.0071899340922708,1.1066666666666667
210,0,upfront,GPS hea (1),EL,1.444105070250458,1.3411764705882354
211,0,upfront,GPS halb (0),mitte-EL,2.7805092780712446,4.429029189189189
212,0,upfront,GPS hea (1),EL,1.2926351162139458,1.2526315789473683
213,0,upfront,GPS halb (0),mitte-EL,2.7006773465218794,3.2521553846153846
214,0,upfront,GPS halb (0),mitte-EL,0.731433218734982,0.7981450602409638
215,0,upfront,GPS hea (1),EL,0.9421888790820829,0.874074074074074
216,0,upfront,GPS hea (1),mitte-EL,1.2213438735177866,1.1305311111111112
217,0,puudub,GPS hea (1),EL,,
218,0,upfront,GPS hea (1),EL,1.1779725609756098,1.202547770700637
219,0,upfront,GPS hea (1),EL,1.1298453954738965,1.206451612903226
220,0,upfront,GPS hea (1),EL,1.493598233995585,1.2724137931034483
221,0,upfront,GPS halb (0),mitte-EL,1.8962397179788484,1.9706488
222,0,upfront,GPS hea (1),EL,2.196663501966635,2.0622950819672132
223,0,upfront,GPS hea (1),EL,2.0161863976192205,1.8958333333333333
224,0,upfront,GPS hea (1),mitte-EL,0.0,0.6
225,1,upfront,GPS hea (1),mitte-EL,1.9705618840394215,1.9576799999999999
226,0,upfront,GPS hea (1),mitte-EL,1.0671197960917587,1.0
227,0,upfront,GPS hea (1),EL,2.378260869565217,2.0374999999999996
228,0,upfront,GPS hea (1),mitte-EL,4.036998163211756,3.45358
229,0,upfront,GPS hea (1),EL,1.3835125448028673,1.2108108108108109
230,0,upfront,GPS hea (1),EL,1.9008480104370515,1.6720930232558142
231,0,upfront,GPS hea (1),EL,0.9746575342465753,0.9468749999999999
232,0,upfront,GPS halb (0),mitte-EL,0.0,0.375
233,0,upfront_destination_changed,GPS halb (0),mitte-EL,1.8077578857630008,
234,0,upfront,GPS hea (1),mitte-EL,2.101551480959097,2.0635714285714286
235,0,upfront,GPS hea (1),mitte-EL,0.6421454314182743,0.881368
236,0,upfront,GPS hea (1),EL,0.9159828057835092,0.8974358974358975
237,0,upfront,GPS hea (1),EL,2.0,1.8104166666666666
238,0,upfront,GPS hea (1),EL,1.3607011070110702,1.362162162162162
239,0,upfront,GPS hea (1),EL,1.9495747266099634,1.5388888888888888
240,0,upfront,GPS hea (1),mitte-EL,1.0406333038086804,1.11042
241,0,upfront,GPS hea (1),EL,2.006564245810056,1.9192982456140348
242,0,upfront,GPS hea (1),mitte-EL,0.9708195002621003,1.3431811764705883
243,0,upfront,GPS hea (1),mitte-EL,0.8926446385618433,0.9368618181818181
244,0,upfront,GPS hea (1),mitte-EL,0.7356102318210447,0.42765628458498023
245,0,upfront,GPS hea (1),EL,1.9132874266768682,3.344444444444444
246,0,upfront,GPS hea (1),EL,2.1485953099605295,1.8575
247,0,upfront,GPS halb (0),mitte-EL,1.4247644059941296,2.1037481081081078
248,0,upfront,GPS halb (0),mitte-EL,2.381421183681287,2.5346972151898735
249,1,upfront,GPS hea (1),mitte-EL,1.0455412494039102,1.142926153846154
250,0,upfront,GPS hea (1),EL,1.335978835978836,1.2938775510204081
251,0,upfront,GPS hea (1),mitte-EL,0.06187541638907395,0.375
252,0,upfront,GPS hea (1),EL,1.0282296650717704,1.0
253,0,upfront,GPS hea (1),EL,2.2799479166666665,1.0
254,0,upfront,GPS hea (1),EL,1.0163311504567871,0.9887640449438203
255,0,upfront,GPS hea (1),EL,1.4445072013555493,1.461111111111111
256,0,upfront,GPS hea (1),EL,1.0092394624312768,1.0247191011235954
257,0,upfront,GPS hea (1),mitte-EL,1.2388200219676762,1.296773
258,0,upfront,GPS halb (0),mitte-EL,4.056297156123041,2.8141700000000003
259,0,upfront,GPS hea (1),mitte-EL,0.0019485580670303975,0.2857142857142857
260,0,upfront,GPS hea (1),EL,1.329847144006436,1.2260869565217392
261,0,upfront,GPS halb (0),mitte-EL,6.347790169351508,3.1075550000000005
262,0,upfront_destination_changed,GPS hea (1),EL,2.1624195624195623,
263,0,upfront_destination_changed,GPS hea (1),EL,2.0837465564738293,
264,0,upfront,GPS hea (1),EL,1.0078104660244729,0.9473684210526316
265,0,upfront,GPS hea (1),mitte-EL,0.982462212991808,1.0187666666666668
266,0,upfront,GPS hea (1),EL,0.7357512953367875,0.7435897435897436
267,0,upfront,GPS hea (1),mitte-EL,0.5882573391630231,0.7140886956521739
268,0,upfront_destination_changed,GPS halb (0),EL,2.3741575838256095,
269,0,upfront,GPS hea (1),mitte-EL,0.0005351409204423831,0.25
270,0,upfront,GPS hea (1),mitte-EL,1.0396620879736482,1.124032463768116
271,0,upfront,GPS hea (1),EL,1.020178858060078,1.4426666666666668
272,0,upfront,GPS hea (1),EL,1.0225838829939777,1.0063063063063062
273,0,upfront,GPS hea (1),EL,0.12410139992432842,0.6756756756756757
274,0,upfront,GPS hea (1),EL,1.071336405529954,1.1816666666666666
275,0,upfront_destination_changed,GPS hea (1),EL,1.0233162662465538,
276,0,upfront_destination_changed,GPS hea (1),EL,2.433580579905597,
277,0,upfront_destination_changed,GPS halb (0),mitte-EL,1.185412026726058,
278,0,upfront_destination_changed,GPS hea (1),EL,1.0439160239931449,
279,0,upfront,GPS hea (1),EL,1.0163750874737578,1.0605263157894738
280,0,upfront,GPS halb (0),mitte-EL,5.092539039907461,4.8616525
281,0,upfront,GPS hea (1),EL,1.4515475846109342,1.2609929078014186
282,0,upfront,GPS hea (1),EL,1.6976664378860673,2.0575
283,0,upfront,GPS hea (1),EL,1.020060648472125,0.9774193548387096
284,0,upfront,GPS halb (0),EL,0.22647110179849833,
285,0,upfront,GPS halb (0),mitte-EL,2.092297476759628,2.061028235294118
286,0,upfront,GPS hea (1),mitte-EL,0.29522503428500185,0.37638181818181815
287,0,upfront,GPS hea (1),mitte-EL,1.1094849423022797,1.1278261538461538
288,0,upfront,GPS hea (1),mitte-EL,0.8552344997821983,0.88935
289,0,upfront,GPS hea (1),mitte-EL,0.832486503651953,0.9860533333333333
290,0,upfront,GPS halb (0),mitte-EL,1.3951557093425606,1.3033666666666666
291,0,upfront,GPS halb (0),EL,0.8119735258724429,0.9214285714285715
292,0,upfront,GPS hea (1),EL,1.05463474524248,1.0709677419354837
293,0,upfront,GPS hea (1),mitte-EL,0.0,1.0
294,0,upfront,GPS halb (0),mitte-EL,0.7712985350590243,0.771122
295,0,upfront,GPS halb (0),mitte-EL,0.5013230013230013,0.57264
296,0,upfront,GPS hea (1),mitte-EL,0.6500736377025037,0.74466
297,0,upfront,GPS halb (0),mitte-EL,2.328787242971045,2.709125
298,0,upfront,GPS halb (0),EL,1.0669850112747048,1.0272727272727273
299,0,upfront,GPS hea (1),mitte-EL,0.7719060960293691,0.831168888888889
300,0,upfront,GPS hea (1),EL,0.8680019305019305,0.9368421052631579
301,0,upfront,GPS hea (1),mitte-EL,0.011487716105550501,0.5454545454545454
302,0,upfront,GPS halb (0),EL,0.0012077294685990338,0.27472527472527475
303,0,upfront,GPS hea (1),EL,0.9523981247746124,0.9744360902255639
304,0,upfront,GPS halb (0),mitte-EL,1.0334830543078808,1.0648556756756757
305,0,upfront,GPS halb (0),mitte-EL,2.760533019792279,3.2627717241379313
306,0,upfront,GPS hea (1),EL,1.0579451239063717,1.0477707006369428
307,0,upfront,GPS hea (1),EL,1.0319358008516213,1.0316455696202531
308,1,upfront,GPS halb (0),mitte-EL,1.8028599831765695,2.624698285714286
309,0,upfront,GPS hea (1),EL,1.050078247261346,0.9519230769230769
310,0,upfront,GPS hea (1),EL,1.6365905848787448,1.7652173913043478
311,0,upfront,GPS hea (1),EL,1.0681695025468734,1.2911764705882354
312,0,upfront,GPS hea (1),mitte-EL,1.0559814841602777,1.0539718181818183
313,1,upfront_destination_changed,GPS halb (0),mitte-EL,16.489227709645345,
314,0,upfront,GPS halb (0),EL,1.3857848358671443,1.3754716981132076
315,0,upfront,GPS hea (1),EL,0.7358613217768147,0.8911111111111111
316,0,upfront,GPS hea (1),EL,0.7834350652573073,0.8480582524271844
317,0,upfront,GPS hea (1),EL,1.1014138118542687,1.1009174311926606
318,0,upfront,GPS hea (1),EL,2.059328452411007,1.476
319,1,upfront,GPS halb (0),mitte-EL,3.655103668261563,3.6123561904761905
320,0,upfront,GPS hea (1),EL,1.277393576148763,1.288679245283019
321,0,upfront,GPS halb (0),EL,0.1946734305643627,
322,0,upfront,GPS hea (1),EL,1.2119236143455985,1.1591836734693877
323,0,upfront,GPS hea (1),mitte-EL,1.0250379911715755,1.1623654054054053
324,0,upfront,GPS hea (1),EL,1.3194052324487107,1.2564102564102566
325,0,upfront,GPS hea (1),EL,0.7589463220675944,1.0
326,0,upfront,GPS hea (1),EL,0.8569762015865608,0.8633333333333333
327,0,upfront,GPS hea (1),EL,1.0051155740810913,1.0244444444444445
328,0,upfront,GPS hea (1),mitte-EL,0.8820963205326904,0.9778701960784313
329,0,upfront,GPS hea (1),EL,0.9948293691830403,0.947887323943662
330,0,upfront,GPS hea (1),EL,1.6620193388801439,1.6
331,1,upfront,GPS hea (1),mitte-EL,1.3964953964953966,1.5171744827586207
332,0,upfront,GPS hea (1),EL,1.0192704748795596,1.4833333333333334
333,0,upfront,GPS halb (0),EL,1.1103185136031852,1.0971014492753624
334,0,upfront,GPS halb (0),mitte-EL,0.6113646240764885,0.7130333333333333
335,0,upfront,GPS hea (1),EL,4.6670953222954505,4.9732142857142865
336,0,upfront,GPS hea (1),EL,1.4021739130434783,1.2384615384615385
337,0,upfront,GPS hea (1),mitte-EL,2.398998591769676,2.3440285714285714
338,0,upfront,GPS hea (1),mitte-EL,0.33841626538255754,1.0
339,0,upfront,GPS hea (1),mitte-EL,0.8727954971857411,1.0
340,0,upfront,GPS halb (0),mitte-EL,0.2501805366995003,0.19542174757281552
341,0,upfront,GPS hea (1),EL,1.0180014695077149,1.0454545454545456
342,0,upfront,GPS hea (1),mitte-EL,1.19955204778157,1.1537123076923077
343,0,upfront,GPS hea (1),EL,0.9951356407857811,0.9214285714285715
344,0,upfront,GPS hea (1),EL,1.4286583510800122,1.2571428571428573
345,1,upfront,GPS hea (1),mitte-EL,0.9214953271028037,1.0
346,0,upfront,GPS hea (1),mitte-EL,0.9970629028310354,1.0727745454545454
347,0,upfront,GPS halb (0),mitte-EL,2.423624358033749,2.539499047619048
348,0,upfront,GPS hea (1),mitte-EL,0.9802176063303659,1.0
349,0,upfront,GPS hea (1),mitte-EL,0.19340463458110516,1.0
350,0,upfront,GPS hea (1),EL,0.8338504936530324,0.8986842105263159
351,0,upfront,GPS hea (1),EL,0.9978513107004727,0.9162790697674419
352,0,upfront,GPS hea (1),EL,1.1502844810672945,1.2428571428571427
353,0,upfront,GPS hea (1),EL,1.0442046641141665,1.1071428571428572
354,0,upfront,GPS halb (0),mitte-EL,0.08051761322789361,1.0
355,0,upfront,GPS hea (1),EL,1.4170383586083855,1.2775
356,1,upfront,GPS halb (0),mitte-EL,7.249455676516329,8.43321925925926
357,0,upfront,GPS hea (1),EL,1.023802856342761,1.0171428571428571
358,0,upfront,GPS hea (1),mitte-EL,1.09958776307225,1.1912
359,0,upfront,GPS halb (0),mitte-EL,1.2755453501722158,1.0
360,0,upfront,GPS hea (1),EL,1.2789571694599629,1.223076923076923
361,0,upfront,GPS hea (1),mitte-EL,0.28658381942683236,0.7062491666666666
362,1,upfront,GPS hea (1),mitte-EL,1.2483306836248014,1.4196788235294118
363,0,upfront,GPS hea (1),mitte-EL,0.0,0.75
364,0,upfront,GPS hea (1),EL,1.268987341772152,1.5580645161290323
365,0,upfront,GPS hea (1),mitte-EL,0.1464088397790055,0.5
366,1,upfront,GPS hea (1),mitte-EL,0.9744720788362271,0.9193333333333333
367,0,upfront,GPS hea (1),EL,0.0,0.4901960784313726
368,0,upfront,GPS hea (1),EL,1.1522446324007807,0.9700000000000001
369,0,upfront,GPS hea (1),EL,0.5217895608947805,0.5907407407407407
370,0,upfront,GPS hea (1),EL,1.0173460537727668,1.028205128205128
371,0,upfront,GPS hea (1),EL,0.9124561631380699,0.8661971830985916
372,0,upfront,GPS hea (1),EL,1.8066273263731276,1.3777777777777778
373,0,upfront,GPS hea (1),EL,1.1583529838563396,1.0372549019607844
374,0,upfront,GPS hea (1),mitte-EL,0.24769263790512985,0.75
375,0,upfront,GPS hea (1),mitte-EL,0.5898717845335054,0.7523823529411765
376,1,upfront,GPS halb (0),mitte-EL,1.612066876665859,1.5527600000000001
377,0,upfront,GPS hea (1),mitte-EL,0.9583196586806695,1.0
378,0,upfront,GPS hea (1),EL,1.222107863318238,1.2358490566037736
379,0,upfront,GPS halb (0),mitte-EL,0.2791027351567712,0.3838275
380,0,upfront,GPS hea (1),EL,1.2396773311457479,1.2355555555555555
381,0,upfront,GPS hea (1),EL,1.5857732732732732,1.4189189189189189
382,0,upfront,GPS hea (1),EL,1.0445,1.064516129032258
383,0,upfront,GPS hea (1),EL,1.007026397515528,1.016030534351145
384,0,upfront,GPS hea (1),EL,1.4772530704030444,1.2170731707317075
385,0,upfront,GPS hea (1),EL,1.063080684596577,0.994
386,0,upfront,GPS hea (1),EL,0.9938104448742746,0.9783333333333334
387,0,upfront,GPS hea (1),EL,1.0007197242319785,0.9554973821989529
388,0,upfront,GPS hea (1),mitte-EL,0.5673618940248027,0.6455576470588235
389,0,upfront,GPS hea (1),mitte-EL,0.9653961885656971,0.9554117647058824
390,0,upfront,GPS hea (1),EL,0.9645676872713268,1.0178947368421052
391,0,upfront,GPS hea (1),EL,0.5642304814168122,0.6985507246376812
392,0,upfront,GPS hea (1),EL,0.8347904057386236,0.9285714285714285
393,0,upfront,GPS halb (0),EL,1.1938118070122865,1.1602484472049688
394,0,upfront,GPS hea (1),EL,1.0016027781487913,0.9703703703703703
395,0,upfront,GPS hea (1),EL,0.929392186385609,0.9089887640449438
396,0,upfront,GPS hea (1),EL,1.2952773153421537,1.217741935483871
397,0,upfront,GPS hea (1),mitte-EL,1.101685393258427,1.4864682352941176
398,0,upfront,GPS halb (0),mitte-EL,2.2239049014818435,2.2642622222222224
399,0,upfront,GPS hea (1),mitte-EL,0.21683108516206967,0.75
400,0,upfront,GPS hea (1),EL,1.0787027473662467,1.2091954022988507
401,1,upfront,GPS halb (0),mitte-EL,1.1359820089955022,1.1048848780487805
402,0,upfront,GPS hea (1),mitte-EL,0.7843353557639272,0.8771255555555556
403,0,upfront,GPS hea (1),EL,1.0552887072049055,1.2234042553191489
404,0,upfront,GPS hea (1),mitte-EL,1.2693642235626967,1.5357358490566038
405,1,upfront,GPS halb (0),mitte-EL,0.8537581699346405,1.2108730434782609
406,0,upfront,GPS hea (1),EL,1.0525598432575176,0.9553571428571429
407,0,upfront,GPS hea (1),EL,1.0012961762799741,0.9435897435897437
408,0,upfront,GPS hea (1),mitte-EL,1.10088621056363,1.3643035
409,0,upfront,GPS hea (1),EL,1.2422541131259757,1.319090909090909
410,0,upfront,GPS hea (1),EL,0.9537094441000207,1.0113636363636362
411,0,upfront,GPS hea (1),EL,0.9747982756714934,1.0529411764705883
412,0,upfront,GPS hea (1),EL,1.0198599799971424,0.9225
413,0,upfront,GPS hea (1),mitte-EL,1.0062684015576029,1.045122857142857
414,0,upfront,GPS hea (1),EL,1.410066225165563,1.1390243902439026
415,0,upfront,GPS hea (1),EL,0.9990707759021217,0.9921568627450981
416,1,upfront,GPS halb (0),mitte-EL,2.0968122786304604,1.6797323076923076
417,0,upfront,GPS hea (1),EL,1.5085170340681362,1.245
418,0,upfront_destination_changed,GPS halb (0),mitte-EL,0.5648897885739991,
419,0,upfront,GPS hea (1),mitte-EL,1.168733076813453,1.225326
420,0,upfront_destination_changed,GPS hea (1),EL,0.4214182723817014,
421,0,upfront,GPS hea (1),EL,0.9617983367983368,0.9825
422,0,upfront,GPS halb (0),mitte-EL,1.714831401475237,1.4721895652173913
423,0,upfront,GPS hea (1),EL,1.5200927357032457,1.2
424,0,upfront,GPS hea (1),EL,1.0511182108626198,0.9660377358490566
425,0,upfront,GPS hea (1),mitte-EL,0.7038010159397443,0.6972777777777778
426,0,upfront,GPS hea (1),EL,2.2895263509006005,1.8030303030303032
427,0,upfront_destination_changed,GPS halb (0),mitte-EL,22.896900269541778,
428,0,upfront,GPS hea (1),mitte-EL,1.0030606110291305,1.0260416666666667
429,0,upfront,GPS hea (1),mitte-EL,1.0814038508408481,1.4105704000000001
430,0,upfront,GPS hea (1),mitte-EL,0.2725850606179116,1.0
431,0,upfront,GPS hea (1),EL,1.0411515940143137,1.1795918367346938
432,0,upfront,GPS hea (1),EL,1.0788107597923549,1.16
433,0,upfront,GPS hea (1),mitte-EL,0.28187556357078447,0.75
434,0,upfront,GPS halb (0),mitte-EL,0.042688312234512346,0.16216216216216217
435,0,upfront,GPS hea (1),mitte-EL,0.8905698436712053,1.1570178947368421
436,0,upfront,GPS hea (1),EL,1.3860095389507154,1.402439024390244
437,0,upfront,GPS hea (1),mitte-EL,1.2465105636488445,1.7376227027027027
438,0,upfront,GPS hea (1),mitte-EL,0.0003824091778202677,0.75
439,0,upfront_waypoint_changed,GPS hea (1),EL,0.9618814088274632,
440,0,upfront,GPS hea (1),EL,1.3879105188005711,1.473469387755102
441,0,upfront,GPS hea (1),EL,1.0398927945572622,1.2113636363636362
442,0,upfront,GPS hea (1),mitte-EL,1.1016207455429499,1.1804000000000001
443,0,upfront,GPS hea (1),EL,0.0512656328164082,0.1316831683168317
444,0,upfront,GPS hea (1),EL,0.9927272727272727,1.2215686274509805
445,0,upfront,GPS halb (0),EL,0.8358108487126269,1.131297709923664
446,0,upfront,GPS hea (1),EL,0.9801553062985332,0.978
447,0,upfront,GPS hea (1),EL,0.011444728692608052,0.3472222222222222
448,0,upfront,GPS hea (1),mitte-EL,1.0499770747363595,1.0
449,0,upfront,GPS halb (0),mitte-EL,1.1671847546965806,1.0798963636363637
450,1,upfront,GPS halb (0),mitte-EL,1.540564263322884,1.5593792000000002
451,0,upfront,GPS hea (1),EL,0.0,0.6578947368421053
452,0,upfront,GPS hea (1),EL,1.0575122603655818,1.0069767441860467
453,0,upfront,GPS hea (1),EL,0.785386683536296,0.8555555555555555
454,0,upfront,GPS halb (0),mitte-EL,1.9281465395146822,1.94974875
455,0,upfront,GPS hea (1),EL,1.0507380073800738,0.9592592592592591
456,0,upfront,GPS hea (1),EL,1.2800866653535552,1.25
457,0,upfront,GPS halb (0),mitte-EL,2.0260019083969465,1.7656816
458,0,upfront,GPS hea (1),mitte-EL,0.9135093761959434,1.0152909090909092
459,0,upfront_destination_changed,GPS hea (1),mitte-EL,0.4430974224552206,
460,0,puudub,GPS hea (1),EL,,
461,0,upfront,GPS halb (0),mitte-EL,1.045616818722729,1.1127430769230768
462,0,upfront,GPS hea (1),mitte-EL,0.9895125553914328,1.0266884210526317
463,0,upfront,GPS hea (1),mitte-EL,1.1447619047619049,1.153
464,0,upfront,GPS hea (1),EL,1.1611662279813728,1.1681818181818182
465,0,upfront,GPS hea (1),mitte-EL,1.0375854214123006,1.0
466,0,upfront,GPS hea (1),mitte-EL,0.4492258194248944,0.6310503703703704
467,0,upfront,GPS halb (0),mitte-EL,1.1669962250584218,1.2388285714285714
468,0,upfront,GPS hea (1),EL,1.0049913729356668,0.9612403100775194
469,0,upfront,GPS hea (1),EL,1.002230400356864,0.7593406593406594
470,0,upfront,GPS hea (1),EL,1.014049439800818,1.2794871794871796
471,0,upfront,GPS hea (1),EL,1.0036400559419123,1.0071129707112971
472,0,upfront,GPS hea (1),EL,1.1501412792191112,1.2454545454545454
473,0,upfront,GPS hea (1),mitte-EL,0.9663638595629757,1.0120971428571428
474,0,upfront,GPS hea (1),EL,1.0587539432176656,1.0866666666666667
475,0,upfront,GPS hea (1),EL,1.0738487002239314,1.2022727272727274
476,0,upfront,GPS hea (1),EL,0.8698278809985182,0.930188679245283
477,0,upfront,GPS hea (1),EL,1.1225806451612903,1.0
478,0,upfront,GPS hea (1),EL,0.17797947908445147,0.9259259259259258
479,0,upfront,GPS hea (1),EL,1.0862597218948857,0.9641025641025641
480,0,upfront,GPS hea (1),EL,1.3537564766839378,1.2398058252427184
481,0,upfront,GPS hea (1),EL,2.0252808988764044,1.672
482,0,upfront,GPS hea (1),EL,0.9480886082005646,0.9472868217054263
483,0,upfront,GPS hea (1),EL,1.0218607015760042,0.9769230769230769
484,0,upfront,GPS hea (1),EL,0.8140511645666285,0.8403846153846154
485,0,upfront,GPS hea (1),EL,0.391662741403674,0.6097560975609757
486,0,upfront,GPS hea (1),mitte-EL,0.9993965907376678,0.9819563636363636
487,0,upfront,GPS halb (0),mitte-EL,0.054267794892033164,0.03997602739726027
488,0,upfront,GPS halb (0),mitte-EL,2.2692613975711726,2.4163107142857143
489,0,upfront,GPS hea (1),EL,1.2111553784860558,1.225
490,0,upfront,GPS halb (0),mitte-EL,3.3916773133783535,3.048875
491,0,upfront,GPS hea (1),EL,0.7829341317365269,0.9259259259259258
492,0,upfront,GPS hea (1),mitte-EL,0.0,0.21052631578947367
493,0,upfront,GPS hea (1),EL,0.9981580966999233,0.9607142857142857
494,0,upfront,GPS hea (1),mitte-EL,2.832252485948984,2.40997
495,0,upfront_waypoint_changed,GPS hea (1),EL,1.0037637963481003,
496,0,upfront,GPS hea (1),EL,1.3820671378091873,1.3379310344827586
497,0,upfront,GPS hea (1),mitte-EL,1.5150862068965518,1.515150769230769
498,0,upfront,GPS halb (0),mitte-EL,1.7481302243730752,1.6050016666666667
499,0,upfront,GPS hea (1),EL,1.3104175453395193,1.2052631578947368
500,0,upfront,GPS hea (1),EL,1.0447093114037371,0.9992700729927008
501,0,upfront,GPS hea (1),EL,1.0716839470861637,1.0266666666666666
502,0,upfront,GPS hea (1),mitte-EL,1.3940766550522647,1.2765799999999998
503,0,upfront,GPS hea (1),EL,1.2180712423979148,0.9848484848484849
504,0,upfront,GPS halb (0),mitte-EL,0.07658290046328795,0.2
505,0,upfront,GPS hea (1),EL,1.1253672869735554,1.225
506,0,upfront,GPS hea (1),mitte-EL,0.9068781117462659,0.966185
507,0,upfront,GPS halb (0),mitte-EL,0.7095796281325788,0.7553742857142857
508,1,upfront,GPS halb (0),mitte-EL,0.03651825912956478,0.375
509,0,upfront,GPS hea (1),mitte-EL,0.0,0.375
510,1,upfront,GPS halb (0),mitte-EL,4.08425925925926,2.7607549999999996
511,0,upfront,GPS hea (1),mitte-EL,1.0466772151898733,1.0436
512,0,upfront,GPS hea (1),mitte-EL,1.1113068545803972,1.2191933333333334
513,0,upfront,GPS halb (0),mitte-EL,1.8168578993821711,1.2489516666666667
514,0,upfront,GPS hea (1),mitte-EL,1.7866857551896922,1.0
515,0,upfront,GPS hea (1),mitte-EL,0.8903159517081942,1.01338
516,0,upfront,GPS hea (1),mitte-EL,1.5239151092809629,1.5662084210526315
517,0,upfront,GPS hea (1),mitte-EL,1.055595667870036,1.0764816666666668
518,0,upfront,GPS hea (1),EL,0.25184145913714484,0.7692307692307692
519,0,upfront,GPS hea (1),mitte-EL,1.0642042158189906,1.1678475000000001
520,0,upfront,GPS hea (1),EL,1.1874192506459949,1.1826086956521742
521,0,upfront,GPS hea (1),EL,1.017017984915877,0.9625
522,1,upfront,GPS halb (0),mitte-EL,0.8070620993528449,0.7664981949458484
523,0,upfront,GPS halb (0),mitte-EL,2.777215189873418,3.2433324444444445
524,0,upfront,GPS hea (1),EL,1.195604152860614,1.1108108108108108
525,0,upfront,GPS halb (0),mitte-EL,1.4913544668587897,1.2686057142857143
526,0,upfront,GPS hea (1),EL,0.7163198247535597,0.9615384615384615
527,0,upfront,GPS hea (1),EL,0.6291866028708134,0.7858490566037736
528,0,upfront,GPS hea (1),EL,0.715888954518606,1.034
529,0,upfront,GPS hea (1),EL,0.9579203291565364,0.9076335877862596
530,0,upfront,GPS hea (1),mitte-EL,1.092773535198586,1.1229525581395348
531,0,upfront,GPS hea (1),mitte-EL,1.2797804208600183,1.367656551724138
532,0,upfront,GPS hea (1),mitte-EL,1.106641366223909,1.6745725714285715
533,0,upfront,GPS hea (1),mitte-EL,2.023880597014925,1.0
534,0,upfront,GPS hea (1),EL,1.462406015037594,0.9895833333333334
535,0,upfront,GPS hea (1),mitte-EL,1.8666666666666667,1.09671
536,1,upfront,GPS halb (0),mitte-EL,1.588180807706558,1.33212
537,0,upfront,GPS hea (1),EL,0.9477185421156189,0.9
538,0,upfront,GPS hea (1),EL,1.001732101616628,1.2317460317460318
539,0,upfront,GPS hea (1),EL,0.9841226138032305,0.8938144329896908
540,0,upfront,GPS hea (1),EL,1.0545454545454545,1.0474358974358975
541,0,upfront,GPS hea (1),EL,0.9571273337943298,0.740952380952381
542,0,upfront,GPS hea (1),mitte-EL,0.8848009650180941,1.0
543,0,upfront,GPS hea (1),EL,1.1637233579817312,1.0959183673469388
544,0,upfront,GPS hea (1),EL,1.634623217922607,1.465217391304348
545,0,upfront,GPS hea (1),EL,0.7906585707613265,0.8883720930232558
546,0,upfront,GPS hea (1),EL,0.9902485058194401,0.9704545454545452
547,0,upfront,GPS hea (1),EL,1.1340883668903803,1.1683098591549297
548,0,upfront,GPS hea (1),EL,1.0466737064413938,0.9673469387755101
549,0,upfront,GPS hea (1),mitte-EL,1.6117580232888384,1.9640181818181819
550,0,upfront,GPS hea (1),EL,0.9009803921568628,0.8928571428571428
551,0,upfront,GPS hea (1),EL,0.9828129475794901,0.985
552,0,upfront,GPS hea (1),EL,1.0209689081706435,0.9514018691588786
553,0,upfront,GPS hea (1),mitte-EL,1.0632002298190175,1.0723200000000002
554,1,upfront,GPS hea (1),mitte-EL,0.24728910126814924,0.36363636363636365
555,0,upfront,GPS hea (1),EL,1.0031120331950207,0.9862745098039217
556,0,upfront,GPS hea (1),mitte-EL,0.7495872317006054,0.9929414285714286
557,0,upfront,GPS hea (1),mitte-EL,0.851860119047619,1.1293842105263157
558,0,upfront,GPS hea (1),mitte-EL,0.9684943956376856,0.9401553846153846
559,0,upfront,GPS hea (1),EL,0.9997856836690956,0.9270833333333334
560,0,upfront,GPS hea (1),EL,0.9974588235294117,0.9480000000000001
561,1,upfront,GPS hea (1),mitte-EL,1.264117338920901,1.284497777777778
562,0,upfront,GPS hea (1),mitte-EL,1.0166727075027184,1.1612682352941177
563,0,upfront,GPS halb (0),mitte-EL,0.0,0.2222222222222222
564,0,upfront,GPS hea (1),mitte-EL,1.0406645569620254,1.458008275862069
565,0,upfront,GPS hea (1),EL,1.7695932972595567,1.450980392156863
566,0,upfront,GPS hea (1),mitte-EL,1.1758567379541356,1.3375199999999998
567,0,upfront,GPS hea (1),mitte-EL,1.1412156032657998,1.2112755555555554
568,0,upfront,GPS hea (1),mitte-EL,0.03225806451612903,0.8
569,0,upfront_destination_changed,GPS hea (1),EL,2.6787878787878787,
570,0,upfront,GPS hea (1),mitte-EL,0.1185851886941418,0.631578947368421
571,0,upfront,GPS hea (1),EL,1.4729200858477465,1.253030303030303
572,0,upfront,GPS hea (1),EL,1.065500406834825,1.1116279069767443
573,0,upfront,GPS hea (1),mitte-EL,0.0,1.0
574,1,upfront,GPS hea (1),mitte-EL,0.9961981164980817,0.9884893989071039
575,0,upfront,GPS halb (0),mitte-EL,1.2391917601522011,1.5608348717948717
576,0,upfront,GPS hea (1),EL,0.47543859649122805,0.9615384615384615
577,0,upfront,GPS hea (1),EL,1.0550183848563257,1.028888888888889
578,0,upfront,GPS hea (1),EL,1.060169070114371,1.236
579,0,upfront,GPS halb (0),mitte-EL,1.4263931992983403,1.2485063157894736
580,0,upfront,GPS hea (1),EL,0.9773937506279514,0.9584
581,0,upfront,GPS hea (1),EL,1.1535582135788658,1.1471830985915492
582,0,upfront,GPS hea (1),mitte-EL,1.027742924857103,1.1550505263157895
583,0,upfront,GPS hea (1),mitte-EL,0.9560233038902461,1.0911466666666667
584,0,upfront,GPS hea (1),EL,0.9611951882033372,1.4045454545454543
585,0,upfront,GPS hea (1),EL,1.0272400442477876,0.9966666666666667
586,0,upfront,GPS hea (1),mitte-EL,0.9651990508832059,0.952945945945946
587,0,upfront,GPS hea (1),EL,1.1211376116711744,1.1035294117647059
588,0,upfront,GPS hea (1),mitte-EL,0.9579948484248069,0.9555115
589,0,upfront,GPS hea (1),EL,0.945322376738306,0.9764705882352941
590,0,upfront,GPS hea (1),EL,0.7783794899917741,0.792
591,0,upfront,GPS hea (1),EL,1.0176346108629204,1.003076923076923
592,0,upfront,GPS hea (1),EL,0.9884131971720346,0.9714285714285714
593,0,upfront,GPS halb (0),EL,1.210609659540776,
594,0,upfront,GPS hea (1),EL,1.1326189753156046,1.138118811881188
595,0,upfront,GPS hea (1),mitte-EL,1.2175438596491228,1.2628733333333333
596,0,upfront,GPS hea (1),mitte-EL,0.8795268425841675,0.88398
597,0,upfront,GPS hea (1),EL,0.511088056023862,0.5419753086419753
598,0,upfront_destination_changed,GPS hea (1),EL,2.557127312295974,
599,0,upfront,GPS hea (1),EL,0.9714385231626611,0.9946428571428573
600,0,upfront,GPS hea (1),EL,0.8581810840819623,0.9381578947368422
601,0,upfront,GPS hea (1),EL,0.9750504759157773,0.9646808510638298
602,0,upfront,GPS hea (1),EL,0.7711035509249415,0.8658823529411765
603,0,upfront,GPS hea (1),EL,1.3343249752089532,1.2249999999999999
604,0,upfront,GPS hea (1),EL,0.39902989507028314,0.4653333333333334
605,0,upfront,GPS hea (1),EL,0.9848373685497677,0.9888888888888889
606,0,upfront,GPS halb (0),mitte-EL,1.0217808482057187,0.9990177777777778
607,0,upfront,GPS hea (1),mitte-EL,3.377986348122867,2.20283
608,0,upfront_destination_changed,GPS halb (0),EL,3.2222222222222223,
609,0,upfront,GPS halb (0),EL,1.7748070253943393,1.9602272727272725
610,0,upfront,GPS hea (1),EL,0.8912181303116147,1.0
611,0,upfront,GPS hea (1),EL,0.9993768361078964,1.0
612,0,upfront,GPS hea (1),EL,0.9760028537146934,0.9596439169139466
613,0,upfront,GPS hea (1),EL,0.972875226039783,0.9895833333333334
614,0,upfront,GPS hea (1),EL,0.9429463992107859,0.8855421686746987
615,0,upfront,GPS hea (1),EL,1.6133843822286034,1.7057692307692305
616,1,upfront,GPS halb (0),mitte-EL,2.4642415008094467,2.7712192592592593
617,0,upfront,GPS hea (1),EL,0.9888589306608333,0.9779527559055119
618,0,upfront,GPS hea (1),EL,2.4925634295713035,1.6916666666666667
619,0,upfront,GPS hea (1),EL,2.107538311630791,1.9576923076923076
620,0,upfront,GPS hea (1),EL,0.9909083440589315,1.0061290322580645
621,0,upfront,GPS hea (1),EL,0.0,0.3738317757009346
622,0,upfront,GPS hea (1),mitte-EL,1.1292041771696075,1.1613964705882354
623,0,upfront,GPS hea (1),EL,1.2922756883998467,1.218279569892473
624,0,upfront,GPS hea (1),EL,1.011453744493392,1.0206896551724138
625,0,upfront,GPS hea (1),mitte-EL,1.0304878048780488,1.0779504
626,0,upfront,GPS hea (1),EL,0.9973738659875856,0.9738636363636363
627,0,upfront,GPS hea (1),EL,1.0544982698961938,1.0307692307692309
628,0,upfront,GPS hea (1),EL,1.0150784077201447,1.0
629,0,upfront,GPS hea (1),EL,1.3936446173800259,1.3123076923076922
630,0,upfront_destination_changed,GPS hea (1),EL,2.1997907949790796,
631,0,upfront,GPS hea (1),EL,0.9659856781802865,0.9456
632,0,upfront,GPS hea (1),mitte-EL,1.0393856126259424,1.0958333333333334
633,0,upfront,GPS hea (1),EL,1.00990099009901,0.9803278688524591
634,0,upfront,GPS halb (0),EL,0.950485591466327,0.9271186440677966
635,0,upfront,GPS hea (1),mitte-EL,0.9078571428571428,1.0
636,0,upfront,GPS hea (1),mitte-EL,0.4305895137190981,0.9230769230769231
637,0,upfront,GPS halb (0),mitte-EL,0.9776269792309275,0.983397808219178
638,0,upfront,GPS hea (1),mitte-EL,1.4451567453328638,1.6656205405405404
639,0,upfront,GPS hea (1),mitte-EL,0.15399330463892874,0.5
640,0,upfront,GPS hea (1),mitte-EL,0.6557166321502536,0.7827933333333333
641,1,upfront,GPS halb (0),mitte-EL,0.8020252421485178,0.8238121428571429
642,1,upfront,GPS halb (0),mitte-EL,0.6758738694695673,0.9162825
643,0,upfront,GPS hea (1),EL,1.440234134319162,1.2921052631578949
644,0,upfront,GPS halb (0),mitte-EL,1.0668449197860963,0.9646213333333333
645,0,upfront,GPS hea (1),EL,1.0715210355987055,1.0514925373134327
646,0,upfront_destination_changed,GPS hea (1),EL,1.1100692118776512,
647,1,upfront,GPS hea (1),mitte-EL,0.6624846464291981,0.7704088372093023
648,1,upfront,GPS hea (1),mitte-EL,0.4381283836040217,1.0
649,0,upfront,GPS halb (0),mitte-EL,5.948036560595802,5.125734736842106
650,0,upfront,GPS hea (1),mitte-EL,1.1682184978274364,1.2859527272727271
651,0,upfront,GPS halb (0),mitte-EL,2.0311180798456157,2.0601666666666665
652,0,upfront,GPS hea (1),EL,1.6794978039280684,1.5172185430463576
653,0,upfront,GPS halb (0),mitte-EL,1.646508791543856,1.6494118811881189
654,0,upfront,GPS hea (1),EL,1.0985690077198267,1.1222222222222222
655,1,upfront,GPS halb (0),mitte-EL,3.664211975223675,6.675100512820513
656,0,upfront,GPS hea (1),EL,16.040238450074515,3.012
657,0,upfront,GPS hea (1),EL,1.079248963667398,1.2342857142857144
658,0,upfront,GPS hea (1),mitte-EL,0.00370919881305638,0.6
659,0,upfront,GPS halb (0),mitte-EL,1.0450478384124735,1.3592727272727272
660,0,upfront,GPS hea (1),mitte-EL,0.44195804195804195,1.0
661,0,upfront,GPS hea (1),mitte-EL,0.003994533795858299,0.46153846153846156
662,0,upfront,GPS hea (1),EL,1.5179327873482067,1.3710526315789475
663,0,upfront,GPS hea (1),mitte-EL,1.3352988870052334,1.4458879012345678
664,0,upfront,GPS hea (1),mitte-EL,1.0509720633883353,1.0737466666666666
665,0,upfront,GPS halb (0),mitte-EL,1.3712275924665305,1.534099230769231
666,0,upfront,GPS hea (1),EL,1.0306406685236769,1.4531914893617022
667,0,upfront,GPS hea (1),EL,0.999634579244101,0.971875
668,0,upfront,GPS hea (1),EL,1.0716411986505259,1.0065217391304349
669,0,upfront,GPS halb (0),EL,0.5986025951803793,
670,0,upfront,GPS hea (1),EL,0.8960765997197572,0.9075
671,0,upfront,GPS hea (1),EL,1.1625337589000737,1.1067415730337078
672,0,upfront,GPS halb (0),mitte-EL,1.2213181448331978,1.0
673,0,upfront,GPS hea (1),mitte-EL,1.245866998135488,1.272673043478261
674,0,upfront,GPS hea (1),mitte-EL,1.5580632716049383,2.08584
675,1,upfront,GPS hea (1),mitte-EL,1.1547029702970297,1.2578175
676,0,upfront,GPS hea (1),mitte-EL,0.6686320754716981,1.0
677,0,upfront,GPS hea (1),EL,1.032302405498282,1.0175
678,0,upfront,GPS hea (1),EL,1.0202844485894147,1.0264705882352942
679,0,upfront,GPS hea (1),EL,0.9954458511704163,0.927710843373494
680,0,upfront,GPS hea (1),EL,1.3796690307328605,1.3379310344827586
681,0,upfront,GPS hea (1),mitte-EL,1.4484153742414025,1.0
682,0,upfront,GPS hea (1),mitte-EL,0.6868369351669941,1.0
683,0,upfront_destination_changed,GPS halb (0),EL,1.081867798665858,
684,0,upfront,GPS hea (1),EL,0.9811382113821138,0.9032258064516128
685,0,upfront,GPS halb (0),EL,1.151471436814772,1.2
686,1,upfront,GPS halb (0),mitte-EL,1.819259491357251,2.0379615094339623
687,0,upfront,GPS hea (1),EL,1.4293338807348865,1.2606557377049181
688,0,upfront,GPS hea (1),mitte-EL,1.365281273382763,1.6223180487804876
689,0,upfront,GPS hea (1),mitte-EL,0.0164336521952416,0.9230769230769231
690,1,upfront,GPS halb (0),mitte-EL,6.375424688561721,5.152463333333333
691,0,upfront,GPS hea (1),EL,0.9947137442649112,0.9157894736842106
692,0,upfront,GPS hea (1),EL,0.9147526501766784,0.93625
693,0,upfront,GPS halb (0),mitte-EL,0.9598886368323366,0.9338057142857143
694,1,upfront,GPS hea (1),mitte-EL,1.2763466042154568,1.0
695,0,upfront,GPS hea (1),EL,1.0052696078431373,0.973015873015873
696,0,upfront,GPS hea (1),EL,3.9805774278215225,3.5232558139534884
697,0,upfront,GPS hea (1),mitte-EL,1.4956055734190783,1.604922857142857
698,0,upfront,GPS halb (0),mitte-EL,1.1512540390829358,1.2345780952380951
699,0,upfront,GPS hea (1),EL,0.0,0.46511627906976744
700,0,upfront,GPS hea (1),mitte-EL,1.0156957928802588,1.0169133333333333
701,0,upfront,GPS hea (1),EL,1.3473009613014544,1.218918918918919
702,0,upfront,GPS hea (1),EL,1.0092391740981763,0.9932584269662921
703,0,upfront,GPS hea (1),mitte-EL,0.294007946160707,0.4705890909090909
704,0,upfront,GPS halb (0),mitte-EL,0.9537715807426468,0.9438196000000001
705,0,upfront,GPS hea (1),EL,1.0980036297640654,0.9684210526315791
706,0,upfront,GPS hea (1),mitte-EL,0.9921186833565137,1.0233666666666665
707,0,upfront,GPS halb (0),mitte-EL,0.0,0.6
708,0,upfront_destination_changed,GPS hea (1),EL,0.7627118644067796,
709,1,upfront,GPS hea (1),mitte-EL,1.025647288715193,0.9817753846153846
710,0,upfront,GPS halb (0),mitte-EL,0.11451718852638494,0.4444444444444444
711,0,upfront_destination_changed,GPS hea (1),EL,3.0307486631016043,
712,0,upfront,GPS hea (1),mitte-EL,0.9376861966236345,0.8853586666666666
713,0,upfront,GPS hea (1),EL,1.245645419452029,1.2586206896551724
714,0,upfront,GPS hea (1),mitte-EL,1.000708516366728,0.9955333333333333
715,0,upfront,GPS hea (1),mitte-EL,0.9617875647668394,0.904416
716,0,upfront,GPS halb (0),mitte-EL,0.8112458193979933,0.8042
717,0,upfront,GPS hea (1),EL,0.9758094074526573,1.0623853211009173
718,0,upfront,GPS hea (1),EL,1.0356735910246297,1.0469135802469136
719,0,upfront,GPS hea (1),mitte-EL,3.0783702429585036,5.0892224
720,0,upfront,GPS halb (0),EL,2.232111692844677,2.0533333333333332
721,0,upfront_destination_changed,GPS hea (1),EL,1.095359151882302,
722,0,upfront,GPS hea (1),mitte-EL,1.1524035352446649,1.188613142857143
723,0,upfront,GPS hea (1),EL,1.0490101066039041,1.0296874999999999
724,0,upfront,GPS hea (1),EL,1.0043971506463811,1.0217948717948717
725,0,upfront,GPS hea (1),EL,1.014827890556046,0.9945945945945945
726,0,upfront,GPS hea (1),EL,0.9948405253283302,0.9619047619047618
727,0,upfront,GPS hea (1),EL,1.007480694980695,1.0525
728,0,upfront,GPS hea (1),EL,1.0007271216370623,1.006896551724138
729,0,upfront,GPS hea (1),EL,0.9849123150778877,0.9821917808219178
730,0,upfront,GPS hea (1),EL,1.0015781167806417,0.9821428571428572
731,0,upfront_destination_changed,GPS hea (1),EL,1.0801453301987605,
732,0,upfront,GPS hea (1),mitte-EL,0.06733493135759425,0.8571428571428571
733,0,upfront,GPS hea (1),EL,0.9879853734981717,0.9760000000000001
734,0,upfront,GPS halb (0),EL,1.2707056419927707,1.2408163265306122
735,0,upfront,GPS hea (1),EL,1.0041433738901677,0.9803921568627452
736,0,upfront,GPS hea (1),EL,0.9585492227979274,1.010483870967742
737,0,upfront,GPS hea (1),EL,0.8076195281947773,0.85
738,0,upfront,GPS hea (1),EL,1.00629779577148,0.9457446808510639
739,0,upfront,GPS hea (1),EL,1.01819363222872,1.0586206896551724
740,0,upfront,GPS hea (1),EL,1.613041055173695,1.4540540540540539
741,0,upfront_destination_changed,GPS hea (1),mitte-EL,2.1373186593296647,
742,0,upfront,GPS halb (0),mitte-EL,1.0441612846919184,1.01634
743,0,upfront,GPS hea (1),EL,1.0882969170906913,1.115492957746479
744,0,upfront,GPS hea (1),EL,0.921875,0.91875
745,0,upfront,GPS hea (1),EL,0.3024151207560378,0.4807692307692307
746,0,upfront,GPS hea (1),mitte-EL,1.001923076923077,1.0055533333333333
747,0,upfront,GPS hea (1),EL,0.857195470030384,0.7953125
748,0,upfront,GPS hea (1),EL,1.2092568448500651,1.3696969696969696
749,0,upfront,GPS hea (1),EL,0.9365284974093264,0.9848484848484849
750,0,upfront,GPS halb (0),mitte-EL,1.316600616468516,1.4306767164179104
751,0,upfront,GPS hea (1),mitte-EL,0.19835534512833292,0.96
752,0,upfront,GPS hea (1),EL,0.9661576557985968,1.0071428571428571
753,0,upfront,GPS hea (1),mitte-EL,0.03812482349618752,1.0
754,0,upfront_destination_changed,GPS hea (1),EL,1.0714483522569924,
755,0,upfront,GPS hea (1),EL,0.9933774834437086,0.8585365853658538
756,0,upfront,GPS hea (1),EL,0.012812089356110381,0.29069767441860467
757,0,upfront,GPS hea (1),mitte-EL,0.9652161862527716,0.9995999999999999
758,0,upfront,GPS hea (1),mitte-EL,1.2427257651138248,1.2661066666666665
759,0,upfront,GPS hea (1),mitte-EL,1.4343767602800355,1.82775625
760,0,upfront,GPS hea (1),EL,0.8495699881376038,0.8977272727272727
761,0,upfront,GPS hea (1),mitte-EL,2.1379803761242844,1.976495238095238
762,0,upfront,GPS hea (1),EL,0.9878491399715954,0.99
763,0,upfront,GPS hea (1),EL,1.48868778280543,1.0
764,0,upfront,GPS hea (1),mitte-EL,0.9970129439097245,1.0414587878787878
765,0,upfront,GPS hea (1),mitte-EL,1.0229976209357652,1.0
766,0,upfront,GPS hea (1),EL,1.0016595980084824,1.0815315315315317
767,0,upfront,GPS hea (1),EL,1.1868264923114178,1.2116666666666667
768,0,upfront,GPS hea (1),mitte-EL,1.1009483022330988,1.0882715207373272
769,1,upfront,GPS halb (0),mitte-EL,1.7470739137405804,1.5333633333333334
770,0,upfront,GPS hea (1),EL,0.06320123520329388,0.20186335403726707
771,1,upfront,GPS halb (0),mitte-EL,2.502996404314822,2.7880266666666667
772,0,upfront,GPS hea (1),EL,1.5252315415909288,1.3028571428571427
773,0,upfront,GPS hea (1),mitte-EL,0.3568300607430428,0.975932380952381
774,0,upfront,GPS halb (0),mitte-EL,0.9647124869676799,0.9621627777777778
775,0,upfront,GPS hea (1),mitte-EL,1.1079463364293085,1.1328639999999999
776,0,upfront,GPS halb (0),mitte-EL,0.5203994641334795,0.5824008333333334
777,0,upfront,GPS hea (1),mitte-EL,1.0744695998860885,1.0983915789473684
778,1,upfront,GPS halb (0),mitte-EL,4.019708512752567,3.6617533333333334
779,0,upfront,GPS hea (1),mitte-EL,1.2044056906837999,1.1465571428571428
780,0,upfront,GPS hea (1),mitte-EL,0.33719698385991154,0.4055619512195122
781,1,upfront,GPS hea (1),mitte-EL,0.8706844941129515,0.92655625
782,0,upfront,GPS hea (1),mitte-EL,0.24834437086092714,0.9230769230769231
783,0,upfront,GPS hea (1),EL,0.985,0.7788888888888889
784,0,upfront,GPS hea (1),EL,1.0173637907084427,1.0014492753623188
785,1,upfront,GPS hea (1),mitte-EL,0.7378833874175652,0.8877984
786,0,upfront,GPS hea (1),EL,0.9955212739487435,1.0321428571428573
787,0,upfront,GPS hea (1),EL,1.0813074751889284,0.8774509803921569
788,0,upfront,GPS hea (1),EL,0.9150009703085581,0.8999999999999999
789,0,upfront,GPS hea (1),mitte-EL,0.013083735909822867,0.8571428571428571
790,0,upfront,GPS hea (1),mitte-EL,1.2346352461997236,1.3459286486486486
791,1,upfront,GPS hea (1),mitte-EL,1.3577954171034896,1.3371536842105263
792,0,upfront,GPS hea (1),mitte-EL,0.8862199747155499,0.9582276923076922
793,0,upfront,GPS halb (0),mitte-EL,0.773696682464455,0.8706866666666667
794,0,upfront,GPS halb (0),mitte-EL,0.0,0.46153846153846156
795,0,upfront,GPS hea (1),EL,1.1302957633892885,1.6484848484848487
796,0,upfront,GPS hea (1),mitte-EL,1.044264737178123,1.071216
797,0,upfront,GPS hea (1),mitte-EL,1.696549793547484,2.018219024390244
798,0,upfront,GPS hea (1),EL,0.8344713046687581,0.8881818181818182
799,0,upfront,GPS hea (1),EL,0.6851996867658575,0.8333333333333334
800,0,upfront,GPS hea (1),EL,0.576608784473953,0.9615384615384615
801,0,upfront,GPS hea (1),EL,1.0088308018368068,1.06
802,0,upfront,GPS hea (1),EL,0.9226804123711341,0.984
803,0,upfront,GPS hea (1),EL,1.0494820569737329,1.339240506329114
804,0,upfront_destination_changed,GPS hea (1),EL,1.366163819972572,
805,0,upfront,GPS hea (1),mitte-EL,0.0281817360672026,0.42857142857142855
806,0,upfront,GPS hea (1),EL,1.735093547823046,1.5725
807,0,upfront,GPS hea (1),EL,0.8635529267795228,0.8811320754716981
808,0,upfront,GPS hea (1),EL,1.1093715052560948,1.6527777777777777
809,0,upfront,GPS hea (1),EL,1.001609363569861,1.0
810,0,upfront,GPS hea (1),EL,1.0300396591004979,1.2534883720930232
811,0,upfront,GPS hea (1),mitte-EL,0.6744649079143853,0.7502721739130435
812,0,upfront,GPS hea (1),EL,1.1198338071287994,1.0844827586206898
813,0,upfront,GPS hea (1),mitte-EL,1.1735836627140974,1.35542
814,0,upfront,GPS hea (1),EL,0.8620367486764248,1.0885714285714285
815,0,upfront,GPS hea (1),mitte-EL,0.41291688724192693,0.8571428571428571
816,0,upfront,GPS hea (1),mitte-EL,1.0015151515151515,0.9985714285714286
817,0,upfront,GPS halb (0),mitte-EL,2.6914535666218034,1.7115799999999999
818,0,upfront,GPS hea (1),EL,0.9882105943152455,0.9701149425287356
819,0,upfront,GPS hea (1),EL,0.9263578807064312,0.9897435897435898
820,0,upfront,GPS halb (0),mitte-EL,1.0569036949353174,1.0925125
821,0,upfront,GPS halb (0),mitte-EL,0.9728555304740406,0.9902848979591836
822,0,upfront,GPS hea (1),EL,0.0017555409260478386,0.6097560975609757
823,0,upfront,GPS hea (1),EL,1.5232044198895027,1.284
824,0,upfront,GPS hea (1),EL,1.452787895769123,1.238888888888889
825,1,upfront,GPS hea (1),mitte-EL,0.5251490312965723,0.75
826,0,upfront,GPS hea (1),EL,0.8263707571801566,0.923076923076923
827,0,upfront,GPS halb (0),mitte-EL,1.151123024309086,1.0789296551724137
828,0,upfront,GPS hea (1),mitte-EL,0.15660551398995592,0.46153846153846156
829,0,upfront,GPS hea (1),EL,1.0011241217798594,0.9760416666666666
830,0,upfront,GPS hea (1),EL,0.9426798101496897,0.7257425742574257
831,0,upfront,GPS hea (1),EL,1.025197072072072,1.3130434782608695
832,0,upfront,GPS hea (1),EL,1.008621736490589,0.9683453237410072
833,0,upfront,GPS hea (1),mitte-EL,0.9863664029214851,1.0138278260869567
834,0,puudub,GPS hea (1),EL,,
835,0,upfront,GPS hea (1),EL,1.038702543309989,1.0666666666666667
836,0,upfront,GPS hea (1),mitte-EL,1.1063417335918029,1.2023936842105263
837,0,upfront,GPS halb (0),EL,1.4001959469911824,1.4305019305019304
838,0,upfront,GPS hea (1),EL,1.6141732283464567,1.34
839,0,upfront,GPS hea (1),mitte-EL,1.1347424042272127,1.101236
840,0,upfront,GPS halb (0),mitte-EL,1.581434599156118,1.871031111111111
841,1,upfront,GPS halb (0),mitte-EL,2.548436218812229,2.8507290909090908
842,1,upfront,GPS hea (1),mitte-EL,0.5957703927492447,0.75
843,0,upfront,GPS hea (1),EL,1.0282388857088343,1.1029411764705883
844,0,puudub,GPS halb (0),EL,,
845,1,upfront,GPS hea (1),mitte-EL,0.4959349593495935,0.5580748387096774
846,0,upfront,GPS halb (0),mitte-EL,0.013976945244956773,0.34285714285714286
847,0,upfront,GPS hea (1),EL,1.013919129082426,1.0231707317073173
848,0,upfront,GPS hea (1),mitte-EL,0.5662285136501517,0.6441720000000001
849,0,upfront,GPS hea (1),EL,1.6516342573438147,1.417142857142857
850,0,upfront_destination_changed,GPS hea (1),EL,1.0066072018500165,
851,0,upfront,GPS hea (1),mitte-EL,0.07901794924695688,0.75
852,0,upfront,GPS hea (1),mitte-EL,0.9983123041067267,1.1964836363636364
853,0,upfront,GPS hea (1),EL,1.2502304147465437,1.2342857142857144
854,0,upfront,GPS hea (1),EL,2.173,1.036
855,0,upfront,GPS hea (1),EL,1.5283216783216784,1.6443298969072166
856,0,upfront,GPS hea (1),EL,1.0256704980842912,1.2755102040816326
857,0,upfront,GPS hea (1),EL,1.011070110701107,1.0242857142857142
858,0,upfront,GPS halb (0),mitte-EL,1.7674087496764173,1.855656
859,0,upfront,GPS hea (1),EL,1.3595976529756915,1.2858490566037737
860,0,upfront,GPS hea (1),EL,3.4015510555794917,2.6382978723404253
861,0,puudub,GPS hea (1),EL,,
862,0,upfront,GPS hea (1),EL,1.0980274955170353,1.2529411764705882
863,0,upfront_destination_changed,GPS hea (1),EL,1.2501285347043702,
864,1,upfront,GPS hea (1),mitte-EL,1.4085089619854245,2.298536
865,0,upfront,GPS hea (1),mitte-EL,0.9495976281236764,1.0
866,0,upfront,GPS hea (1),EL,1.1806282722513088,1.217948717948718
867,0,upfront,GPS hea (1),EL,0.9520114355727997,0.9022222222222221
868,0,upfront,GPS hea (1),mitte-EL,0.08290743895513912,0.5714285714285714
869,0,upfront,GPS halb (0),mitte-EL,4.138170974155069,2.18693
870,0,upfront,GPS hea (1),mitte-EL,1.1692068429237947,1.264578947368421
871,0,upfront,GPS hea (1),EL,0.9466510903426791,0.9473684210526316
872,0,upfront,GPS hea (1),EL,1.240225928867708,1.3066265060240962
873,0,upfront,GPS halb (0),mitte-EL,1.0965498796469644,1.0538733333333332
874,0,upfront,GPS halb (0),mitte-EL,0.0,1.0
875,0,upfront,GPS hea (1),mitte-EL,0.052298682284041,0.2727272727272727
876,0,upfront,GPS hea (1),EL,0.851907153522465,0.8795454545454545
877,0,upfront,GPS hea (1),EL,0.8402861749294639,0.8881818181818182
878,0,upfront,GPS hea (1),EL,0.9922038410344172,1.0184357541899443
879,0,upfront,GPS hea (1),mitte-EL,1.186890637847997,1.1934782608695653
880,0,upfront,GPS hea (1),EL,1.0140662194330232,1.023684210526316
881,0,upfront,GPS halb (0),mitte-EL,0.48849270664505673,1.0
882,0,upfront,GPS hea (1),EL,0.7464979665612291,0.7142857142857143
883,0,upfront,GPS hea (1),mitte-EL,1.030241209648386,1.03202
884,0,upfront,GPS hea (1),EL,1.0604534005037782,1.248148148148148
885,0,upfront,GPS halb (0),mitte-EL,1.0825896762904637,1.0622083870967742
886,0,upfront,GPS hea (1),EL,1.002079002079002,1.1150943396226416
887,0,upfront,GPS hea (1),mitte-EL,0.9874983463421088,1.07948
888,0,upfront,GPS halb (0),mitte-EL,2.381597975415763,2.5189344444444446
889,0,upfront,GPS halb (0),mitte-EL,1.025010166734445,1.0951287272727273
890,0,upfront,GPS hea (1),mitte-EL,1.1796314369366783,1.3386756521739132
891,0,upfront_destination_changed,GPS hea (1),EL,1.3296475466482378,
892,0,upfront,GPS hea (1),mitte-EL,0.19457811998716715,0.4444444444444444
893,0,upfront,GPS hea (1),EL,0.9826347778040887,0.9425925925925925
894,0,upfront,GPS hea (1),EL,0.991429931756864,1.0127659574468084
895,0,upfront,GPS halb (0),EL,1.012964213369345,0.9211538461538461
896,0,upfront,GPS hea (1),mitte-EL,1.0973467520585545,1.3775011764705882
897,0,upfront,GPS halb (0),mitte-EL,5.324122685824814,6.422049032258064
898,0,upfront_destination_changed,GPS hea (1),EL,1.4023880076695137,
899,0,upfront,GPS hea (1),EL,2.0427647936350075,1.8833333333333333
900,0,upfront,GPS hea (1),mitte-EL,0.002223552552809373,0.3619047619047619
901,0,upfront,GPS halb (0),mitte-EL,0.0,0.3333333333333333
902,1,upfront,GPS hea (1),mitte-EL,1.2612787157486853,1.43538
903,0,upfront,GPS hea (1),mitte-EL,1.2350833986342773,1.423608888888889
904,0,upfront,GPS hea (1),EL,0.8825984868249414,0.9777777777777777
905,0,upfront,GPS hea (1),EL,0.5732959850606909,0.6695652173913044
906,1,upfront,GPS halb (0),mitte-EL,0.3943217665615142,1.0
907,0,upfront,GPS hea (1),EL,1.3113752122241087,1.2694915254237287
908,0,upfront,GPS hea (1),mitte-EL,0.9742738589211618,1.3011046153846155
909,0,upfront,GPS hea (1),mitte-EL,0.7048346055979644,0.9230769230769231
910,0,upfront,GPS halb (0),mitte-EL,1.0645626927366971,1.3924896296296296
911,0,upfront,GPS hea (1),mitte-EL,0.02101934523809524,0.75
912,0,upfront,GPS hea (1),mitte-EL,1.0974166830999803,1.8387826315789475
913,0,upfront,GPS hea (1),EL,1.5149528881605898,1.6129032258064515
914,0,upfront,GPS hea (1),EL,0.5930564362714014,0.7224719101123595
915,0,upfront,GPS hea (1),EL,1.1824081469648562,0.9969696969696971
916,0,upfront,GPS hea (1),EL,1.5957297043641483,1.2945945945945945
917,0,upfront,GPS hea (1),EL,1.4738805970149254,1.2309523809523808
918,0,upfront_destination_changed,GPS hea (1),EL,1.634074597011413,
919,0,upfront,GPS hea (1),EL,0.9829686723023372,0.9484848484848485
920,0,upfront,GPS hea (1),mitte-EL,1.1045408492217004,1.1555337931034484
921,0,upfront,GPS hea (1),mitte-EL,1.430453191155716,1.6033503333333334
922,0,upfront,GPS hea (1),EL,1.1237956735139065,1.082051282051282
923,0,upfront,GPS halb (0),mitte-EL,0.7369034994697773,0.91872
924,0,upfront,GPS hea (1),mitte-EL,0.8850952621817568,0.9604533333333333
925,0,upfront,GPS hea (1),mitte-EL,0.9861467992403083,1.0238630769230768
926,0,upfront,GPS hea (1),EL,1.1652751746464474,1.5911111111111111
927,0,upfront,GPS halb (0),EL,1.0404364569961488,0.9973684210526317
928,1,upfront,GPS halb (0),mitte-EL,2.2521197007481297,4.78408380952381
929,0,upfront,GPS hea (1),EL,0.34766867800329126,0.512962962962963
930,0,upfront,GPS halb (0),mitte-EL,1.6702463676563486,1.4167073684210525
931,0,upfront,GPS hea (1),mitte-EL,0.015876468029578077,0.48
932,0,upfront,GPS hea (1),mitte-EL,0.7332191414195482,0.7710799999999999
933,1,upfront,GPS hea (1),mitte-EL,0.8214486243683324,0.83345375
934,0,upfront,GPS hea (1),EL,0.9888304862023654,0.9553191489361702
935,0,upfront,GPS hea (1),mitte-EL,0.8842643300474626,1.109262857142857
936,0,upfront,GPS hea (1),EL,1.0072440263812303,0.9557142857142857
937,0,upfront,GPS hea (1),EL,0.00021795989537925023,0.36231884057971014
938,0,upfront,GPS hea (1),EL,1.0595854922279793,1.6580645161290322
939,0,upfront,GPS hea (1),EL,1.0205493387589013,0.9983050847457626
940,0,upfront,GPS hea (1),EL,0.9797853212008936,1.1135593220338982
941,0,upfront,GPS hea (1),EL,0.6978620095543895,0.951
942,0,upfront,GPS halb (0),mitte-EL,2.1499903605166764,2.4560042857142856
943,0,upfront,GPS hea (1),mitte-EL,1.6128568863350692,1.834155
944,0,upfront,GPS halb (0),mitte-EL,1.44509839985286,1.2906225
945,0,upfront,GPS hea (1),mitte-EL,1.031496062992126,1.0
946,0,upfront,GPS hea (1),mitte-EL,1.0982072238333773,1.152212
947,0,upfront,GPS halb (0),mitte-EL,2.0250327810227677,2.284344888888889
948,0,upfront,GPS hea (1),EL,0.9216530348687043,0.9472727272727273
949,0,upfront,GPS hea (1),EL,1.1842209594291,1.4063829787234043
950,0,upfront,GPS hea (1),EL,0.9926852538958973,0.9482758620689656
951,0,upfront,GPS hea (1),EL,1.1120305537873965,0.9113402061855671
952,0,upfront,GPS hea (1),EL,1.4139155129570464,1.372972972972973
953,0,upfront_destination_changed,GPS halb (0),EL,2.091641982471677,
954,0,upfront,GPS hea (1),EL,1.4010800196367206,1.2487179487179487
955,0,upfront,GPS halb (0),mitte-EL,1.1573430834856795,1.3668303703703704
956,0,upfront,GPS hea (1),mitte-EL,1.5133920546467734,1.41545
957,0,upfront,GPS hea (1),mitte-EL,0.8940238566205119,0.8812854545454545
958,0,upfront,GPS hea (1),EL,1.7132832080200502,1.2863636363636364
959,0,upfront,GPS hea (1),EL,0.6696401107351584,0.8060606060606061
960,0,upfront,GPS hea (1),EL,0.7429333333333333,1.0
961,0,upfront,GPS hea (1),mitte-EL,0.7366085578446909,0.6867022641509434
962,0,upfront,GPS halb (0),mitte-EL,0.8491589300487177,0.8811746666666668
963,0,upfront,GPS hea (1),EL,0.9673632725655847,1.2493827160493827
964,1,upfront,GPS halb (0),mitte-EL,2.1492329149232914,1.4658816666666667
965,0,upfront,GPS hea (1),EL,1.668581081081081,1.4266666666666667
966,0,upfront,GPS hea (1),mitte-EL,0.7844185347275582,0.8139226804123711
967,0,upfront,GPS halb (0),mitte-EL,2.7889162561576355,2.1884676923076922
968,0,upfront,GPS halb (0),mitte-EL,1.7904626150058314,1.7332309090909093
969,0,upfront,GPS hea (1),EL,0.9228395061728395,1.1319148936170214
970,0,upfront,GPS hea (1),mitte-EL,0.0,1.0
971,0,upfront,GPS hea (1),mitte-EL,2.2398391497917562,2.3462888888888886
972,0,upfront,GPS hea (1),EL,1.0177854274239817,0.9516483516483517
973,0,upfront,GPS hea (1),mitte-EL,0.9046015712682379,0.867325
974,0,upfront,GPS hea (1),EL,1.0101483216237315,0.9904761904761905
975,0,upfront,GPS hea (1),mitte-EL,0.9201995012468828,1.0
976,0,upfront,GPS hea (1),EL,1.1567227786064351,1.2745762711864406
977,0,upfront,GPS hea (1),EL,1.4338747099767981,1.2714285714285714
978,0,upfront,GPS hea (1),EL,0.758128078817734,1.0015384615384615
979,1,upfront,GPS halb (0),mitte-EL,1.6022795843110962,1.880499024390244
980,0,upfront,GPS halb (0),mitte-EL,0.0,0.22641509433962265
981,0,upfront,GPS hea (1),EL,1.0148849797023005,1.0531249999999999
982,0,upfront,GPS hea (1),mitte-EL,1.4562098647356196,1.562024347826087
983,0,upfront_destination_changed,GPS hea (1),EL,1.1293906810035843,
984,0,upfront,GPS hea (1),EL,0.8295589988081049,0.9394736842105263
985,0,upfront,GPS hea (1),mitte-EL,0.004765089449924762,0.23529411764705882
986,0,upfront,GPS hea (1),EL,1.3786593126856173,1.3754716981132076
987,0,upfront_destination_changed,GPS hea (1),EL,1.472594063473587,
988,0,upfront_destination_changed,GPS hea (1),EL,1.7210106875888058,
989,0,upfront,GPS hea (1),EL,0.9194659776055125,0.9259259259259258
990,0,upfront,GPS hea (1),EL,0.00036264732547597464,0.5102040816326531
991,0,upfront,GPS hea (1),mitte-EL,1.7191943127962086,1.70333
992,0,upfront,GPS hea (1),EL,0.824772605671482,0.8972972972972972
993,0,upfront,GPS hea (1),EL,1.448820395738204,1.3594594594594596
994,0,upfront,GPS hea (1),EL,0.7829257037378865,0.7846153846153846
995,0,upfront_destination_changed,GPS hea (1),EL,0.9900635930047694,
996,0,upfront,GPS hea (1),mitte-EL,2.5740851829634073,3.1561216666666665
997,0,upfront,GPS hea (1),EL,0.862036821253787,0.9462962962962963
998,0,upfront,GPS hea (1),EL,1.2489539748953975,1.2125
999,0,upfront,GPS hea (1),EL,1.0099392600773054,1.084
1000,0,upfront_destination_changed,GPS hea (1),EL,1.2444269603986362,
1001,0,upfront,GPS hea (1),mitte-EL,0.10718126418926993,0.5
1002,0,upfront,GPS hea (1),EL,1.5205072010018785,1.3781818181818182
1003,0,upfront,GPS halb (0),mitte-EL,0.15912504080966372,0.2926829268292683
1004,0,upfront,GPS hea (1),EL,0.9301801801801802,0.9172413793103449
1005,0,upfront,GPS hea (1),mitte-EL,1.0563582870219026,1.1424729999999998
1006,0,upfront,GPS hea (1),EL,1.290564769161811,1.2436363636363637
1007,0,upfront,GPS hea (1),EL,1.0420784188715333,0.9927272727272727
1008,0,upfront,GPS hea (1),mitte-EL,2.025542784163474,2.1904592000000003
1009,0,upfront,GPS hea (1),EL,2.1082478823004904,2.690566037735849
1010,0,upfront,GPS hea (1),EL,0.838130324660373,0.9122807017543859
1011,0,upfront,GPS hea (1),EL,1.548270893371758,1.4250000000000003
1012,0,upfront,GPS hea (1),mitte-EL,0.9577333083972321,0.9683714285714287
1013,0,upfront,GPS hea (1),EL,0.9872592592592593,1.0192307692307692
1014,0,upfront,GPS hea (1),mitte-EL,0.3989051094890511,0.7058823529411765
1015,0,upfront,GPS hea (1),EL,1.0076309399930627,0.994927536231884
1016,0,upfront_destination_changed,GPS halb (0),mitte-EL,3.5784797630799603,
1017,0,upfront,GPS halb (0),mitte-EL,0.5099298682571934,0.5207485
1018,0,upfront,GPS hea (1),mitte-EL,1.0765667832498347,1.141573846153846
1019,0,upfront,GPS hea (1),EL,1.0503252310852447,1.0258620689655173
1020,0,upfront,GPS hea (1),EL,0.9840343874731348,0.9607142857142857
1021,0,upfront,GPS hea (1),mitte-EL,0.08804143126177025,0.5454545454545454
1022,0,upfront,GPS hea (1),mitte-EL,0.993516699410609,1.1577085714285715
1023,0,upfront,GPS hea (1),EL,0.9511743494786083,1.2140845070422535
1024,0,upfront,GPS hea (1),EL,1.2296282732100348,1.584931506849315
1025,1,upfront,GPS halb (0),mitte-EL,1.375799721835883,1.1836504761904763
1026,0,upfront,GPS hea (1),EL,0.603629417382999,1.0
1027,0,upfront,GPS hea (1),EL,0.9987469653066019,0.9978494623655912
1028,0,upfront,GPS hea (1),EL,1.0907560122619921,1.1255033557046978
1029,0,upfront,GPS hea (1),EL,0.9960955443270556,2.2795454545454543
1030,0,upfront,GPS hea (1),EL,1.3338607594936709,1.2651162790697676
1031,0,upfront,GPS hea (1),EL,0.954980381358849,0.9298969072164949
1032,0,upfront,GPS hea (1),mitte-EL,1.0383359363907425,1.1268342857142857
1033,0,upfront,GPS hea (1),EL,0.9824009386166072,0.965546218487395
1034,0,upfront,GPS hea (1),EL,1.036589698046181,1.048148148148148
1035,0,upfront,GPS hea (1),mitte-EL,0.9436260066784522,1.0969335714285715
1036,0,upfront,GPS hea (1),EL,1.2356780698175884,1.2372881355932202
1037,0,upfront,GPS halb (0),EL,1.2618483412322274,1.3220338983050846
1038,0,upfront,GPS hea (1),mitte-EL,0.8535096642929807,1.3164147368421053
1039,0,upfront,GPS hea (1),EL,1.0794573643410852,1.0323529411764705
1040,0,upfront,GPS hea (1),EL,1.1673151750972763,1.296
1041,0,upfront,GPS hea (1),EL,1.0463231036479443,1.19375
1042,0,upfront,GPS hea (1),EL,1.975,1.485
1043,0,upfront,GPS hea (1),EL,0.0034235916588857764,0.5813953488372093
1044,0,upfront,GPS hea (1),mitte-EL,0.0,0.75
1045,0,upfront,GPS hea (1),EL,1.2108461898083216,1.4019607843137256
1046,0,upfront,GPS halb (0),EL,1.325348153826498,1.1746031746031746
1047,0,upfront,GPS hea (1),EL,0.8270999386879215,0.8459459459459459
1048,0,upfront,GPS hea (1),EL,1.1872465904902323,1.3153846153846154
1049,0,upfront,GPS hea (1),EL,0.9799855565872279,0.9634146341463415
1050,0,upfront,GPS hea (1),mitte-EL,1.131743859396384,1.168499393939394
1051,0,upfront,GPS hea (1),EL,0.46382613668859024,0.5681818181818181
1052,0,upfront,GPS halb (0),mitte-EL,1.1905081495685523,1.1781042857142856
1053,0,upfront,GPS hea (1),EL,0.01999444598722577,0.39156626506024095
1054,0,upfront,GPS hea (1),EL,1.3773320895522387,1.3039999999999998
1055,0,upfront,GPS hea (1),mitte-EL,0.23104997192588433,0.8
1056,0,upfront,GPS hea (1),EL,0.9914355628058727,0.9162162162162162
1057,0,upfront,GPS hea (1),EL,1.0719885958660014,1.0166666666666666
1058,1,upfront,GPS hea (1),mitte-EL,0.6651647423261053,1.0
1059,0,upfront,GPS hea (1),EL,1.2617246596066565,1.2811320754716982
1060,0,upfront,GPS hea (1),EL,1.1617479417352754,1.1821428571428572
1061,0,upfront_destination_changed,GPS hea (1),EL,3.33594150846588,
1062,0,upfront,GPS hea (1),EL,1.0410157392779826,1.0187134502923976
1063,0,upfront,GPS hea (1),mitte-EL,1.9068393363010927,2.34328
1064,0,upfront,GPS hea (1),EL,1.014021164021164,0.9675
1065,0,upfront,GPS hea (1),EL,1.369088507265522,1.263157894736842
1066,0,upfront,GPS hea (1),EL,0.986266294227188,0.9633333333333334
1067,0,upfront,GPS halb (0),EL,1.1847736625514402,
1068,0,upfront,GPS halb (0),mitte-EL,1.061376168784464,1.5425353846153846
1069,0,upfront,GPS hea (1),mitte-EL,1.1059907834101383,1.1397447058823529
1070,0,upfront,GPS hea (1),mitte-EL,0.012102448634956376,0.6
1071,0,upfront,GPS hea (1),EL,1.0066640533124265,1.0812499999999998
1072,0,upfront,GPS hea (1),EL,0.0,0.9677419354838709
1073,0,upfront,GPS halb (0),mitte-EL,2.9398170438131923,2.6015057142857145
1074,0,upfront,GPS hea (1),mitte-EL,0.0,0.61892375
1075,0,upfront,GPS hea (1),EL,1.2117990053164123,1.6972972972972973
1076,0,upfront,GPS hea (1),EL,1.0391950743354859,1.363076923076923
1077,0,upfront,GPS hea (1),mitte-EL,1.0569728748613492,1.0661399999999999
1078,0,upfront,GPS hea (1),EL,0.93825,0.9262295081967215
1079,0,upfront,GPS hea (1),EL,1.0223543888433142,1.1727272727272728
1080,0,upfront,GPS halb (0),EL,1.0301455301455302,1.0033333333333332
1081,1,upfront,GPS hea (1),mitte-EL,0.5683265306122449,0.631578947368421
1082,0,upfront,GPS hea (1),EL,0.7251956181533646,0.7352941176470589
1083,0,upfront,GPS hea (1),EL,1.654178674351585,1.2465116279069768
1084,0,upfront,GPS hea (1),EL,1.0255010591494216,1.1663366336633663
1085,0,upfront,GPS hea (1),mitte-EL,0.9397208600528103,1.0501933333333333
1086,0,upfront,GPS halb (0),mitte-EL,0.00043125134766046146,0.3076923076923077
1087,0,upfront,GPS halb (0),mitte-EL,3.2145870186419923,2.572978181818182
1088,0,upfront,GPS hea (1),EL,0.9028356137219908,0.9282608695652174
1089,0,upfront,GPS hea (1),EL,1.4377919320594479,1.4153846153846155
1090,0,upfront,GPS hea (1),EL,1.343253524278362,1.2108695652173915
1091,0,upfront,GPS hea (1),mitte-EL,1.122674710910005,1.652150769230769
1092,1,upfront,GPS halb (0),mitte-EL,2.8098350451291627,2.0581366666666665
1093,0,upfront,GPS hea (1),EL,1.0198105081826012,1.00188679245283
1094,0,upfront,GPS hea (1),EL,0.9939458004997117,0.9573333333333333
1095,0,prediction,GPS halb (0),mitte-EL,0.7662579957356077,
1096,0,upfront,GPS hea (1),EL,1.0068770723320644,0.9641791044776119
1097,0,upfront,GPS hea (1),mitte-EL,1.068929756637168,1.163031
1098,0,upfront,GPS hea (1),mitte-EL,1.1182439428453095,1.1012
1099,0,upfront,GPS hea (1),EL,1.0493714702131536,1.0685714285714287
1100,0,upfront,GPS hea (1),mitte-EL,0.9202549575070822,0.9258247368421052
1101,0,upfront,GPS hea (1),mitte-EL,0.009692473375613258,0.5454545454545454
1102,0,upfront,GPS hea (1),mitte-EL,0.6017548454688318,0.750252
1103,0,upfront,GPS hea (1),EL,1.0412995594713657,0.9615384615384615
1104,0,upfront,GPS hea (1),mitte-EL,1.0838347173188803,1.2093114285714286
1105,1,upfront,GPS hea (1),mitte-EL,0.789227587447172,0.8050755555555555
1106,0,upfront,GPS hea (1),mitte-EL,0.9676362146661205,0.9656242105263159
1107,0,upfront,GPS hea (1),EL,0.9398135577880351,0.9641025641025641
1108,0,upfront,GPS hea (1),EL,1.5317286652078774,1.803921568627451
1109,0,upfront,GPS hea (1),EL,1.8212106992022525,1.335
1110,0,upfront_destination_changed,GPS hea (1),EL,2.6263628378029247,
1111,0,upfront,GPS hea (1),mitte-EL,1.0196565503834107,1.087148
1112,0,puudub,GPS hea (1),EL,,
1113,0,upfront,GPS hea (1),EL,0.9550491649758077,1.0125
1114,0,upfront,GPS hea (1),mitte-EL,0.038629525380957,0.46153846153846156
1115,0,upfront,GPS hea (1),EL,0.9993185689948892,0.9670731707317074
1116,0,upfront,GPS hea (1),EL,0.9941176470588236,0.9212765957446808
1117,0,upfront,GPS hea (1),mitte-EL,0.819323452879285,0.8526992
1118,0,upfront,GPS halb (0),mitte-EL,2.8846153846153846,2.8803325925925924
1119,0,upfront,GPS hea (1),EL,0.863876541138975,0.97125
1120,0,upfront,GPS hea (1),EL,0.39640016743407286,0.6108695652173913
1121,0,upfront,GPS hea (1),mitte-EL,0.005169561621174525,0.8
1122,0,upfront,GPS hea (1),EL,1.1950225142996227,1.0878980891719745
1123,0,upfront,GPS hea (1),EL,0.9496130847696096,0.9856164383561644
1124,0,upfront,GPS hea (1),EL,1.0277070063694267,1.09375
1125,0,upfront,GPS hea (1),mitte-EL,1.049342105263158,1.0
1126,0,upfront,GPS hea (1),mitte-EL,1.2609055594472394,1.610903414634146
1127,0,upfront,GPS hea (1),EL,0.9988595324082874,0.9987654320987654
1128,0,upfront,GPS hea (1),EL,1.464406779661017,1.201818181818182
1129,0,upfront,GPS hea (1),EL,1.014388489208633,1.0195121951219512
1130,0,upfront,GPS hea (1),EL,1.1007797270955166,1.0638297872340425
1131,0,upfront,GPS hea (1),mitte-EL,0.9979511847496882,1.0559296551724138
1132,1,upfront,GPS hea (1),mitte-EL,0.002819548872180451,0.5714285714285714
1133,0,upfront,GPS hea (1),EL,1.1258918770581778,1.0572727272727274
1134,1,upfront,GPS hea (1),mitte-EL,0.6779347071081269,0.6777666666666666
1135,0,upfront,GPS halb (0),mitte-EL,1.4154798349527487,1.7872443902439026
1136,0,upfront,GPS hea (1),EL,1.0054691110768756,0.9921348314606742
1137,0,upfront,GPS hea (1),mitte-EL,0.9722448979591837,0.9359360000000001
1138,0,upfront,GPS hea (1),EL,1.028995756718529,1.0
1139,0,upfront,GPS hea (1),mitte-EL,0.5661739429357168,0.768355
1140,1,upfront,GPS halb (0),mitte-EL,1.1554550110978317,1.08559125
1141,0,upfront,GPS hea (1),EL,0.9868618186008989,0.9914634146341466
1142,0,upfront,GPS halb (0),mitte-EL,0.0,0.2857142857142857
1143,0,upfront,GPS hea (1),EL,0.9795416492256174,1.3
1144,0,upfront,GPS hea (1),EL,0.998683633172444,0.9655172413793103
1145,0,upfront,GPS halb (0),mitte-EL,1.0182523586985275,1.03390375
1146,0,upfront,GPS hea (1),mitte-EL,0.14060157008026816,0.26666666666666666
1147,1,upfront,GPS hea (1),mitte-EL,0.3248979591836735,1.0
1148,0,upfront,GPS halb (0),mitte-EL,0.9917723688721289,1.3338548148148148
1149,0,upfront_destination_changed,GPS hea (1),EL,2743.25,
1150,0,upfront,GPS hea (1),EL,1.3023415977961432,1.356
1151,0,upfront,GPS hea (1),EL,0.866681118577932,1.0148936170212766
1152,0,upfront_destination_changed,GPS hea (1),EL,0.8528356066044508,
1153,0,upfront_destination_changed,GPS hea (1),EL,0.9943696786597088,
1154,0,upfront,GPS halb (0),mitte-EL,1.2731373792909002,1.5364799999999998
1155,0,upfront,GPS hea (1),mitte-EL,1.411791451955138,1.3675777777777778
1156,0,upfront,GPS hea (1),EL,1.0060422960725075,0.9837209302325582
1157,0,upfront_destination_changed,GPS hea (1),EL,1.0106874638937031,
1158,0,upfront,GPS hea (1),EL,1.0763662171753017,0.9859374999999999
1159,0,upfront,GPS hea (1),EL,1.0082179132040627,1.0597560975609757
1160,0,upfront,GPS hea (1),mitte-EL,0.23719048786467273,0.5833930434782609
1161,0,upfront,GPS hea (1),EL,1.0948967889908257,1.0520833333333333
1162,0,upfront,GPS hea (1),EL,0.6903627702455112,1.3166666666666667
1163,0,upfront,GPS halb (0),EL,1.03526806895461,1.1614035087719299
1164,0,upfront,GPS hea (1),mitte-EL,0.0022727272727272726,0.75
1165,0,upfront,GPS hea (1),EL,1.208102180363824,1.216
1166,0,puudub,GPS hea (1),EL,,
1167,0,upfront,GPS hea (1),mitte-EL,0.447445176623096,0.51464
1168,0,upfront,GPS halb (0),mitte-EL,4.331449196404249,4.929338181818181
1169,0,upfront,GPS hea (1),EL,1.2174090168386746,1.6043478260869566
1170,0,upfront,GPS hea (1),mitte-EL,0.12331390507910076,0.25
1171,0,upfront,GPS hea (1),EL,1.790308239478364,1.3672413793103448
1172,0,upfront,GPS hea (1),EL,1.0183753297552989,1.08921568627451
1173,0,upfront,GPS hea (1),EL,1.2853738194015358,1.2275862068965517
1174,0,upfront,GPS hea (1),mitte-EL,1.1374311926605505,1.1876285714285715
1175,0,upfront,GPS hea (1),EL,1.2646897309170786,1.3325581395348838
1176,0,upfront,GPS hea (1),mitte-EL,0.7216212419218881,1.0273076923076923
1177,0,upfront,GPS hea (1),mitte-EL,0.9996320372868882,1.1013218181818183
1178,0,upfront,GPS hea (1),mitte-EL,1.0699133001291274,1.2387670588235296
1179,0,upfront,GPS hea (1),EL,2.065079893475366,1.5925373134328358
1180,0,upfront,GPS hea (1),EL,1.0590922066799886,1.0131147540983607
1181,0,upfront,GPS hea (1),EL,0.7102828797425929,0.6186666666666666
1182,0,upfront,GPS hea (1),EL,0.545515846257586,0.9883720930232559
1183,0,upfront,GPS hea (1),EL,1.0948055271238486,1.192
1184,0,upfront,GPS hea (1),EL,0.9189698492462312,0.8666666666666667
1185,0,upfront,GPS hea (1),EL,0.7148781752203214,1.0
1186,0,upfront,GPS hea (1),mitte-EL,0.9891332809636031,0.9749163636363636
1187,0,upfront,GPS hea (1),mitte-EL,0.21382842509603073,0.6666666666666666
1188,0,upfront,GPS hea (1),mitte-EL,0.6230495753505827,0.7196169230769232
1189,0,upfront,GPS hea (1),EL,0.997926386728875,0.9531914893617022
1190,0,upfront,GPS hea (1),EL,1.3935542442124376,1.25
1191,0,upfront,GPS halb (0),mitte-EL,3.1484708977310096,3.7038399999999996
1192,0,upfront,GPS hea (1),EL,0.1186977562692477,0.3333333333333333
1193,0,upfront,GPS hea (1),EL,0.9995764506565015,0.9114285714285714
1194,0,upfront,GPS hea (1),EL,1.0013474062429824,0.9625
1195,0,upfront,GPS hea (1),mitte-EL,1.3035877513711152,1.537909090909091
1196,0,upfront,GPS hea (1),EL,0.8825,0.8761904761904762
1197,0,upfront,GPS hea (1),EL,0.6798911336752852,0.8108108108108109
1198,0,upfront,GPS hea (1),mitte-EL,1.1377225011410315,1.0625525
1199,0,upfront,GPS hea (1),EL,0.9641007107577401,1.3403508771929824
1200,0,upfront,GPS halb (0),mitte-EL,0.8603896103896104,0.997594375
1201,0,upfront,GPS hea (1),EL,1.158851326790258,1.059090909090909
1202,0,upfront,GPS hea (1),EL,0.8868565455970734,0.9580246913580247
1203,0,upfront,GPS hea (1),EL,1.0209044368600682,0.9929824561403509
1204,0,upfront_destination_changed,GPS hea (1),EL,2.908097165991903,
1205,0,upfront,GPS hea (1),mitte-EL,1.2758855585831064,1.05483
1206,0,upfront,GPS hea (1),EL,1.036093660765277,1.0907692307692307
1207,0,upfront,GPS hea (1),mitte-EL,0.2891878748581618,0.382445625
1208,0,upfront,GPS hea (1),EL,1.015916252737275,1.0134453781512605
1209,0,upfront,GPS hea (1),EL,1.008603031544449,0.96984126984127
1210,0,upfront,GPS hea (1),mitte-EL,0.3252470799640611,0.75
1211,0,upfront,GPS hea (1),mitte-EL,0.8598093725178714,1.03648
1212,0,upfront,GPS hea (1),EL,1.0119073549698685,1.0532608695652175
1213,0,upfront,GPS hea (1),EL,1.0503597122302157,1.0
1214,1,upfront_destination_changed,GPS halb (0),mitte-EL,2.9342252994011977,
1215,0,upfront,GPS hea (1),EL,0.9956408548767937,0.9897196261682244
1216,0,upfront,GPS hea (1),EL,1.0162445910477407,1.028205128205128
1217,0,upfront,GPS hea (1),EL,1.273967264224474,1.03
1218,0,upfront,GPS hea (1),mitte-EL,1.070578580221584,1.082025
1219,0,upfront,GPS hea (1),mitte-EL,1.0028213935230619,1.1729183333333333
1220,0,upfront,GPS hea (1),EL,1.0067731011127237,0.9821428571428572
1221,0,upfront,GPS hea (1),mitte-EL,1.0452280567267151,1.0959693333333334
1222,0,upfront,GPS hea (1),EL,1.2085836909871244,1.1300000000000001
1223,0,upfront,GPS hea (1),EL,0.8395689304595364,1.0567567567567568
1224,0,upfront,GPS hea (1),EL,1.3355580655098058,1.3402298850574714
1225,0,upfront,GPS hea (1),EL,2.053763440860215,1.35
1226,0,upfront,GPS hea (1),EL,0.8156271418779987,1.0454545454545452
1227,0,upfront,GPS hea (1),EL,0.01637380191693291,0.9523809523809523
1228,0,upfront,GPS hea (1),EL,0.9748569092395748,0.9636363636363636
1229,0,upfront,GPS hea (1),EL,0.8571428571428571,0.83125
1230,0,upfront,GPS hea (1),EL,1.031706354427049,1.030188679245283
1231,0,upfront,GPS hea (1),EL,1.1344717182497333,1.2264705882352942
1232,0,upfront,GPS hea (1),mitte-EL,1.2116832279433905,1.1922990476190476
1233,0,upfront,GPS hea (1),mitte-EL,1.338016466500491,1.5883737142857144
1234,0,upfront,GPS hea (1),mitte-EL,1.084546066601067,1.0446530701754386
1235,0,upfront,GPS halb (0),mitte-EL,0.0,0.375
1236,0,upfront,GPS hea (1),EL,0.9941151141093728,1.0535714285714286
1237,0,upfront,GPS halb (0),mitte-EL,1.5771830224384968,1.775851875
1238,0,upfront,GPS hea (1),EL,0.009899356541824781,0.4545454545454546
1239,0,upfront,GPS hea (1),mitte-EL,1.0037495313085865,1.0764437209302327
1240,0,upfront,GPS halb (0),mitte-EL,7.823185988323603,6.5156575000000005
1241,0,upfront,GPS halb (0),mitte-EL,0.7751301877860186,0.8348
1242,0,upfront,GPS hea (1),EL,1.4745067896489878,1.2357142857142858
1243,0,upfront,GPS hea (1),EL,0.9983985358041638,1.5083333333333333
1244,0,upfront,GPS hea (1),EL,1.0596732588134137,1.038888888888889
1245,0,upfront,GPS hea (1),EL,1.208846329229366,1.09
1246,0,upfront,GPS hea (1),EL,1.4601272241172674,1.2591549295774649
1247,0,upfront,GPS halb (0),mitte-EL,0.5619844179651695,0.6064454545454545
1248,0,upfront,GPS hea (1),EL,1.9888448190381756,1.6914893617021276
1249,0,upfront,GPS halb (0),mitte-EL,3.1777711383328353,4.167582
1250,0,upfront_destination_changed,GPS hea (1),EL,2.3666164910520155,
1251,0,upfront,GPS hea (1),mitte-EL,1.200112055280605,1.2438
1252,0,upfront,GPS hea (1),EL,1.0012807741568237,0.9295081967213115
1253,0,upfront_destination_changed,GPS hea (1),EL,4.5035493827160495,
1254,0,upfront,GPS halb (0),mitte-EL,1.495578481945468,1.8166875
1255,0,upfront,GPS hea (1),EL,1.013047138047138,0.9733333333333333
1256,0,upfront,GPS hea (1),EL,0.9533546325878595,0.9333333333333333
1257,0,upfront,GPS hea (1),EL,1.2267585489533221,1.2306451612903224
1258,0,upfront,GPS hea (1),EL,0.9889848169097946,0.976923076923077
1259,0,upfront,GPS hea (1),EL,0.9779920870425322,0.92
1260,0,upfront,GPS hea (1),EL,0.9944444444444445,0.946590909090909
1261,1,upfront,GPS halb (0),mitte-EL,5.047150781643974,3.8153585714285714
1262,0,upfront,GPS halb (0),mitte-EL,1.6356156932073163,3.041886153846154
1263,0,upfront,GPS hea (1),mitte-EL,1.2255724174653888,1.448962
1264,0,upfront,GPS hea (1),EL,0.9155585106382979,1.0
1265,0,upfront,GPS hea (1),EL,0.0035842293906810036,0.6578947368421053
1266,0,upfront,GPS hea (1),EL,1.0320429172103813,0.9491525423728813
1267,0,upfront,GPS hea (1),EL,0.9773828756058158,0.9243902439024391
1268,0,upfront,GPS hea (1),EL,0.9106378307168734,1.0372340425531914
1269,0,upfront,GPS halb (0),mitte-EL,3.109842075578116,4.25155
1270,0,upfront,GPS hea (1),EL,2.0561609388097235,1.2473684210526317
1271,0,upfront,GPS hea (1),EL,1.0250556792873051,1.1693877551020408
1272,0,upfront,GPS hea (1),EL,1.029738190096756,1.191780821917808
1273,0,upfront,GPS hea (1),EL,1.3708517057321885,1.3037735849056604
1274,0,upfront,GPS hea (1),EL,0.822260569456428,1.1625
1275,0,upfront,GPS hea (1),mitte-EL,1.0291333546530221,1.2709701010101009
1276,0,upfront,GPS hea (1),EL,0.9710508922670191,0.9500000000000001
1277,0,upfront,GPS hea (1),EL,1.0976142211133635,1.2093749999999999
1278,0,upfront,GPS hea (1),EL,0.8318163011998345,1.0805555555555555
1279,0,upfront_destination_changed,GPS hea (1),EL,1.0323672806067172,
1280,0,upfront,GPS hea (1),EL,1.1728478309732524,1.1333333333333333
1281,1,upfront,GPS hea (1),mitte-EL,0.9769084956057211,1.1250594117647057
1282,0,upfront,GPS halb (0),mitte-EL,1.4154771566334081,1.6067304918032788
1283,0,upfront,GPS hea (1),mitte-EL,1.22388425698872,1.1390214285714286
1284,0,upfront,GPS hea (1),EL,0.5556432517758485,0.7558823529411766
1285,0,upfront,GPS hea (1),EL,0.11237157534246575,1.37
1286,0,upfront,GPS hea (1),EL,0.6915088576664631,0.7625
1287,0,upfront,GPS hea (1),EL,1.0503536067892503,1.0727272727272728
1288,0,upfront,GPS hea (1),mitte-EL,0.1639574867145983,0.6
1289,0,upfront,GPS hea (1),EL,0.9938532462543219,1.0954545454545455
1290,0,upfront,GPS hea (1),EL,1.2619549359701734,1.093150684931507
1291,0,upfront,GPS hea (1),EL,1.2869649805447472,1.0
1292,0,upfront,GPS hea (1),EL,0.9074507966260543,0.9319148936170212
1293,0,upfront,GPS hea (1),mitte-EL,0.9490839876278848,1.0630707692307693
1294,1,upfront,GPS hea (1),mitte-EL,1.4003215434083602,2.0740025
1295,0,upfront,GPS hea (1),EL,1.0100439422473322,1.3253731343283583
1296,0,upfront,GPS hea (1),EL,1.5984075640706643,2.515
1297,0,upfront,GPS halb (0),mitte-EL,1.1857325305601167,1.8256505263157896
1298,0,upfront,GPS hea (1),EL,1.027605459057072,1.0138888888888888
1299,0,upfront,GPS hea (1),EL,1.1503057611844223,1.248
1300,0,upfront,GPS hea (1),EL,1.0296395193591454,1.053623188405797
1301,0,upfront,GPS hea (1),EL,1.3234024179620034,1.2515151515151515
1302,0,upfront,GPS hea (1),EL,1.0227867015315653,1.0347826086956522
1303,0,upfront,GPS hea (1),mitte-EL,1.0041046200840016,1.3406
1304,0,upfront,GPS hea (1),mitte-EL,0.903281096963761,1.04416
1305,0,upfront,GPS hea (1),EL,1.096769520498334,1.0687499999999999
1306,0,upfront,GPS hea (1),EL,1.5458951387868998,1.3234042553191487
1307,0,upfront,GPS hea (1),EL,1.5233111322549953,2.15
1308,0,upfront,GPS halb (0),mitte-EL,0.5528007346189164,1.002668
1309,0,upfront,GPS halb (0),EL,1.2289625722180357,1.168125
1310,0,upfront,GPS hea (1),EL,0.9364761240850471,0.9063492063492063
1311,0,upfront,GPS hea (1),EL,0.9871220604703248,0.9575757575757576
1312,0,upfront,GPS hea (1),EL,1.3488815675394485,1.2648648648648648
1313,0,upfront,GPS hea (1),EL,0.982793017456359,1.055
1314,0,upfront,GPS hea (1),EL,0.9626865671641791,0.9199999999999999
1315,0,upfront,GPS hea (1),EL,1.0358108108108108,0.9821428571428572
1316,0,upfront,GPS hea (1),EL,1.0142358313188289,0.9767857142857143
1317,0,upfront,GPS hea (1),mitte-EL,0.9933956264370628,0.9887577777777777
1318,0,upfront,GPS hea (1),EL,1.0436870183758151,1.0191011235955056
1319,0,upfront,GPS hea (1),EL,1.2478952291861554,1.2241379310344827
1320,0,upfront,GPS hea (1),EL,0.9719308193932521,0.9185185185185184
1321,0,upfront,GPS hea (1),mitte-EL,1.2528159171257092,1.4781337142857143
1322,0,upfront,GPS hea (1),EL,1.1457017969888295,1.1333333333333335
1323,0,upfront,GPS hea (1),EL,0.9947955390334573,1.0
1324,0,upfront,GPS halb (0),mitte-EL,1.8025159744408945,1.55183125
1325,0,upfront,GPS hea (1),EL,1.0378521126760563,2.1454545454545455
1326,0,upfront,GPS hea (1),mitte-EL,1.1288014311270125,1.0
1327,0,upfront,GPS hea (1),EL,1.00550884314294,0.9863636363636362
1328,0,upfront,GPS hea (1),EL,0.9218620116375728,0.8702702702702703
1329,0,upfront,GPS halb (0),EL,1.3566591422121896,1.864516129032258
1330,0,upfront,GPS hea (1),EL,0.978743961352657,0.926829268292683
1331,0,upfront,GPS halb (0),mitte-EL,1.6247385718553928,1.3617482352941177
1332,0,upfront,GPS hea (1),EL,1.241122565864834,1.1166666666666667
1333,1,upfront,GPS hea (1),mitte-EL,1.4027709054923305,1.3070277419354839
1334,0,upfront,GPS hea (1),mitte-EL,1.0384248417035302,1.0605205970149254
1335,0,upfront,GPS hea (1),mitte-EL,0.9951267056530214,1.0
1336,0,upfront,GPS hea (1),EL,1.2988985507246378,1.2062499999999998
1337,0,upfront,GPS hea (1),mitte-EL,1.988502024291498,1.9998134883720928
1338,0,upfront,GPS hea (1),mitte-EL,1.3738707911305776,1.4571285714285716
1339,0,upfront,GPS hea (1),EL,0.9961547609609134,0.9744966442953019
1340,0,upfront,GPS hea (1),mitte-EL,0.061895392687325794,0.375
1341,0,upfront,GPS hea (1),EL,0.06890459363957598,0.44642857142857145
1342,0,upfront,GPS halb (0),mitte-EL,3.7591877831850984,3.234875
1343,0,upfront,GPS hea (1),mitte-EL,0.9076272564644657,0.920972602739726
1344,0,puudub,GPS hea (1),EL,,
1345,0,upfront,GPS hea (1),EL,1.1576849978542088,1.0883720930232559
1346,0,upfront,GPS hea (1),mitte-EL,0.8982099514563107,1.0431114893617022
1347,0,upfront,GPS halb (0),mitte-EL,1.4099483204134367,1.3804006666666666
1348,0,upfront,GPS hea (1),EL,1.0646698434309054,1.0375
1349,0,puudub,GPS hea (1),EL,,
1350,0,upfront,GPS hea (1),EL,1.4027664768104149,1.2491803278688525
1351,0,upfront,GPS hea (1),EL,1.0890269151138716,1.0235294117647058
1352,0,upfront,GPS hea (1),EL,1.0515073212747632,1.066
1353,0,upfront,GPS hea (1),EL,1.290680473372781,1.2214285714285715
1354,0,upfront,GPS halb (0),mitte-EL,1.0425844346549193,1.063736
1355,0,upfront,GPS hea (1),EL,1.1386061080657792,1.0857142857142856
1356,0,upfront,GPS hea (1),mitte-EL,1.1104611484839622,1.1670514814814814
1357,0,upfront,GPS hea (1),mitte-EL,1.0160992994961289,1.0212400000000001
1358,1,upfront,GPS hea (1),mitte-EL,0.9227117356627421,1.0638319999999999
1359,0,upfront,GPS halb (0),EL,1.7547607988852763,2.056626506024096
1360,0,upfront,GPS hea (1),EL,0.9656536594137745,0.9083333333333334
1361,1,upfront,GPS hea (1),mitte-EL,0.5642039836135048,0.6864442105263158
1362,0,upfront,GPS halb (0),EL,1.0855651384475715,0.911764705882353
1363,0,upfront,GPS hea (1),EL,0.9796566321730951,1.0166666666666666
1364,0,upfront,GPS hea (1),mitte-EL,0.12078827516242527,0.05143363636363636
1365,0,upfront,GPS hea (1),EL,0.7673402512288368,1.0
1366,0,upfront,GPS hea (1),EL,1.3382416818695162,1.3491228070175438
1367,0,upfront,GPS hea (1),EL,0.4194877833382396,0.7575757575757576
1368,0,upfront,GPS hea (1),EL,0.989763779527559,0.9586206896551723
1369,0,upfront,GPS hea (1),EL,0.009834050399508297,0.7575757575757576
1370,0,upfront,GPS hea (1),EL,0.7696563774024461,0.8127272727272726
1371,0,upfront,GPS hea (1),mitte-EL,1.4451369216241738,1.9093155555555554
1372,0,upfront,GPS hea (1),EL,1.0056484410302757,1.0648648648648649
1373,0,upfront,GPS hea (1),EL,1.024524831391784,1.0050000000000001
1374,0,upfront,GPS hea (1),mitte-EL,1.2732256630611942,1.2410510000000001
1375,0,upfront,GPS hea (1),EL,0.9095851792186871,0.9333333333333335
1376,0,upfront,GPS hea (1),EL,0.1462699077954736,0.625
1377,0,upfront,GPS hea (1),EL,0.9602536343952985,0.9425531914893616
1378,0,upfront,GPS hea (1),EL,0.6353235609581694,0.8275862068965517
1379,0,upfront,GPS hea (1),EL,0.9625949736995909,0.9745454545454546
1380,0,upfront,GPS hea (1),EL,2.9597667638483967,5.089230769230769
1381,0,upfront_destination_changed,GPS hea (1),EL,,
1382,0,upfront_destination_changed,GPS hea (1),EL,1.1757353733433897,
1383,0,upfront,GPS hea (1),EL,16.297684210526317,9.912962962962963
1384,0,upfront,GPS hea (1),EL,0.9863247863247864,0.956043956043956
1385,0,upfront,GPS hea (1),EL,1.1307388263910003,1.1189189189189188
1386,0,upfront_destination_changed,GPS hea (1),EL,1.3145766345123258,
1387,0,upfront,GPS hea (1),EL,0.9868402231440423,0.9454545454545455
1388,0,upfront,GPS hea (1),mitte-EL,1.127816151313666,1.197971282051282
1389,0,upfront,GPS hea (1),mitte-EL,1.1713895527483782,0.993
1390,0,upfront,GPS hea (1),EL,1.708885456466954,1.5725925925925925
1391,0,upfront,GPS hea (1),EL,1.007502051342164,0.9816666666666666
1392,0,upfront,GPS hea (1),EL,0.8028552005438477,0.8340425531914893
1393,0,upfront,GPS hea (1),EL,1.1264160401002505,1.272857142857143
1394,0,upfront,GPS hea (1),EL,1.0952002121453195,1.0338461538461539
1395,0,upfront,GPS hea (1),EL,1.0507230499561788,1.08375
1396,0,upfront,GPS hea (1),EL,1.043166613571201,1.006
1397,0,upfront,GPS hea (1),EL,1.0735142562693232,1.0473684210526317
1398,0,upfront,GPS hea (1),EL,1.006925053054842,1.0181818181818183
1399,0,upfront,GPS hea (1),EL,1.390293453724605,1.4067796610169492
1400,0,upfront_destination_changed,GPS hea (1),EL,1.0922071636011617,
1401,0,upfront,GPS hea (1),EL,1.2988670001020721,1.5628205128205128
1402,0,upfront,GPS hea (1),EL,0.9895093608779858,1.0083333333333333
1403,0,upfront,GPS hea (1),EL,0.9967551622418879,1.05
1404,0,upfront,GPS hea (1),EL,0.000640888698995941,0.35714285714285715
1405,0,upfront,GPS hea (1),EL,1.2950907868190988,1.3169811320754718
1406,0,upfront,GPS halb (0),mitte-EL,1.9457221711131554,2.544022857142857
1407,0,upfront,GPS hea (1),mitte-EL,1.056296063979928,1.0608777777777778
1408,0,upfront,GPS hea (1),EL,1.4328904697144054,1.262857142857143
1409,0,upfront,GPS hea (1),EL,0.9702618730581447,0.96
1410,0,upfront,GPS hea (1),EL,3.0910082593112045,3.145882352941176
1411,0,upfront_destination_changed,GPS hea (1),EL,3.7850395711003317,
1412,0,upfront,GPS hea (1),EL,1.3577220077220078,1.3513513513513513
1413,0,upfront,GPS hea (1),EL,1.0723120837297813,0.9259259259259258
1414,0,upfront,GPS hea (1),EL,1.009094975398837,1.4341463414634148
1415,0,upfront,GPS halb (0),mitte-EL,3.607440166493236,2.902643076923077
1416,0,upfront,GPS halb (0),EL,0.9014429621562755,1.2
1417,0,upfront,GPS halb (0),mitte-EL,0.0,0.25
1418,0,upfront,GPS hea (1),EL,1.0106595602931379,1.057446808510638
1419,0,upfront,GPS hea (1),mitte-EL,0.04143579860274633,0.5217391304347826
1420,0,upfront,GPS halb (0),mitte-EL,0.04614009607865043,0.3391304347826087
1421,0,upfront,GPS halb (0),mitte-EL,2.8072778166550036,3.346428888888889
1422,0,upfront,GPS hea (1),EL,1.3708708708708708,1.2885714285714285
1423,0,upfront,GPS hea (1),EL,1.0134474327628362,0.9189189189189189
1424,0,upfront,GPS hea (1),EL,1.060242214532872,1.0678733031674208
1425,0,upfront,GPS hea (1),EL,1.0622202973870363,1.0858585858585859
1426,0,upfront,GPS hea (1),EL,0.9569282136894824,0.925
1427,0,upfront,GPS hea (1),EL,1.0262487257900101,0.9084745762711864
1428,0,upfront,GPS hea (1),EL,0.9555227819607235,0.9085106382978723
1429,0,upfront_destination_changed,GPS hea (1),EL,1.3642648066263934,
1430,0,upfront,GPS hea (1),EL,1.0042750267189169,0.9654545454545453
1431,0,upfront,GPS hea (1),EL,1.6218409151370046,1.4073770491803281
1432,0,upfront,GPS hea (1),EL,1.0007278020378456,1.348
1433,0,upfront,GPS hea (1),EL,1.2089227421109903,1.3630434782608696
1434,1,upfront,GPS hea (1),mitte-EL,0.011004871008479163,0.75
1435,0,upfront,GPS hea (1),mitte-EL,1.4199242824440923,1.6459911764705881
1436,0,upfront,GPS hea (1),mitte-EL,1.510692464358452,1.302452857142857
1437,0,upfront,GPS hea (1),EL,0.9380604058518169,0.937878787878788
1438,0,upfront,GPS hea (1),EL,0.9316939890710383,1.0035714285714286
1439,0,upfront,GPS hea (1),EL,1.4758116534078694,1.4810344827586208
1440,0,upfront_destination_changed,GPS hea (1),EL,1.0724140468350472,
1441,0,upfront,GPS hea (1),EL,0.8383738225086762,0.9230769230769231
1442,0,upfront,GPS hea (1),EL,0.9783729269385926,0.9485714285714285
1443,0,upfront,GPS hea (1),EL,1.742686736722522,1.5792079207920793
1444,0,upfront,GPS hea (1),mitte-EL,2.0571098932794922,2.304238620689655
1445,0,upfront,GPS hea (1),EL,0.14115092290988057,1.0
1446,1,upfront,GPS hea (1),mitte-EL,0.7885906040268457,1.0
1447,0,upfront,GPS hea (1),EL,1.0529612756264237,1.0
1448,0,upfront,GPS hea (1),EL,2.2720757925422084,2.182539682539683
1449,0,upfront,GPS hea (1),mitte-EL,1.3205641318848866,1.2233699999999998
1450,0,upfront,GPS hea (1),EL,1.0329877474081055,0.9765625
1451,0,upfront,GPS hea (1),mitte-EL,0.9391918399372303,1.0
1452,0,upfront,GPS hea (1),mitte-EL,2.318684434363482,2.9850678947368423
1453,0,upfront,GPS halb (0),mitte-EL,0.10181242493722022,0.24489795918367346
1454,0,upfront,GPS hea (1),EL,1.525039460467786,1.4889867841409692
1455,0,upfront,GPS hea (1),mitte-EL,0.9626007522837184,1.0109833333333333
1456,0,upfront,GPS hea (1),EL,1.0144892538034291,1.0264705882352942
1457,0,upfront,GPS hea (1),mitte-EL,0.7948354143019296,1.0
1458,0,upfront,GPS hea (1),EL,0.4978858350951374,1.0
1459,0,puudub,GPS hea (1),EL,,
1460,0,upfront,GPS hea (1),mitte-EL,0.934392523364486,0.9114428571428572
1461,0,upfront,GPS hea (1),EL,1.7636887608069165,1.446875
1462,0,upfront,GPS hea (1),mitte-EL,1.0860438602374087,1.08524
1463,0,upfront_destination_changed,GPS hea (1),EL,2.4335189021232524,
1464,0,upfront,GPS hea (1),EL,0.9776781630225962,1.0152777777777777
1465,0,upfront,GPS hea (1),EL,1.0418268670627986,1.2950704225352114
1466,0,upfront,GPS halb (0),mitte-EL,0.0,0.21818181818181817
1467,0,upfront,GPS hea (1),EL,1.0019550342130987,1.032558139534884
1468,0,upfront,GPS hea (1),mitte-EL,0.5872117400419288,0.8126722222222222
1469,0,upfront,GPS hea (1),EL,0.7610998786898504,0.7843373493975903
1470,0,upfront,GPS hea (1),EL,1.4204355108877722,1.2404761904761905
1471,0,upfront,GPS hea (1),EL,0.9873371924746743,0.9422222222222223
1472,0,upfront,GPS hea (1),mitte-EL,0.9371123611712101,1.0069237837837839
1473,0,upfront,GPS halb (0),mitte-EL,2.5989707543617424,2.7509504347826086
1474,0,upfront,GPS hea (1),EL,0.9702472106760008,0.9289473684210526
1475,0,upfront,GPS hea (1),EL,1.0040182290390551,1.0007936507936508
1476,0,upfront,GPS hea (1),EL,1.4384275972723626,1.1387096774193548
1477,1,upfront,GPS hea (1),mitte-EL,0.3357268662782821,0.6
1478,0,upfront,GPS hea (1),EL,1.4340567612687813,1.2210526315789474
1479,0,upfront,GPS hea (1),mitte-EL,1.1146450472923812,1.1278792307692307
1480,0,upfront,GPS hea (1),mitte-EL,1.0769400352733687,1.1099344
1481,0,upfront,GPS hea (1),EL,0.9288610394397346,0.9391304347826088
1482,0,upfront,GPS halb (0),mitte-EL,2.5377522794795615,2.5255520000000002
1483,0,upfront,GPS hea (1),EL,1.4898267366078526,1.3803030303030304
1484,0,upfront,GPS hea (1),EL,1.0101528105659414,1.0259057971014494
1485,0,upfront,GPS hea (1),EL,0.7074217074217074,0.8620689655172414
1486,0,upfront,GPS hea (1),mitte-EL,0.09189657810189199,0.09007964646464647
1487,1,upfront,GPS hea (1),mitte-EL,1.1616846430405752,1.1569015384615384
1488,0,upfront,GPS hea (1),EL,0.7536796536796537,0.9046511627906978
1489,0,upfront,GPS hea (1),EL,1.3509846827133478,1.1953488372093024
1490,0,upfront,GPS hea (1),EL,0.9112903225806451,0.9259259259259258
1491,0,upfront,GPS hea (1),EL,1.308179723502304,1.3111111111111111
1492,0,upfront,GPS hea (1),EL,1.3440509474992233,1.2818181818181817
1493,0,upfront,GPS hea (1),EL,1.3488832014890646,1.3119402985074626
1494,0,upfront,GPS hea (1),EL,1.0185138854140605,1.101923076923077
1495,0,upfront,GPS hea (1),EL,0.9533768227168073,1.0952380952380951
1496,0,upfront,GPS hea (1),EL,1.68514379377142,1.5643939393939394
1497,0,upfront,GPS hea (1),EL,0.9979084967320262,0.9457142857142857
1498,0,upfront,GPS hea (1),EL,0.7891248682030426,0.8209302325581396
1499,0,upfront,GPS hea (1),EL,0.9621591541457986,0.9980769230769231
1500,0,upfront,GPS hea (1),EL,1.0391122830147221,1.5971428571428572
1501,0,upfront,GPS hea (1),EL,1.3657276537674237,1.2597402597402596
1502,0,upfront,GPS hea (1),EL,1.0266717713118938,0.9704918032786886
1503,0,upfront,GPS halb (0),EL,0.02930161943319838,0.19801980198019803
1504,0,upfront,GPS hea (1),mitte-EL,0.8829697277185862,0.8833835294117647
1505,0,upfront,GPS hea (1),EL,1.0727705742259857,1.1146551724137932
1506,0,upfront,GPS hea (1),EL,0.9959579310886115,1.025
1507,0,upfront,GPS hea (1),EL,0.8663101604278075,0.8709677419354839
1508,0,upfront,GPS hea (1),EL,0.8124932918321348,0.818
1509,0,upfront,GPS hea (1),mitte-EL,1.0216919739696313,1.0
1510,0,upfront,GPS hea (1),EL,0.9913411196133709,0.8883116883116883
1511,0,upfront,GPS hea (1),EL,0.9895113839856741,0.9457142857142857
1512,1,upfront,GPS hea (1),mitte-EL,0.9877175025588536,0.9759272727272726
1513,0,upfront,GPS hea (1),mitte-EL,0.916486902927581,1.08465
1514,0,upfront,GPS halb (0),mitte-EL,2.8861519513509353,3.5600423529411764
1515,0,upfront,GPS halb (0),EL,0.8074074074074075,0.9847826086956523
1516,1,upfront,GPS hea (1),mitte-EL,1.0127786454635808,0.9902400000000001
1517,0,upfront,GPS hea (1),mitte-EL,0.0,1.0
1518,0,upfront,GPS hea (1),EL,0.9747625508819538,0.8614035087719298
1519,0,upfront,GPS hea (1),EL,1.109452736318408,1.12
1520,0,upfront,GPS hea (1),EL,0.8279335692894092,0.7942857142857143
1521,0,upfront,GPS hea (1),EL,1.3010670731707317,1.0
1522,0,upfront,GPS hea (1),EL,1.5217564870259481,1.204
1523,0,upfront,GPS hea (1),EL,0.9973059025226549,0.8475
1524,0,upfront,GPS hea (1),EL,1.0133394243947007,0.9964028776978416
1525,0,upfront,GPS hea (1),EL,1.2532003677770704,1.2144736842105264
1526,0,upfront,GPS hea (1),EL,0.8165767533104463,0.8928571428571429
1527,0,upfront,GPS hea (1),EL,1.2252946509519493,1.1961538461538461
1528,0,upfront,GPS hea (1),EL,0.5629447181171319,0.8162162162162162
1529,0,upfront,GPS halb (0),mitte-EL,2.851749187535844,3.6838385714285713
1530,0,upfront,GPS hea (1),EL,1.6508679539691828,1.2755102040816326
1531,1,upfront_destination_changed,GPS halb (0),mitte-EL,1.4455432828153096,
1532,0,upfront,GPS halb (0),mitte-EL,0.729689533370515,0.892832
1533,0,upfront,GPS hea (1),EL,0.9971190781049936,0.9700000000000001
1534,0,upfront_destination_changed,GPS hea (1),mitte-EL,2.185223016683691,
1535,0,upfront,GPS hea (1),mitte-EL,1.5162285890643485,1.9782032653061226
1536,0,upfront,GPS hea (1),EL,1.3094744121715076,1.8395348837209304
1537,0,upfront,GPS hea (1),EL,1.066886259747244,1.163095238095238
1538,0,upfront,GPS hea (1),EL,0.9992260810680081,0.9536585365853659
1539,1,upfront,GPS halb (0),mitte-EL,1.6493892890698403,1.8051796226415096
1540,0,upfront,GPS hea (1),EL,1.2268567405843014,1.2054054054054053
1541,1,upfront,GPS halb (0),mitte-EL,2.327458583010222,2.4400744
1542,0,upfront,GPS hea (1),mitte-EL,1.1235263295782028,1.1838342857142858
1543,0,upfront,GPS halb (0),mitte-EL,0.015257407225120583,0.4
1544,0,upfront_destination_changed,GPS halb (0),EL,2.511751326762699,
1545,0,upfront,GPS halb (0),mitte-EL,0.052081408547369534,0.09836065573770492
1546,1,upfront,GPS halb (0),mitte-EL,1.1505777286746766,1.1957314285714284
1547,0,upfront,GPS hea (1),mitte-EL,1.1194736842105264,1.0714474999999999
1548,0,upfront,GPS hea (1),EL,1.4454860403505196,1.3790697674418604
1549,0,upfront,GPS halb (0),mitte-EL,1.663516684045881,1.8336244897959184
1550,0,upfront,GPS hea (1),EL,0.7834922227797291,0.8571428571428571
1551,0,upfront,GPS hea (1),EL,0.9734278122232064,0.9343750000000001
1552,0,upfront,GPS hea (1),EL,1.2064970467969105,1.1027027027027028
1553,0,upfront,GPS hea (1),mitte-EL,0.03303180987616607,0.022995731092436973
1554,1,upfront,GPS hea (1),mitte-EL,1.0398942864334255,1.0380808333333333
1555,1,upfront,GPS halb (0),mitte-EL,2.57945524226663,2.88847
1556,0,upfront,GPS hea (1),EL,0.9825396825396825,1.0121212121212122
1557,0,upfront,GPS hea (1),mitte-EL,0.03706105809320856,0.2857142857142857
1558,0,upfront,GPS hea (1),EL,1.5907009510390984,1.5885714285714285
1559,0,upfront,GPS hea (1),EL,1.0604764813683567,1.0380952380952382
1560,0,upfront,GPS hea (1),mitte-EL,1.0064927110131079,1.0650725
1561,0,upfront,GPS halb (0),mitte-EL,0.3877220014597356,0.6198043243243243
1562,0,upfront,GPS hea (1),mitte-EL,0.6345062429057888,1.0
1563,0,upfront,GPS halb (0),mitte-EL,2.7821525036359858,3.0824472413793105
1564,0,upfront,GPS hea (1),EL,1.28625134264232,1.2228571428571429
1565,0,upfront_destination_changed,GPS halb (0),mitte-EL,0.169826435246996,
1566,0,upfront,GPS hea (1),EL,1.3111535147113136,1.1877777777777778
1567,0,upfront,GPS hea (1),EL,1.5590753424657535,1.3653846153846152
1568,1,upfront,GPS hea (1),mitte-EL,0.09993512620901156,0.059113300492610835
1569,0,upfront,GPS halb (0),mitte-EL,0.00041573127130622767,0.3870967741935484
1570,0,upfront,GPS hea (1),mitte-EL,1.1275977995110025,1.1763625
1571,0,upfront,GPS hea (1),EL,1.2861396859772605,1.2511627906976746
1572,0,upfront,GPS hea (1),EL,0.9970845481049563,0.9447368421052632
1573,0,upfront,GPS hea (1),mitte-EL,1.1920593159531212,1.1805369230769232
1574,0,upfront,GPS hea (1),EL,1.0633385335413417,0.9815789473684211
1575,0,upfront_destination_changed,GPS hea (1),EL,2.3510456679470764,
1576,1,upfront,GPS hea (1),mitte-EL,0.8967615309126594,0.9711046153846155
1577,0,upfront,GPS hea (1),EL,1.1666720097457763,1.095673076923077
1578,0,upfront,GPS halb (0),mitte-EL,10.395403455796007,12.547323870967741
1579,0,upfront,GPS hea (1),EL,1.2046228710462288,1.1944444444444444
1580,0,upfront,GPS hea (1),mitte-EL,0.0,0.27906976744186046
1581,0,upfront,GPS hea (1),EL,1.0014222621453701,1.005982905982906
1582,0,upfront,GPS hea (1),EL,1.031872176677263,1.2726190476190475
1583,0,upfront,GPS hea (1),EL,0.9688488004463456,0.9773333333333334
1584,1,upfront,GPS halb (0),mitte-EL,0.5908755480314277,0.5165887640449438
1585,0,upfront,GPS hea (1),mitte-EL,0.14579175959619672,0.36363636363636365
1586,0,upfront,GPS hea (1),EL,1.14660025985275,1.0455882352941177
1587,0,upfront,GPS hea (1),EL,1.007719050144364,0.9728682170542636
1588,0,upfront,GPS halb (0),mitte-EL,1.0930892717306187,1.1239824
1589,0,upfront_destination_changed,GPS hea (1),EL,1.5191330581136868,
1590,0,upfront,GPS hea (1),EL,1.2678496341771088,1.194047619047619
1591,0,upfront,GPS hea (1),mitte-EL,2.514428482198626,2.7248342857142855
1592,0,upfront,GPS halb (0),mitte-EL,0.8765525598303544,0.9023066666666667
1593,0,upfront,GPS hea (1),EL,1.0847172980033588,1.3166666666666667
1594,0,upfront,GPS halb (0),EL,1.5287656334964654,1.3575757575757579
1595,0,upfront,GPS hea (1),mitte-EL,0.00196174595389897,0.7058823529411765
1596,0,upfront,GPS hea (1),EL,1.5152556940266437,1.572413793103448
1597,0,upfront,GPS hea (1),EL,1.0779845956354301,1.2195402298850575
1598,0,upfront,GPS halb (0),EL,0.8271527341294783,0.8509433962264151
1599,0,upfront,GPS hea (1),EL,1.1608445893494799,1.3428571428571427
1600,0,upfront,GPS hea (1),EL,1.1251686909581646,1.2739583333333335
1601,0,upfront,GPS hea (1),EL,0.9440245630609353,0.9347222222222222
1602,0,upfront,GPS hea (1),EL,1.3115234375,1.1887323943661972
1603,0,upfront,GPS hea (1),EL,0.9985864614418093,0.9823529411764707
1604,0,upfront,GPS hea (1),EL,1.0385913116828343,1.6935483870967742
1605,0,upfront,GPS hea (1),EL,1.038814581694204,1.0271186440677964
1606,0,upfront,GPS hea (1),EL,0.8953116675546084,0.9833333333333334
1607,0,upfront,GPS hea (1),EL,0.8925434116445352,0.9142857142857143
1608,0,upfront,GPS hea (1),mitte-EL,0.6997496686791341,0.9083333333333333
1609,0,upfront,GPS hea (1),EL,0.9922978177150192,0.9884615384615384
1610,0,upfront,GPS hea (1),EL,0.001834637964774951,0.35714285714285715
1611,0,upfront,GPS halb (0),EL,1.0196956646569049,0.810344827586207
1612,0,upfront,GPS hea (1),EL,1.0029459025174077,1.1416666666666668
1613,0,upfront,GPS hea (1),EL,0.9085227272727273,1.0
1614,0,upfront,GPS hea (1),EL,1.4037823490378234,1.292982456140351
1615,0,upfront,GPS hea (1),EL,1.0869669959046013,1.1254901960784316
1616,0,upfront,GPS hea (1),EL,0.9293785310734464,0.9162162162162162
1617,0,upfront,GPS hea (1),mitte-EL,0.002925950934053567,0.8571428571428571
1618,0,upfront,GPS hea (1),mitte-EL,1.0386165694954292,1.1296906329113923
1619,0,upfront,GPS halb (0),mitte-EL,1.3158839050131925,1.2898833333333333
1620,0,upfront,GPS hea (1),EL,1.012574454003971,0.9923076923076923
1621,1,upfront,GPS hea (1),mitte-EL,0.9518488419341731,1.0033633333333334
1622,0,upfront,GPS hea (1),EL,1.2776501873564607,1.339655172413793
1623,0,upfront,GPS hea (1),mitte-EL,0.936734693877551,1.0
1624,0,upfront,GPS hea (1),EL,0.8115819209039548,0.9000000000000001
1625,0,upfront,GPS hea (1),EL,1.0021151812325737,0.9603960396039604
1626,0,upfront,GPS hea (1),EL,0.9384439359267734,0.98
1627,0,upfront,GPS hea (1),EL,1.0456649568372325,1.082
1628,0,upfront,GPS hea (1),mitte-EL,1.307467057101025,1.3379435294117648
1629,0,upfront,GPS hea (1),mitte-EL,0.09970551114850652,1.0
1630,0,upfront,GPS hea (1),EL,1.4173887926054305,1.212
1631,0,upfront,GPS hea (1),mitte-EL,0.035130434782608695,0.5
1632,0,upfront,GPS hea (1),mitte-EL,0.7783197376166849,0.9104167741935484
1633,0,upfront,GPS halb (0),mitte-EL,1.8530810930412656,1.6256432
1634,0,upfront,GPS hea (1),mitte-EL,0.985876597759192,1.0372000000000001
1635,0,upfront,GPS hea (1),EL,0.47720090293453726,0.8333333333333334
1636,0,upfront,GPS hea (1),EL,0.959127808193317,0.9025641025641026
1637,0,upfront,GPS halb (0),mitte-EL,1.092817045164583,1.256857142857143
1638,0,upfront,GPS halb (0),mitte-EL,3.881626351003603,3.0713333333333335
1639,0,upfront,GPS hea (1),mitte-EL,1.0209233961611621,0.98915
1640,0,upfront,GPS hea (1),mitte-EL,1.018853836102296,1.1436300000000001
1641,0,upfront,GPS hea (1),mitte-EL,0.9831684630149121,1.0484888888888888
1642,0,upfront,GPS halb (0),mitte-EL,1.2096307023895727,2.120061176470588
1643,0,upfront,GPS hea (1),EL,1.3901119543166278,1.26
1644,0,upfront,GPS hea (1),EL,1.5318548387096773,1.4961538461538462
1645,0,upfront,GPS hea (1),EL,1.1581663266530662,1.2101449275362317
1646,0,upfront,GPS hea (1),EL,0.9862037249942516,1.2453124999999998
1647,0,upfront,GPS hea (1),EL,1.0617403986387943,1.0882352941176472
1648,0,upfront,GPS hea (1),EL,1.0324711062190424,1.087878787878788
1649,1,prediction,GPS halb (0),mitte-EL,1.764198831529547,
1650,0,upfront,GPS hea (1),EL,1.5488647581441264,1.5741935483870968
1651,0,prediction,GPS hea (1),mitte-EL,0.9426153273809523,
1652,0,prediction,GPS hea (1),mitte-EL,1.0179151491288512,
1653,0,prediction,GPS hea (1),mitte-EL,0.8739595719381689,
1654,0,upfront,GPS hea (1),EL,0.9355633802816902,0.9032258064516128
1655,0,prediction,GPS hea (1),mitte-EL,1.1679440186604466,
1656,0,prediction,GPS halb (0),mitte-EL,2.982367085225755,
1657,0,prediction,GPS hea (1),mitte-EL,0.9637124233874891,
1658,0,upfront,GPS hea (1),EL,1.0089176829268294,0.9752577319587631
1659,0,prediction,GPS hea (1),mitte-EL,1.1117121990803354,
1660,1,prediction,GPS hea (1),mitte-EL,1.0263113792525558,
1661,0,prediction,GPS hea (1),mitte-EL,1.890534851083736,
1662,0,upfront,GPS hea (1),EL,0.2363955529549444,0.4015384615384615
1663,1,prediction,GPS halb (0),mitte-EL,2.5507888181566565,
1664,0,upfront,GPS halb (0),EL,1.0121322193970215,0.821969696969697
1665,0,upfront,GPS hea (1),EL,1.5697399527186762,1.4133333333333333
1666,1,prediction,GPS halb (0),mitte-EL,2.1802319817586993,
1667,0,upfront,GPS halb (0),EL,2.115642607995707,6.4787878787878785
1668,0,upfront,GPS hea (1),EL,1.240340030911901,1.2013513513513514
1669,0,upfront,GPS hea (1),EL,0.9937064937541719,0.9329896907216496
1670,0,prediction,GPS hea (1),mitte-EL,1.237157660991858,
1671,0,prediction,GPS halb (0),mitte-EL,4.809907834101383,
1672,0,prediction,GPS halb (0),mitte-EL,2.647629866776825,
1673,0,upfront,GPS hea (1),EL,0.9725829725829725,1.0064516129032257
1674,0,upfront,GPS hea (1),EL,1.01194131695667,1.028125
1675,0,prediction,GPS hea (1),mitte-EL,0.741820873427091,
1676,0,prediction,GPS halb (0),mitte-EL,2.082626004657102,
1677,0,upfront,GPS hea (1),EL,1.0041779306955025,1.0163934426229508
1678,1,prediction,GPS halb (0),mitte-EL,2.468854363293161,
1679,0,upfront,GPS hea (1),EL,0.9782666313278559,0.9464285714285715
1680,0,upfront,GPS hea (1),EL,0.9955532027527793,1.0441176470588236
1681,0,prediction,GPS hea (1),mitte-EL,0.6312229151252511,
1682,0,upfront,GPS hea (1),EL,1.2544071897684066,1.3115384615384615
1683,1,prediction,GPS halb (0),mitte-EL,2.1761256336348276,
1684,0,upfront,GPS hea (1),EL,1.2035468501852833,1.096774193548387
1685,0,prediction,GPS hea (1),mitte-EL,0.0,
1686,0,prediction,GPS hea (1),mitte-EL,1.7196775375595457,
1687,0,prediction,GPS hea (1),mitte-EL,0.8792594051605279,
1688,0,upfront,GPS hea (1),EL,1.5538461538461539,1.3408163265306121
1689,0,prediction,GPS hea (1),mitte-EL,0.40221256420387197,
1690,0,upfront,GPS hea (1),EL,1.2665187376725837,0.994
1691,0,upfront,GPS hea (1),EL,1.3777777777777778,1.4514285714285715
1692,0,prediction,GPS hea (1),mitte-EL,1.0990594845486747,
1693,0,upfront,GPS hea (1),EL,0.992462311557789,0.9629629629629629
1694,0,upfront,GPS hea (1),EL,1.0660377358490567,1.1135135135135135
1695,0,prediction,GPS halb (0),mitte-EL,1.9876444342752546,
1696,0,prediction,GPS hea (1),mitte-EL,1.0294736842105263,
1697,0,prediction,GPS hea (1),mitte-EL,1.1359724612736661,
1698,0,prediction,GPS hea (1),mitte-EL,1.0138483389884005,
1699,1,prediction,GPS halb (0),mitte-EL,1.7948095868254668,
1700,0,upfront,GPS hea (1),EL,1.1290322580645162,1.0555555555555556
1701,0,prediction,GPS hea (1),mitte-EL,1.0,
1702,0,prediction,GPS hea (1),mitte-EL,10.974598930481283,
1703,0,upfront,GPS hea (1),EL,1.411864668623513,1.281081081081081
1704,0,prediction,GPS hea (1),mitte-EL,1.0171872112363705,
1705,1,prediction,GPS halb (0),mitte-EL,2.1650400836528405,
1706,0,prediction,GPS hea (1),mitte-EL,1.096470588235294,
1707,0,upfront,GPS hea (1),EL,0.9984014992834307,0.9889908256880733
1708,1,prediction,GPS halb (0),mitte-EL,1.6475953565505805,
1709,0,upfront,GPS hea (1),EL,1.672592431017559,1.4591549295774648
1710,0,upfront,GPS hea (1),EL,0.8069804336329984,1.0
1711,0,upfront,GPS hea (1),EL,1.4692266283868654,1.2121951219512195
1712,0,upfront,GPS hea (1),EL,1.3445560684224818,1.217741935483871
1713,0,upfront,GPS hea (1),EL,0.5401982378854625,1.0
1714,0,upfront,GPS hea (1),EL,1.7484777517564403,1.6634146341463416
1715,1,prediction,GPS halb (0),mitte-EL,0.0,
1716,0,upfront,GPS hea (1),EL,0.6115448968209705,0.7696969696969698
1717,1,prediction,GPS hea (1),mitte-EL,1.1453119429590017,
1718,0,prediction,GPS halb (0),mitte-EL,2.476578411405295,
1719,0,prediction,GPS hea (1),mitte-EL,1.3963019443385436,
1720,0,prediction,GPS halb (0),mitte-EL,1.1075641915336571,
1721,0,prediction,GPS halb (0),mitte-EL,0.22252545397291906,
1722,0,prediction,GPS halb (0),mitte-EL,3.5045835515976953,
1723,0,upfront_destination_changed,GPS hea (1),EL,1.3039575683394533,
1724,0,upfront,GPS hea (1),EL,0.971214797880079,0.7391304347826088
1725,0,upfront,GPS hea (1),EL,0.6732350312779267,0.7613333333333333
1726,0,prediction,GPS halb (0),mitte-EL,0.43383385546073244,
1727,0,prediction,GPS halb (0),mitte-EL,1.354525750851481,
1728,1,prediction,GPS halb (0),mitte-EL,2.9914166408908134,
1729,0,upfront,GPS hea (1),EL,0.7677475898334793,0.85
1730,0,prediction,GPS hea (1),mitte-EL,2.9475374732334045,
1731,0,upfront,GPS hea (1),EL,1.247213207280937,1.2372549019607844
1732,0,upfront,GPS hea (1),EL,1.25163919900762,1.236206896551724
1733,0,upfront,GPS hea (1),EL,0.8849614395886889,1.090566037735849
1734,0,upfront,GPS hea (1),EL,1.0928667563930012,1.1404255319148937
1735,0,upfront,GPS hea (1),EL,0.8671889233011477,0.9
1736,0,upfront,GPS hea (1),EL,1.399873657612129,1.8960000000000001
1737,0,upfront,GPS hea (1),EL,0.974786800148313,0.8
1738,0,upfront,GPS hea (1),EL,1.0354599181694195,1.1144927536231883
1739,1,prediction,GPS halb (0),mitte-EL,5.262279888785913,
1740,0,upfront,GPS hea (1),EL,0.8487673830594185,0.8446153846153847
1741,0,upfront,GPS hea (1),EL,1.273484630853203,1.050909090909091
1742,0,prediction,GPS hea (1),mitte-EL,0.002617372812039915,
1743,0,upfront,GPS hea (1),EL,0.003067108330266225,0.3424657534246575
1744,0,upfront,GPS hea (1),EL,1.627559624186943,1.2980392156862746
1745,0,prediction,GPS hea (1),mitte-EL,0.012245666917859834,
1746,1,prediction,GPS halb (0),mitte-EL,3.734315832565756,
1747,0,upfront,GPS hea (1),EL,1.1228854851203118,1.1383399209486167
1748,0,prediction,GPS halb (0),mitte-EL,0.9068163375710036,
1749,0,prediction,GPS hea (1),mitte-EL,1.0024240164087264,
1750,0,upfront_destination_changed,GPS hea (1),EL,1.5479479886225112,
1751,1,prediction,GPS halb (0),mitte-EL,2.692315369261477,
1752,1,prediction,GPS halb (0),mitte-EL,2.2271880819366854,
1753,0,upfront,GPS hea (1),EL,0.8301997649823737,0.8553571428571429
1754,0,upfront,GPS hea (1),EL,0.9112913863606384,0.9117647058823529
1755,0,upfront,GPS hea (1),EL,0.02291373367639206,0.1923076923076923
1756,0,upfront,GPS hea (1),EL,1.0142829569581162,1.0146341463414634
1757,1,prediction,GPS hea (1),mitte-EL,0.8768115942028986,
1758,0,upfront,GPS hea (1),EL,0.9397001573759629,0.8961165048543689
1759,0,puudub,GPS hea (1),EL,,
1760,0,upfront,GPS hea (1),EL,0.9115541922290389,0.9367346938775509
1761,1,prediction,GPS halb (0),mitte-EL,1.777581195501074,
1762,1,prediction,GPS halb (0),mitte-EL,1.9795979299363058,
1763,0,upfront,GPS hea (1),EL,0.9686531802442135,0.9315789473684211
1764,1,prediction,GPS halb (0),mitte-EL,4.021729682746632,
1765,0,upfront,GPS hea (1),EL,0.9670977011494253,0.9692307692307692
1766,0,prediction,GPS hea (1),mitte-EL,0.16704936854190586,
1767,0,upfront,GPS hea (1),EL,1.1894665504889148,1.276923076923077
1768,1,prediction,GPS halb (0),mitte-EL,4.404566210045662,
1769,0,upfront_destination_changed,GPS hea (1),EL,1.0057347432625054,
1770,0,upfront,GPS hea (1),EL,1.705,1.2375
1771,1,prediction,GPS halb (0),mitte-EL,2.222195299248849,
1772,1,prediction,GPS halb (0),mitte-EL,1.65002186270223,
1773,0,prediction,GPS hea (1),mitte-EL,0.0700918679823069,
1774,0,upfront,GPS hea (1),EL,0.9092989390472228,1.306
1775,0,upfront,GPS hea (1),EL,1.1845116469145893,1.2793103448275862
1776,0,prediction,GPS hea (1),mitte-EL,1.1536419152137358,
1777,0,prediction,GPS halb (0),mitte-EL,1.1145417750795028,
1778,0,upfront,GPS hea (1),EL,0.9390522875816993,0.8422535211267607
1779,1,prediction,GPS halb (0),mitte-EL,2.999288256227758,
1780,0,upfront,GPS hea (1),EL,1.6803874092009685,1.2111111111111112
1781,0,upfront,GPS hea (1),EL,1.3108320251177394,1.0857142857142859
1782,1,prediction,GPS hea (1),mitte-EL,1.0519198261289544,
1783,0,upfront,GPS hea (1),EL,1.0222566714649541,0.9662162162162162
1784,0,upfront,GPS hea (1),EL,1.3493060628195763,1.2230769230769232
1785,0,upfront,GPS hea (1),EL,0.5995193666949392,0.6649122807017543
1786,1,prediction,GPS halb (0),mitte-EL,2.8613217768147345,
1787,0,prediction,GPS halb (0),mitte-EL,1.9745594713656387,
1788,0,prediction,GPS hea (1),mitte-EL,0.010567742875883681,
1789,0,prediction,GPS halb (0),mitte-EL,2.6849399067942112,
1790,0,upfront,GPS hea (1),EL,1.0379918588873813,0.9533333333333333
1791,0,prediction,GPS hea (1),mitte-EL,1.3384592959696815,
1792,0,upfront,GPS hea (1),EL,1.695201037613489,1.4633333333333332
1793,1,prediction,GPS halb (0),mitte-EL,2.0,
1794,1,upfront,GPS hea (1),EL,0.9651547595873078,1.429268292682927
1795,0,upfront,GPS hea (1),EL,1.007936507936508,0.986746987951807
1796,0,prediction,GPS hea (1),mitte-EL,1.733949037498609,
1797,1,prediction,GPS halb (0),mitte-EL,2.5747369771619195,
1798,1,prediction,GPS halb (0),mitte-EL,3.785462319615179,
1799,1,prediction,GPS hea (1),mitte-EL,4.844454531699198,
1800,0,prediction,GPS hea (1),mitte-EL,1.694585448392555,
1801,0,prediction,GPS hea (1),mitte-EL,0.993617467982364,
1802,0,upfront,GPS hea (1),EL,1.077672266861456,1.0142857142857142
1803,0,prediction,GPS hea (1),mitte-EL,1.1264862130027826,
1804,0,upfront,GPS hea (1),EL,1.0488716185921387,1.2409090909090907
1805,0,prediction,GPS halb (0),mitte-EL,2.7000468676769254,
1806,0,prediction,GPS hea (1),mitte-EL,0.03316852080758138,
1807,0,prediction,GPS hea (1),mitte-EL,2.140845070422535,
1808,0,prediction,GPS hea (1),mitte-EL,1.6581004494821183,
1809,0,upfront,GPS hea (1),EL,0.8334109972041006,0.9444444444444444
1810,0,upfront,GPS hea (1),EL,1.0978144730451675,1.405
1811,0,prediction,GPS hea (1),mitte-EL,0.9422303893419088,
1812,1,prediction,GPS halb (0),mitte-EL,3.772822809101709,
1813,0,upfront,GPS hea (1),EL,1.7367655084591596,1.7107692307692306
1814,1,prediction,GPS halb (0),mitte-EL,3.7981033955338024,
1815,0,prediction,GPS halb (0),mitte-EL,0.022827438128602103,
1816,0,upfront,GPS hea (1),EL,1.1314503714610802,1.1103174603174604
1817,0,upfront,GPS hea (1),EL,0.9004390779363337,0.9205128205128205
1818,0,upfront,GPS hea (1),EL,0.14534883720930233,0.4177215189873417
1819,0,upfront,GPS hea (1),EL,0.98472553699284,1.0266666666666666
1820,0,upfront,GPS hea (1),EL,0.8952444296641171,0.9784313725490197
1821,0,upfront,GPS hea (1),EL,0.992628368073208,1.3526315789473684
1822,0,upfront,GPS hea (1),EL,0.9733509234828496,0.9589285714285715
1823,0,prediction,GPS hea (1),mitte-EL,0.0003161222339304531,
1824,0,upfront,GPS hea (1),EL,0.9902182091798345,0.9857142857142857
1825,1,prediction,GPS hea (1),mitte-EL,0.31848165264446815,
1826,0,upfront,GPS hea (1),EL,0.9472361809045227,0.9727272727272728
1827,0,upfront,GPS hea (1),EL,0.9689419318816304,0.984313725490196
1828,0,upfront,GPS hea (1),EL,1.4027232259753861,1.35625
1829,0,upfront,GPS hea (1),EL,0.8125105950161045,0.8321428571428572
1830,0,prediction,GPS hea (1),mitte-EL,1.1639828234031133,
1831,0,prediction,GPS hea (1),mitte-EL,0.007416267942583732,
1832,0,upfront,GPS hea (1),EL,1.6400124455507157,1.3
1833,0,prediction,GPS hea (1),mitte-EL,1.608971521322119,
1834,0,prediction,GPS hea (1),mitte-EL,1.468895078922934,
1835,0,prediction,GPS halb (0),mitte-EL,0.0,
1836,0,prediction,GPS hea (1),mitte-EL,1.537159372419488,
1837,0,prediction,GPS halb (0),mitte-EL,1.5869839189393558,
1838,0,upfront,GPS hea (1),EL,0.9524897762809719,0.996103896103896
1839,0,upfront,GPS hea (1),EL,0.9751335663874414,0.9701030927835053
1840,0,prediction,GPS hea (1),mitte-EL,1.2936231884057972,
1841,0,prediction,GPS hea (1),mitte-EL,1.2157292427562698,
1842,0,upfront,GPS hea (1),EL,0.9857062780269058,1.0030303030303032
1843,0,upfront,GPS hea (1),EL,1.0087491132655475,1.0245283018867923
1844,0,prediction,GPS hea (1),mitte-EL,0.009210526315789473,
1845,1,prediction,GPS halb (0),mitte-EL,2.1624952235384027,
1846,0,upfront,GPS hea (1),EL,0.7590897201150929,0.8000000000000002
1847,0,upfront,GPS hea (1),EL,1.2124191461837,1.258823529411765
1848,0,upfront,GPS hea (1),EL,0.9314695695200396,0.9314285714285714
1849,0,upfront,GPS hea (1),EL,0.9842084484800632,0.9775
1850,0,upfront,GPS hea (1),EL,1.0943935166733094,1.1282828282828283
1851,0,upfront,GPS hea (1),EL,1.998192545101115,2.231638418079096
1852,0,prediction,GPS hea (1),mitte-EL,1.4650187915582538,
1853,0,upfront,GPS hea (1),EL,2.202846975088968,1.075
1854,0,upfront,GPS hea (1),EL,1.4034810126582278,1.4696969696969697
1855,0,upfront,GPS hea (1),EL,0.9582898852971846,0.9534883720930233
1856,0,prediction,GPS hea (1),mitte-EL,1.2495576425752009,
1857,1,prediction,GPS hea (1),mitte-EL,3.350415267715144,
1858,0,upfront,GPS hea (1),EL,0.6365217391304347,0.6911764705882354
1859,0,upfront,GPS hea (1),EL,1.0403708609271523,0.962015503875969
1860,0,upfront,GPS hea (1),EL,1.6019974107638246,1.265
1861,0,prediction,GPS hea (1),mitte-EL,3.3633703206925984,
1862,0,upfront,GPS hea (1),EL,1.1694260485651213,1.151219512195122
1863,1,prediction,GPS hea (1),mitte-EL,2.675518004425669,
1864,0,upfront,GPS hea (1),EL,0.0006186842647968653,0.4824561403508772
1865,0,prediction,GPS halb (0),mitte-EL,2.3613930057676864,
1866,0,prediction,GPS hea (1),mitte-EL,1.0438314755337237,
1867,1,prediction,GPS halb (0),mitte-EL,4.8159648020113135,
1868,0,upfront,GPS hea (1),EL,1.0265388868411354,0.8947368421052632
1869,0,upfront,GPS hea (1),EL,1.4054923836086677,1.24375
1870,0,upfront,GPS hea (1),EL,0.9575782537067545,0.9266666666666666
1871,0,prediction,GPS halb (0),mitte-EL,3.5033486814566763,
1872,0,upfront,GPS hea (1),EL,0.9984805730410246,1.0523809523809524
1873,0,upfront,GPS hea (1),EL,0.9615759941449133,0.9716666666666667
1874,0,prediction,GPS hea (1),mitte-EL,1.9152556510134289,
1875,0,prediction,GPS hea (1),mitte-EL,2.0104712041884816,
1876,0,upfront,GPS hea (1),EL,1.0808199121522695,1.140625
1877,0,upfront,GPS hea (1),EL,0.9698587979724838,0.93625
1878,0,prediction,GPS hea (1),mitte-EL,0.6087425796006476,
1879,1,prediction,GPS halb (0),mitte-EL,1.1455023431249285,
1880,0,prediction,GPS halb (0),mitte-EL,0.029726077877410637,
1881,0,upfront,GPS hea (1),EL,0.9910733262486716,1.0380952380952382
1882,0,prediction,GPS hea (1),mitte-EL,2.2173243503368623,
1883,0,prediction,GPS hea (1),mitte-EL,1.0545977011494252,
1884,1,prediction,GPS halb (0),mitte-EL,4.633651944627554,
1885,1,prediction,GPS halb (0),mitte-EL,3.0113710911874043,
1886,0,upfront,GPS hea (1),EL,0.9232130219391366,0.9084745762711864
1887,0,upfront,GPS hea (1),EL,0.9809191629052113,0.9871428571428572
1888,0,prediction,GPS hea (1),mitte-EL,1.0061677370127806,
1889,0,prediction,GPS hea (1),mitte-EL,0.4153884215734785,
1890,0,upfront,GPS hea (1),EL,0.1666294393567121,0.5813953488372093
1891,0,prediction,GPS hea (1),mitte-EL,1.364750378214826,
1892,0,upfront,GPS hea (1),EL,0.740450143472023,0.817751479289941
1893,0,upfront,GPS hea (1),EL,3.2810890360559233,2.1719999999999997
1894,0,upfront,GPS hea (1),EL,1.1923615977575333,1.1982142857142857
1895,0,prediction,GPS hea (1),mitte-EL,0.9858934169278997,
1896,0,upfront,GPS hea (1),EL,1.2162402669632926,1.29
1897,0,prediction,GPS hea (1),mitte-EL,1.0891518080319946,
1898,0,upfront,GPS hea (1),EL,0.0028912179255511385,0.4901960784313726
1899,0,upfront,GPS hea (1),EL,0.8420910319963948,0.8855072463768116
1900,0,upfront,GPS hea (1),EL,1.2682300032123355,1.3725806451612903
1901,0,upfront,GPS hea (1),EL,1.2246612466124662,1.3019607843137255
1902,0,upfront,GPS hea (1),EL,0.7157021448806151,0.6571428571428571
1903,1,prediction,GPS halb (0),mitte-EL,1.8084763948497855,
1904,0,prediction,GPS hea (1),mitte-EL,0.8658558722091123,
1905,1,prediction,GPS halb (0),mitte-EL,5.428150991682662,
1906,0,upfront,GPS hea (1),EL,1.2137715179968702,1.5535714285714286
1907,1,prediction,GPS halb (0),mitte-EL,2.11763839811543,
1908,0,prediction,GPS halb (0),mitte-EL,1.1027623053313629,
1909,0,upfront,GPS hea (1),EL,1.0119514472455649,1.0324324324324323
1910,0,upfront_destination_changed,GPS hea (1),EL,1.1254528985507246,
1911,0,upfront,GPS hea (1),EL,1.2697224251278305,1.24
1912,0,upfront,GPS hea (1),EL,0.9361982021486516,1.1097560975609757
1913,1,prediction,GPS halb (0),mitte-EL,2.318920382740567,
1914,0,upfront,GPS hea (1),EL,0.6923816968312189,0.6704347826086956
1915,1,prediction,GPS halb (0),mitte-EL,1.899228453142642,
1916,0,prediction,GPS halb (0),mitte-EL,2.7394907518616383,
1917,0,upfront,GPS hea (1),EL,1.0204298786975952,0.9232558139534884
1918,0,prediction,GPS halb (0),mitte-EL,7.037297677691766e-05,
1919,0,prediction,GPS hea (1),mitte-EL,1.6350552557183244,
1920,1,prediction,GPS halb (0),mitte-EL,2.715124945199474,
1921,1,prediction,GPS halb (0),mitte-EL,2.858878588785888,
1922,0,upfront,GPS hea (1),EL,1.2740055281817089,1.2558823529411764
1923,0,prediction,GPS hea (1),mitte-EL,1.6376617581436859,
1924,0,prediction,GPS hea (1),mitte-EL,0.9568681794560887,
1925,0,upfront,GPS hea (1),EL,1.0059734513274337,0.975
1926,0,upfront,GPS hea (1),EL,1.4465420738070391,1.4017543859649122
1927,0,prediction,GPS halb (0),mitte-EL,2.5982527056982656,
1928,0,upfront,GPS hea (1),EL,0.9129670844558978,0.8865671641791045
1929,0,prediction,GPS hea (1),mitte-EL,1.5663894849785407,
1930,0,prediction,GPS hea (1),mitte-EL,0.02164958329341891,
1931,0,prediction,GPS hea (1),mitte-EL,0.9185048210276053,
1932,0,prediction,GPS hea (1),mitte-EL,0.900420447001549,
1933,0,upfront,GPS halb (0),EL,0.2999305072967338,0.38607594936708856
1934,0,upfront,GPS hea (1),EL,1.103738046942915,1.0
1935,0,upfront_destination_changed,GPS hea (1),EL,1.5216799091940976,
1936,0,upfront,GPS hea (1),EL,0.9771256931608133,0.9416666666666667
1937,0,upfront,GPS hea (1),EL,0.9915902140672783,0.954054054054054
1938,0,prediction,GPS hea (1),mitte-EL,0.978193832599119,
1939,0,upfront,GPS hea (1),EL,0.000994777418552599,0.6944444444444444
1940,0,upfront,GPS hea (1),EL,0.5964079972890546,0.78125
1941,0,upfront,GPS hea (1),EL,0.3049645390070922,0.698529411764706
1942,0,upfront,GPS hea (1),EL,1.226424738052645,1.2294117647058822
1943,1,prediction,GPS hea (1),mitte-EL,0.7226061204343535,
1944,0,prediction,GPS hea (1),mitte-EL,3.3543903979785217,
1945,0,prediction,GPS hea (1),mitte-EL,0.9124313186813187,
1946,0,prediction,GPS hea (1),mitte-EL,1.9541522491349481,
1947,0,upfront,GPS hea (1),EL,0.0011331979791302706,0.1923076923076923
1948,0,upfront,GPS hea (1),EL,1.6168152866242038,1.3133333333333332
1949,0,upfront,GPS hea (1),EL,0.0009850011193194537,0.0975609756097561
1950,0,upfront,GPS hea (1),EL,1.3594871794871795,1.31875
1951,0,prediction,GPS hea (1),mitte-EL,0.9891492373014625,
1952,0,upfront,GPS hea (1),EL,1.3869426751592357,1.725
1953,0,upfront,GPS hea (1),EL,1.3237032569360676,1.5527272727272725
1954,0,prediction,GPS halb (0),mitte-EL,1.1029129934840936,
1955,0,prediction,GPS hea (1),mitte-EL,1.615983238551332,
1956,0,upfront,GPS hea (1),EL,1.586098498078938,1.3029411764705883
1957,0,upfront,GPS hea (1),EL,1.5272577658917919,1.36
1958,0,prediction,GPS hea (1),mitte-EL,0.9411511410937276,
1959,0,upfront,GPS hea (1),EL,1.167405947100378,1.2166666666666666
1960,0,prediction,GPS hea (1),mitte-EL,0.9540586410721601,
1961,1,prediction,GPS halb (0),mitte-EL,1.0,
1962,0,prediction,GPS hea (1),mitte-EL,1.0816112084063048,
1963,0,upfront,GPS hea (1),EL,1.0362684613946531,1.056
1964,0,upfront,GPS hea (1),EL,1.00374531835206,1.005128205128205
1965,0,upfront,GPS hea (1),EL,1.0364592165507884,1.224812030075188
1966,0,prediction,GPS hea (1),EL,1.0357309668379262,
1967,0,upfront,GPS hea (1),EL,1.1634730538922156,1.2739583333333335
1968,0,upfront,GPS hea (1),EL,1.106448311156602,1.048148148148148
1969,0,prediction,GPS hea (1),mitte-EL,1.110158013544018,
1970,0,upfront,GPS hea (1),EL,0.934775204359673,0.9390243902439025
1971,0,prediction,GPS hea (1),mitte-EL,1.17998919794761,
1972,1,prediction,GPS halb (0),mitte-EL,0.8912222529243806,
1973,0,prediction,GPS hea (1),mitte-EL,,
1974,0,upfront,GPS hea (1),EL,0.868260144524736,1.0
1975,0,upfront,GPS hea (1),EL,0.6915450289176536,0.782051282051282
1976,0,upfront,GPS hea (1),EL,1.2328434504792332,1.1233766233766234
1977,0,upfront,GPS hea (1),EL,0.6856010568031704,0.7488372093023257
1978,0,upfront,GPS hea (1),EL,1.371699516548903,1.2568181818181818
1979,0,upfront,GPS hea (1),EL,1.3965065502183407,1.2161290322580645
1980,0,upfront,GPS hea (1),EL,1.8217355142777931,1.355
1981,0,upfront,GPS hea (1),EL,0.930801898576068,0.975
1982,0,upfront,GPS hea (1),EL,1.0723473355839495,1.186335403726708
1983,0,upfront,GPS hea (1),EL,0.9610239852398524,1.1943396226415095
1984,0,upfront,GPS hea (1),EL,1.0055812163202464,0.9563636363636363
1985,0,prediction,GPS hea (1),mitte-EL,1.8764329512130098,
1986,0,upfront,GPS hea (1),EL,0.11779536605604136,0.19119170984455958
1987,0,upfront,GPS hea (1),EL,1.1764980544747081,1.2409090909090907
1988,0,upfront,GPS hea (1),EL,1.7402645113886848,1.3250000000000002
1989,0,upfront,GPS hea (1),EL,0.9908660903604632,0.9122807017543859
1990,0,prediction,GPS hea (1),mitte-EL,1.0283558792924037,
1991,0,prediction,GPS hea (1),mitte-EL,1.0122405534858967,
1992,0,prediction,GPS halb (0),mitte-EL,0.9836370397917441,
1993,0,upfront,GPS halb (0),EL,1.3634735899731423,1.124074074074074
1994,0,upfront,GPS hea (1),EL,1.3801820020222446,1.2703703703703704
1995,0,upfront_destination_changed,GPS hea (1),EL,0.9034674063800278,
1996,0,prediction,GPS halb (0),mitte-EL,0.011300168853097805,
1997,0,upfront,GPS hea (1),EL,1.035448467263782,1.030188679245283
1998,0,upfront,GPS hea (1),EL,1.2134154505288526,1.1673076923076924
1999,0,upfront,GPS hea (1),EL,2.0419543281996813,1.656
2000,0,upfront,GPS hea (1),EL,3.201787994891443,1.7
2001,0,prediction,GPS halb (0),mitte-EL,1.07325746799431,
2002,0,upfront,GPS hea (1),EL,1.2987621680086527,1.2460526315789475
2003,0,upfront,GPS hea (1),EL,1.0216894977168949,0.92625
2004,0,upfront,GPS hea (1),EL,1.3284968078932096,1.2307692307692308
2005,0,upfront,GPS hea (1),EL,1.0651716888577436,1.0866666666666667
2006,0,upfront,GPS hea (1),EL,0.9675938428301377,0.9216216216216216
2007,0,upfront,GPS hea (1),EL,1.8206402572723286,1.6208333333333333
2008,0,prediction,GPS hea (1),mitte-EL,1.3184986595174262,
2009,0,upfront,GPS hea (1),EL,1.5816148199930093,1.6343750000000001
2010,0,upfront,GPS hea (1),EL,1.0117997925311204,0.9215909090909089
2011,0,prediction,GPS halb (0),mitte-EL,0.8545438088341781,
2012,0,puudub,GPS hea (1),EL,,
2013,0,upfront,GPS hea (1),EL,1.7086761406133133,1.5169811320754716
2014,0,upfront,GPS hea (1),EL,1.453133514986376,1.2
2015,0,upfront,GPS hea (1),EL,1.0609599772112235,1.0725806451612903
2016,0,upfront,GPS hea (1),EL,0.9949051797339372,0.9638095238095238
2017,0,upfront,GPS hea (1),EL,1.1198830409356726,1.2377777777777779
2018,0,upfront,GPS halb (0),EL,0.8209244609896076,
2019,0,prediction,GPS halb (0),mitte-EL,1.6399819086386251,
2020,0,prediction,GPS halb (0),mitte-EL,0.0024743052912067,
2021,0,upfront_destination_changed,GPS hea (1),EL,1.3816425120772946,
2022,0,upfront,GPS hea (1),EL,1.5714285714285714,1.6076923076923075
2023,0,upfront,GPS hea (1),EL,1.0226576182136602,1.16
2024,1,prediction,GPS hea (1),mitte-EL,1.5770557269921945,
2025,0,upfront,GPS hea (1),EL,1.0214310404424474,1.249056603773585
2026,0,prediction,GPS hea (1),mitte-EL,1.0939334637964775,
2027,0,upfront,GPS hea (1),EL,1.1080357142857142,1.2102564102564102
2028,0,prediction,GPS halb (0),mitte-EL,0.9346472211273157,
2029,0,upfront,GPS hea (1),EL,1.1731178754854066,1.2664556962025317
2030,0,upfront,GPS hea (1),EL,0.9631410256410257,0.9478260869565219
2031,0,upfront,GPS halb (0),EL,1.500347947112039,1.423404255319149
2032,0,upfront,GPS hea (1),EL,1.6595716017782567,1.4670886075949365
2033,0,upfront,GPS hea (1),EL,1.277963713228818,1.417142857142857
2034,0,upfront_destination_changed,GPS hea (1),EL,1.6721226740179187,
2035,0,upfront,GPS hea (1),EL,0.9836829836829837,1.044776119402985
2036,0,prediction,GPS halb (0),mitte-EL,1.0,
2037,0,upfront,GPS hea (1),EL,1.1567164179104477,1.3593749999999998
2038,0,upfront,GPS hea (1),EL,1.330975954738331,1.3880000000000001
2039,0,upfront,GPS hea (1),EL,19.173423423423422,3.776
2040,0,upfront,GPS hea (1),EL,1.5652827918170877,1.2747252747252746
2041,0,upfront_destination_changed,GPS hea (1),EL,1.891592059166991,
2042,0,upfront,GPS hea (1),EL,1.089716684155299,1.2888888888888888
2043,0,upfront,GPS hea (1),EL,1.11328125,0.9025
2044,0,upfront,GPS hea (1),EL,1.3836134453781512,1.277027027027027
2045,0,upfront,GPS hea (1),EL,1.12354605469978,0.9897196261682244
2046,0,upfront,GPS hea (1),EL,0.9691675231243576,1.0777777777777777
2047,0,upfront,GPS hea (1),EL,1.0938506364054592,1.0186915887850467
2048,0,upfront,GPS halb (0),EL,0.9324853228962818,1.0783783783783785
2049,0,prediction,GPS hea (1),mitte-EL,1.0050772159932304,
2050,0,prediction,GPS halb (0),mitte-EL,1.0,
2051,0,upfront,GPS hea (1),EL,1.486568817502077,1.102439024390244
2052,0,upfront,GPS hea (1),EL,1.1320882088208821,1.0706896551724139
2053,0,prediction,GPS hea (1),mitte-EL,1.1403328539141155,
2054,0,upfront,GPS hea (1),EL,1.271256830601093,1.3464285714285715
2055,0,upfront,GPS hea (1),EL,1.5270606027870801,1.4276923076923076
2056,0,upfront,GPS halb (0),EL,1.7204104903078676,1.8425
2057,0,upfront,GPS hea (1),EL,1.5051107325383304,1.332
2058,1,prediction,GPS halb (0),mitte-EL,1.063115730215438,
2059,0,upfront,GPS hea (1),EL,1.3275769023205612,1.21
2060,0,prediction,GPS hea (1),mitte-EL,,
2061,0,upfront,GPS hea (1),EL,1.5757437070938216,1.4310344827586208
2062,0,upfront,GPS hea (1),EL,1.0610577904839698,1.2318181818181817
2063,0,upfront,GPS hea (1),EL,1.012,1.3447368421052632
2064,0,prediction,GPS hea (1),mitte-EL,1.071119552601034,
2065,0,upfront,GPS hea (1),EL,1.0861538461538462,1.1572815533980583
2066,0,prediction,GPS hea (1),mitte-EL,0.9929785661492978,
2067,0,upfront,GPS hea (1),EL,1.0080938416422287,0.9671875
2068,0,prediction,GPS hea (1),mitte-EL,1.0416248746238717,
2069,0,upfront,GPS hea (1),EL,1.0017493897477625,0.992814371257485
2070,0,upfront,GPS hea (1),EL,0.8873056994818653,0.8333333333333334
2071,0,upfront,GPS hea (1),EL,1.064102564102564,1.036111111111111
2072,0,upfront,GPS hea (1),EL,1.0509687034277198,1.0312499999999998
2073,0,upfront,GPS hea (1),EL,0.03135625236116358,0.5681818181818181
2074,0,prediction,GPS hea (1),mitte-EL,3.297014544526665,
2075,0,upfront,GPS hea (1),EL,0.9828745831684848,0.7644859813084113
2076,0,upfront,GPS hea (1),EL,1.4990811236545025,1.3805555555555555
2077,0,prediction,GPS hea (1),mitte-EL,1.3818508535489669,
2078,0,upfront_destination_changed,GPS hea (1),EL,1.3898836994646484,
2079,0,upfront,GPS hea (1),EL,1.1046032762880937,1.1092307692307692
2080,0,upfront,GPS hea (1),EL,1.1254019292604502,1.1216216216216217
2081,0,upfront,GPS hea (1),EL,0.7772333207689408,0.7999999999999999
2082,0,upfront,GPS hea (1),EL,1.6491275899672846,1.2428571428571427
2083,0,upfront,GPS hea (1),EL,0.013513513513513514,0.9523809523809523
2084,0,upfront,GPS hea (1),EL,1.8105914186316197,1.4677419354838708
2085,0,upfront,GPS hea (1),EL,1.096714406065712,1.3013698630136987
2086,0,upfront,GPS hea (1),EL,0.918008199180082,0.9373333333333334
2087,0,upfront,GPS hea (1),EL,0.9817371937639198,0.9621621621621621
2088,0,upfront,GPS hea (1),EL,0.999854163628409,0.9720930232558139
2089,0,upfront,GPS hea (1),EL,0.9720670391061452,1.0
2090,0,upfront,GPS hea (1),EL,1.0016243654822334,0.9894736842105263
2091,0,upfront,GPS hea (1),EL,0.9701957295373665,1.0
2092,0,upfront,GPS hea (1),EL,0.9548420777864787,0.9500000000000001
2093,0,prediction,GPS hea (1),mitte-EL,0.25774717166748645,
2094,0,upfront,GPS hea (1),EL,1.5568513119533527,1.325925925925926
2095,0,upfront,GPS hea (1),EL,0.9900439617274372,0.996774193548387
2096,1,prediction,GPS hea (1),mitte-EL,1.0190283085081495,
2097,0,upfront_destination_changed,GPS halb (0),EL,3.4220183486238533,
2098,0,upfront,GPS hea (1),EL,1.097425149700599,1.1034782608695652
2099,0,prediction,GPS halb (0),mitte-EL,1.0,
2100,0,upfront,GPS hea (1),EL,0.844440353460972,0.791304347826087
2101,0,upfront,GPS hea (1),EL,1.045745204131825,1.0
2102,0,upfront,GPS halb (0),EL,1.0887945357208788,
2103,0,upfront,GPS hea (1),EL,3.246393537218696,1.9333333333333333
2104,0,prediction,GPS hea (1),mitte-EL,0.8344942881025356,
2105,0,upfront,GPS hea (1),EL,0.4715221274062314,0.5952380952380952
2106,0,upfront,GPS hea (1),EL,0.9873359780286848,0.9648148148148148
2107,0,upfront,GPS hea (1),EL,1.191513391416586,1.5638297872340423
2108,0,upfront_destination_changed,GPS hea (1),EL,1.4632802025919858,
2109,0,prediction,GPS hea (1),mitte-EL,1.0365475607766357,
2110,0,upfront,GPS hea (1),EL,1.0049218653869816,0.9965517241379311
2111,0,upfront,GPS hea (1),EL,1.1997196160897228,1.0942857142857143
2112,0,upfront,GPS hea (1),EL,1.3425666013452677,1.2174603174603176
2113,0,upfront,GPS hea (1),EL,1.0193916349809886,0.9689655172413794
2114,0,upfront,GPS hea (1),EL,0.9982869379014989,1.0
2115,0,upfront,GPS hea (1),EL,1.0684615384615384,1.0571428571428572
2116,0,upfront,GPS hea (1),EL,1.0495026193419272,1.0561797752808988
2117,0,upfront,GPS hea (1),EL,1.066174159069475,1.2107142857142859
2118,0,prediction,GPS hea (1),mitte-EL,1.01609599063506,
2119,0,upfront,GPS hea (1),EL,0.9022432113341204,0.865625
2120,0,prediction,GPS hea (1),mitte-EL,1.000913798355163,
2121,1,prediction,GPS hea (1),mitte-EL,0.9524357499041043,
2122,0,upfront_destination_changed,GPS halb (0),EL,2.033984706881903,
2123,0,prediction,GPS hea (1),mitte-EL,0.8945444319460067,
2124,0,upfront,GPS hea (1),EL,0.9415638623504313,0.951219512195122
2125,0,prediction,GPS halb (0),mitte-EL,0.8483910891089109,
2126,1,prediction,GPS halb (0),mitte-EL,1.0506803814421943,
2127,1,prediction,GPS halb (0),mitte-EL,2.727272727272727,
2128,0,upfront,GPS hea (1),EL,1.215429962834807,1.2121212121212122
2129,0,prediction,GPS halb (0),mitte-EL,1.0,
2130,1,prediction,GPS halb (0),mitte-EL,0.887297818667458,
2131,0,upfront,GPS hea (1),EL,0.933001755412522,0.9016949152542373
2132,0,prediction,GPS halb (0),mitte-EL,1.0,
2133,0,upfront,GPS hea (1),EL,1.1092236862994127,1.1568627450980393
2134,1,prediction,GPS hea (1),mitte-EL,2.344373099019939,
2135,0,upfront,GPS hea (1),EL,1.3572555205047319,1.2517241379310344
2136,1,prediction,GPS halb (0),mitte-EL,2.119217081850534,
2137,0,upfront,GPS hea (1),EL,1.4696888888888888,1.265
2138,0,prediction,GPS hea (1),mitte-EL,0.9483438847600697,
2139,0,prediction,GPS hea (1),mitte-EL,0.72128723329343,
2140,0,upfront,GPS hea (1),EL,1.5631650750341064,1.5146341463414634
2141,0,prediction,GPS halb (0),mitte-EL,1.1751088246933121,
2142,0,upfront,GPS hea (1),EL,2.4349859681945745,1.436
2143,0,upfront,GPS hea (1),EL,1.046751288173935,1.107936507936508
2144,0,upfront,GPS hea (1),EL,0.9944613680420936,0.9553191489361702
2145,0,upfront,GPS hea (1),EL,1.0,0.9431578947368422
2146,0,upfront,GPS hea (1),EL,0.9940399067115833,0.930952380952381
2147,0,upfront,GPS hea (1),EL,1.47492573824917,1.3153846153846154
2148,0,prediction,GPS halb (0),mitte-EL,1.0,
2149,0,upfront,GPS hea (1),EL,1.4535437014775858,1.206451612903226
2150,0,prediction,GPS hea (1),mitte-EL,0.1254355400696864,
2151,0,prediction,GPS halb (0),mitte-EL,0.9448132780082987,
2152,0,prediction,GPS hea (1),mitte-EL,1.4504189483407006,
2153,0,prediction,GPS hea (1),mitte-EL,0.27462437395659434,
2154,0,upfront,GPS hea (1),EL,1.0211055276381908,0.908695652173913
2155,0,upfront,GPS hea (1),EL,1.0009887005649718,0.985
2156,0,upfront,GPS hea (1),EL,0.9696662364005163,1.0417475728155339
2157,0,upfront,GPS hea (1),EL,1.293052432240502,1.239622641509434
2158,0,upfront,GPS hea (1),EL,1.0252676659528908,0.9814814814814814
2159,0,upfront,GPS hea (1),EL,1.0126639529624604,1.5611111111111111
2160,0,prediction,GPS hea (1),mitte-EL,1.1292341678939617,
2161,1,prediction,GPS halb (0),mitte-EL,2.602899239543726,
2162,0,prediction,GPS hea (1),mitte-EL,0.9967793880837359,
2163,0,prediction,GPS halb (0),mitte-EL,0.840555860303529,
2164,0,prediction,GPS halb (0),mitte-EL,1.278863775198534,
2165,0,upfront,GPS hea (1),EL,0.9958560743885183,0.9493333333333334
2166,0,upfront,GPS hea (1),EL,1.0221470163738615,1.1115107913669064
2167,0,prediction,GPS halb (0),mitte-EL,2.4174608054103905,
2168,1,prediction,GPS halb (0),mitte-EL,,
2169,0,upfront,GPS hea (1),EL,1.0172894590072503,1.3095238095238095
2170,0,prediction,GPS halb (0),mitte-EL,1.0,
2171,0,prediction,GPS hea (1),mitte-EL,0.6255312912208706,
2172,0,prediction,GPS hea (1),mitte-EL,1.9033073929961088,
2173,0,upfront,GPS hea (1),EL,0.7849604221635884,0.8340425531914893
2174,0,prediction,GPS hea (1),mitte-EL,0.9279406570116566,
2175,0,upfront,GPS hea (1),EL,0.9638571029863243,1.3982456140350876
2176,1,prediction,GPS halb (0),mitte-EL,1.71127358182649,
2177,0,prediction,GPS hea (1),mitte-EL,1.212938532199746,
2178,0,upfront,GPS hea (1),EL,1.1757365238646598,1.1196969696969696
2179,0,upfront,GPS halb (0),EL,0.7286978370111427,
2180,0,upfront,GPS hea (1),EL,1.4787716955941255,1.2804347826086957
2181,0,upfront,GPS hea (1),EL,1.2407122232916266,1.1591397849462364
2182,0,upfront,GPS hea (1),EL,0.7020448988664147,0.8102941176470588
2183,0,upfront,GPS hea (1),EL,1.0044154009184034,0.9901477832512315
2184,0,upfront,GPS hea (1),EL,1.0935397039030956,1.0
2185,0,upfront,GPS hea (1),EL,1.020393811533052,1.028358208955224
2186,0,upfront,GPS hea (1),EL,0.9884941304516831,0.9861878453038674
2187,0,prediction,GPS halb (0),mitte-EL,1.0,
2188,0,upfront,GPS halb (0),EL,0.9960245753523672,
2189,0,upfront,GPS hea (1),EL,1.0403955396591626,1.017283950617284
2190,0,prediction,GPS halb (0),mitte-EL,1.0008990380293086,
2191,0,prediction,GPS hea (1),mitte-EL,0.9912190082644629,
2192,1,prediction,GPS halb (0),mitte-EL,1.0,
2193,0,upfront,GPS hea (1),EL,1.7492420189049402,1.5530612244897959
2194,0,upfront,GPS hea (1),EL,1.767279411764706,1.4514285714285715
2195,0,upfront,GPS hea (1),EL,1.2959730933551494,1.2825
2196,0,upfront,GPS hea (1),EL,0.8094648932879678,0.8972222222222221
2197,0,upfront,GPS hea (1),EL,1.552116788321168,1.4999999999999998
2198,0,upfront,GPS hea (1),EL,0.9947665996916032,1.0
2199,0,upfront_destination_changed,GPS hea (1),EL,3.110547299746285,
2200,0,upfront,GPS hea (1),EL,0.9400844447423095,0.9169491525423729
2201,0,upfront_destination_changed,GPS hea (1),EL,1.9353779470677086,
2202,0,prediction,GPS hea (1),mitte-EL,1.0128797083839611,
2203,1,prediction,GPS halb (0),mitte-EL,0.8149951314508277,
2204,0,upfront,GPS hea (1),EL,1.4296875,1.284848484848485
2205,0,upfront,GPS hea (1),EL,0.9332381292395573,0.9327272727272727
2206,0,upfront,GPS hea (1),EL,1.000620347394541,0.9771739130434783
2207,0,prediction,GPS hea (1),mitte-EL,0.8325486182190379,
2208,0,prediction,GPS hea (1),mitte-EL,0.973630237327864,
2209,0,upfront_destination_changed,GPS hea (1),EL,2.609351879254217,
2210,0,prediction,GPS hea (1),mitte-EL,1.0140244343237186,
2211,0,prediction,GPS hea (1),mitte-EL,1.0763331162723393,
2212,0,upfront,GPS halb (0),EL,1.1480202260230443,1.1031250000000001
2213,1,prediction,GPS hea (1),mitte-EL,0.9748983560190914,
2214,0,upfront,GPS hea (1),EL,0.8350272232304901,0.8488888888888888
2215,0,upfront,GPS hea (1),EL,0.4724474371306857,0.5017543859649123
2216,0,upfront_destination_changed,GPS hea (1),EL,5.3233963268565346e-05,
2217,0,upfront,GPS hea (1),EL,0.9892627057981389,0.9962962962962962
2218,0,upfront,GPS hea (1),EL,1.0092825885161119,1.0719298245614035
2219,0,upfront,GPS hea (1),EL,0.9952140388194629,0.965217391304348
2220,0,prediction,GPS halb (0),mitte-EL,0.7847389558232932,
2221,0,prediction,GPS hea (1),mitte-EL,0.15378876691889587,
2222,0,upfront,GPS hea (1),EL,0.9999548236994873,1.0113138686131389
2223,0,upfront_destination_changed,GPS hea (1),EL,2.3044733044733046,
2224,0,prediction,GPS hea (1),mitte-EL,0.9808890385586799,
2225,0,upfront,GPS hea (1),EL,1.0024596157681314,0.9972602739726028
2226,0,upfront,GPS hea (1),EL,1.0033743549027392,0.9020833333333333
2227,0,upfront_destination_changed,GPS hea (1),EL,2.626746506986028,
2228,0,upfront,GPS hea (1),EL,1.0175644028103044,1.0
2229,0,prediction,GPS halb (0),mitte-EL,1.0,
2230,0,upfront,GPS hea (1),EL,0.9792691691082979,0.9818840579710145
2231,0,upfront,GPS hea (1),EL,0.9978565208654298,0.9723404255319149
2232,0,prediction,GPS hea (1),mitte-EL,0.9943219772879092,
2233,0,upfront,GPS hea (1),EL,1.5673469387755101,1.3267857142857142
2234,0,prediction,GPS halb (0),mitte-EL,1.6835491977575874,
2235,0,upfront,GPS hea (1),EL,1.1623330990864371,1.2
2236,0,upfront,GPS hea (1),EL,0.05555311580519081,0.17567567567567569
2237,0,upfront,GPS hea (1),EL,0.9947061531379469,0.9947368421052631
2238,0,upfront,GPS hea (1),EL,1.0200947867298578,1.0022222222222221
2239,0,upfront,GPS hea (1),EL,1.3661851586244578,1.2645161290322582
2240,0,upfront,GPS hea (1),EL,0.8620984278879016,0.9
2241,1,prediction,GPS hea (1),mitte-EL,0.0,
2242,0,upfront,GPS hea (1),EL,1.4208079046788724,1.3436363636363635
2243,0,prediction,GPS halb (0),mitte-EL,1.2119152339064374,
2244,0,prediction,GPS hea (1),mitte-EL,0.5207482993197279,
2245,0,upfront,GPS hea (1),EL,1.4003269754768393,1.285294117647059
2246,0,upfront,GPS hea (1),EL,1.0324989815778753,1.0607142857142857
2247,0,upfront,GPS hea (1),EL,0.9855735397607319,0.9718749999999999
2248,0,upfront,GPS hea (1),EL,1.0124567474048443,1.057142857142857
2249,0,upfront,GPS hea (1),EL,1.0148217385498732,1.0250000000000001
2250,0,upfront,GPS hea (1),EL,0.787280047718461,0.789010989010989
2251,0,upfront,GPS hea (1),EL,1.0117173630015386,1.020967741935484
2252,0,upfront,GPS hea (1),EL,1.0586189766517635,1.032
2253,0,upfront,GPS hea (1),EL,1.0063833902895094,1.018181818181818
2254,0,upfront,GPS hea (1),EL,1.0400478182904962,0.997872340425532
2255,0,upfront,GPS hea (1),EL,0.9458466062239648,0.9215686274509804
2256,0,upfront,GPS hea (1),EL,0.989630707658723,0.8957446808510637
2257,0,upfront,GPS hea (1),EL,1.2477307947752934,1.2972222222222223
2258,0,upfront,GPS hea (1),EL,0.9965635738831615,1.031111111111111
2259,0,upfront,GPS hea (1),EL,1.0968229954614221,1.0
2260,0,prediction,GPS hea (1),mitte-EL,0.7763671875,
2261,0,upfront,GPS hea (1),EL,1.0240352064996614,0.9199999999999999
2262,0,upfront,GPS hea (1),EL,0.0,0.36231884057971014
2263,0,upfront_destination_changed,GPS hea (1),EL,0.4125213029357857,
2264,0,upfront_destination_changed,GPS hea (1),EL,0.9234589154472621,
2265,0,upfront_destination_changed,GPS hea (1),EL,1.0922284644194757,
2266,0,upfront,GPS hea (1),EL,0.9978655282817502,0.9952380952380951
2267,0,upfront_destination_changed,GPS hea (1),EL,1.8640840446487197,
2268,0,prediction,GPS halb (0),mitte-EL,1.0,
2269,1,prediction,GPS halb (0),mitte-EL,1.0,
2270,0,upfront,GPS hea (1),EL,0.9933456561922366,1.2317073170731707
2271,0,upfront,GPS hea (1),EL,0.9782567947516401,0.9666666666666667
2272,0,upfront,GPS hea (1),EL,0.9810126582278481,1.0
2273,0,upfront_destination_changed,GPS hea (1),EL,1.0434007134363852,
2274,0,upfront,GPS hea (1),EL,0.7661568820917612,1.0
2275,0,upfront,GPS hea (1),EL,1.4099811029032812,1.2938271604938272
2276,1,prediction,GPS hea (1),mitte-EL,0.9199962832187326,
2277,0,prediction,GPS hea (1),mitte-EL,0.4729678279078622,
2278,0,upfront,GPS hea (1),EL,1.0518331226295827,1.0454545454545456
2279,0,prediction,GPS halb (0),mitte-EL,1.0,
2280,1,prediction,GPS halb (0),mitte-EL,1.0,
2281,0,prediction,GPS halb (0),mitte-EL,1.1137835337650324,
2282,1,prediction,GPS hea (1),mitte-EL,0.9857397504456328,
2283,0,prediction,GPS hea (1),mitte-EL,1.0419291338582677,
2284,0,prediction,GPS hea (1),mitte-EL,1.138288151081328,
2285,0,prediction,GPS hea (1),mitte-EL,0.034555089423713846,
2286,1,prediction,GPS halb (0),mitte-EL,0.7464491362763915,
2287,0,prediction,GPS hea (1),mitte-EL,1.058504347826087,
2288,0,prediction,GPS hea (1),mitte-EL,1.0635600893342185,
2289,0,prediction,GPS hea (1),mitte-EL,1.1110699740836727,
2290,0,upfront,GPS hea (1),EL,1.0074714418030257,1.2008849557522123
2291,0,upfront,GPS hea (1),EL,0.8991425071457738,0.8340425531914893
2292,0,prediction,GPS halb (0),mitte-EL,0.6437158469945355,
2293,0,upfront_destination_changed,GPS hea (1),EL,1.6023523523523524,
2294,0,prediction,GPS halb (0),mitte-EL,1.0,
2295,0,prediction,GPS hea (1),mitte-EL,0.4977361468804519,
2296,0,prediction,GPS hea (1),mitte-EL,0.9444336127900176,
2297,0,upfront,GPS hea (1),EL,1.296870342771982,1.251219512195122
2298,0,prediction,GPS hea (1),mitte-EL,0.0,
2299,1,prediction,GPS hea (1),mitte-EL,1.216353449282129,
2300,0,prediction,GPS halb (0),mitte-EL,1.1378731343283581,
2301,0,prediction,GPS hea (1),mitte-EL,1.1586206896551725,
2302,0,prediction,GPS hea (1),mitte-EL,1.1443661971830985,
2303,1,prediction,GPS halb (0),mitte-EL,1.0,
2304,1,prediction,GPS halb (0),mitte-EL,2.532423208191126,
2305,0,prediction,GPS hea (1),mitte-EL,1.9207766672128461,
2306,0,prediction,GPS hea (1),mitte-EL,0.0,
2307,0,prediction,GPS halb (0),mitte-EL,1.0,
2308,0,prediction,GPS hea (1),mitte-EL,1.0174391922900412,
2309,0,upfront,GPS hea (1),EL,0.06284870364292747,0.46875
2310,0,prediction,GPS halb (0),mitte-EL,6.864163554157657,
2311,0,prediction,GPS hea (1),mitte-EL,0.9137396694214877,
2312,0,upfront,GPS hea (1),EL,1.021864686468647,0.9695652173913044
2313,0,upfront,GPS hea (1),EL,0.7919664268585132,0.84375
2314,0,prediction,GPS hea (1),mitte-EL,1.0514450292978448,
2315,0,upfront,GPS hea (1),EL,1.6700155898146545,1.5162162162162163
2316,0,upfront,GPS hea (1),EL,1.0476972398154665,1.0555555555555556
2317,0,upfront,GPS hea (1),EL,1.2949034114262228,1.2121951219512195
2318,0,prediction,GPS halb (0),mitte-EL,1.013431322858591,
2319,0,prediction,GPS hea (1),mitte-EL,1.3310388722566653,
2320,0,prediction,GPS hea (1),mitte-EL,0.21339720961506137,
2321,1,prediction,GPS halb (0),mitte-EL,0.9201050262565641,
2322,0,upfront,GPS hea (1),EL,1.1473701351571406,1.294
2323,0,upfront,GPS hea (1),EL,1.0039055719493144,1.006060606060606
2324,1,prediction,GPS hea (1),mitte-EL,1.0456098394260336,
2325,0,prediction,GPS hea (1),mitte-EL,1.1101839560022757,
2326,0,upfront,GPS hea (1),EL,1.3769343065693431,1.2205882352941178
2327,0,prediction,GPS halb (0),mitte-EL,1.0,
2328,0,prediction,GPS hea (1),mitte-EL,1.1607625998867426,
2329,0,upfront,GPS hea (1),EL,1.1649179445789615,1.2105263157894737
2330,0,upfront,GPS hea (1),EL,1.012372799224681,1.0769633507853402
2331,0,prediction,GPS halb (0),mitte-EL,0.8210658450302408,
2332,0,upfront,GPS hea (1),EL,1.0202640167567831,1.0162790697674418
2333,0,upfront,GPS hea (1),EL,1.050917832167832,1.3125
2334,0,prediction,GPS hea (1),mitte-EL,1.517602495543672,
2335,0,upfront,GPS hea (1),EL,1.0218936185485608,1.2197802197802199
2336,0,prediction,GPS hea (1),mitte-EL,0.1239801146066563,
2337,0,prediction,GPS halb (0),mitte-EL,2.5881114464172925,
2338,0,prediction,GPS halb (0),mitte-EL,0.919455993235149,
2339,0,prediction,GPS hea (1),mitte-EL,1.06604680987496,
2340,0,prediction,GPS hea (1),mitte-EL,0.03361219002091425,
2341,0,upfront,GPS hea (1),EL,0.9962311557788944,0.9717557251908397
2342,0,upfront,GPS hea (1),EL,1.0362010221465077,1.3649122807017544
2343,0,upfront,GPS hea (1),EL,1.009865924614217,1.0257309941520467
2344,0,upfront,GPS hea (1),EL,1.002478656017626,1.1446808510638298
2345,0,prediction,GPS halb (0),mitte-EL,0.9992093075793517,
2346,0,prediction,GPS hea (1),mitte-EL,1.4854686860417519,
2347,0,prediction,GPS halb (0),mitte-EL,1.0,
2348,0,upfront,GPS hea (1),EL,0.9871733205066539,1.017948717948718
2349,0,upfront,GPS hea (1),EL,0.9950581395348838,0.9742857142857143
2350,0,prediction,GPS hea (1),mitte-EL,0.6344098649442161,
2351,0,upfront,GPS hea (1),EL,0.9790697674418605,0.9863636363636363
2352,0,prediction,GPS hea (1),mitte-EL,1.0648351648351648,
2353,1,prediction,GPS hea (1),mitte-EL,1.3975851660198362,
2354,0,prediction,GPS hea (1),mitte-EL,1.0392156862745099,
2355,0,upfront,GPS hea (1),EL,0.9863088718510405,1.023008849557522
2356,0,prediction,GPS halb (0),mitte-EL,1.0,
2357,0,upfront,GPS hea (1),EL,1.167142857142857,1.1528301886792454
2358,0,upfront,GPS hea (1),EL,1.2379900607399228,1.3333333333333335
2359,0,prediction,GPS hea (1),mitte-EL,0.9662420382165605,
2360,0,upfront,GPS hea (1),EL,0.6154970760233918,0.8636363636363636
2361,0,prediction,GPS hea (1),mitte-EL,8.58663918942126e-05,
2362,0,prediction,GPS halb (0),mitte-EL,1.0,
2363,0,prediction,GPS hea (1),mitte-EL,0.30945054945054945,
2364,0,upfront,GPS hea (1),EL,1.535796766743649,1.3103448275862069
2365,0,upfront,GPS hea (1),EL,1.0006362942224485,0.9586206896551723
2366,0,upfront,GPS hea (1),EL,1.0086947730259832,0.9925925925925926
2367,0,upfront,GPS hea (1),EL,1.1153644467750394,1.2575
2368,0,prediction,GPS hea (1),mitte-EL,1.2397969146651044,
2369,0,prediction,GPS halb (0),mitte-EL,3.5324467232815255,
2370,0,prediction,GPS hea (1),mitte-EL,1.5510019587162875,
2371,0,upfront,GPS hea (1),EL,1.092719466520508,1.1076923076923075
2372,0,upfront,GPS hea (1),EL,0.9937837562417202,0.9766233766233765
2373,0,upfront,GPS hea (1),EL,0.9858899133836267,0.9857142857142858
2374,1,prediction,GPS halb (0),mitte-EL,1.3140929535232384,
2375,0,prediction,GPS hea (1),mitte-EL,1.1353945752874204,
2376,1,prediction,GPS halb (0),mitte-EL,0.13718574593002,
2377,0,upfront,GPS hea (1),EL,0.8097988874625588,0.8698630136986301
2378,0,upfront,GPS hea (1),EL,1.02934754126998,1.0109090909090908
2379,0,upfront,GPS hea (1),EL,0.5026611472501479,0.9821428571428572
2380,0,upfront,GPS hea (1),EL,1.002475685234306,0.99
2381,0,prediction,GPS hea (1),mitte-EL,0.003817333521843631,
2382,0,prediction,GPS halb (0),mitte-EL,0.09777227722772278,
2383,0,prediction,GPS hea (1),mitte-EL,1.1187814907048126,
2384,0,upfront,GPS hea (1),EL,1.0365658018476518,1.0061855670103093
2385,0,prediction,GPS halb (0),mitte-EL,0.11857292759706191,
2386,0,prediction,GPS hea (1),mitte-EL,1.196614317764634,
2387,0,upfront,GPS hea (1),EL,1.2697455685517907,1.2651515151515151
2388,0,prediction,GPS hea (1),mitte-EL,1.1987023519870235,
2389,0,prediction,GPS halb (0),mitte-EL,0.0004789272030651341,
2390,0,prediction,GPS hea (1),mitte-EL,1.3655280041616091,
2391,1,prediction,GPS halb (0),mitte-EL,2.1246302504436994,
2392,0,upfront,GPS hea (1),EL,1.2053835800807537,1.2009345794392523
2393,0,prediction,GPS halb (0),mitte-EL,1.0,
2394,0,prediction,GPS halb (0),mitte-EL,0.9370599530616599,
2395,0,prediction,GPS hea (1),mitte-EL,0.0,
2396,1,prediction,GPS hea (1),mitte-EL,0.9635514018691589,
2397,0,upfront,GPS hea (1),EL,1.255268022181146,1.6666666666666665
2398,1,prediction,GPS halb (0),mitte-EL,0.7739523561119805,
2399,0,prediction,GPS halb (0),mitte-EL,0.02907599001070282,
2400,0,upfront,GPS halb (0),EL,1.064445932373619,2.135714285714286
2401,0,prediction,GPS halb (0),mitte-EL,0.2058565474884843,
2402,1,upfront,GPS hea (1),EL,1.251017214397496,1.573684210526316
2403,0,prediction,GPS hea (1),mitte-EL,0.9990341274951706,
2404,0,upfront,GPS hea (1),EL,1.1224285999600558,1.0945945945945945
2405,0,upfront,GPS hea (1),EL,1.0135029183726805,1.1
2406,0,prediction,GPS hea (1),mitte-EL,2.4686436558094313,
2407,1,prediction,GPS halb (0),mitte-EL,1.0,
2408,0,prediction,GPS halb (0),mitte-EL,0.6950170809282601,
2409,0,upfront,GPS hea (1),EL,1.6632841328413284,0.9821428571428572
2410,0,prediction,GPS hea (1),mitte-EL,0.02786788557947508,
2411,0,prediction,GPS hea (1),mitte-EL,0.052118680936222045,
2412,0,upfront,GPS halb (0),EL,3.189936009307737,2.6821428571428574
2413,0,prediction,GPS hea (1),mitte-EL,1.0278940027894004,
2414,0,upfront,GPS hea (1),EL,1.05764192139738,0.9866666666666668
2415,0,prediction,GPS hea (1),mitte-EL,0.029715762273901807,
2416,0,prediction,GPS halb (0),mitte-EL,1.0,
2417,0,prediction,GPS hea (1),mitte-EL,1.1907434986825525,
2418,0,prediction,GPS halb (0),mitte-EL,1.0,
2419,0,prediction,GPS hea (1),mitte-EL,0.6454314720812183,
2420,0,prediction,GPS hea (1),mitte-EL,0.001693002257336343,
2421,0,prediction,GPS hea (1),mitte-EL,1.3563501849568433,
2422,0,upfront,GPS hea (1),EL,1.243280027220143,1.690909090909091
2423,0,upfront,GPS hea (1),EL,0.9761623583956611,0.994478527607362
2424,0,upfront,GPS hea (1),EL,1.0218045112781955,1.45
2425,0,prediction,GPS halb (0),mitte-EL,1.3699521531100478,
2426,0,prediction,GPS hea (1),mitte-EL,1.1042674406105557,
2427,0,upfront,GPS hea (1),EL,0.23245407442298635,0.39682539682539686
2428,0,upfront,GPS halb (0),EL,1.0024595924104005,0.979245283018868
2429,0,upfront,GPS hea (1),EL,0.9954304954304954,0.9888157894736842
2430,0,upfront,GPS hea (1),EL,1.298299638505824,1.2518518518518518
2431,0,prediction,GPS hea (1),mitte-EL,1.655564774208842,
2432,1,prediction,GPS halb (0),mitte-EL,0.8784229390681003,
2433,0,prediction,GPS halb (0),mitte-EL,0.6351803644477501,
2434,0,upfront,GPS hea (1),EL,1.0471698113207548,1.05
2435,0,upfront,GPS halb (0),EL,1.1291837933059308,1.0
2436,0,upfront,GPS hea (1),EL,0.9990826529676177,0.9720238095238094
2437,0,prediction,GPS halb (0),mitte-EL,0.9037516619457772,
2438,0,upfront,GPS hea (1),EL,1.1862039779940754,1.228
2439,0,prediction,GPS halb (0),mitte-EL,1.0,
2440,0,upfront,GPS hea (1),EL,1.0539672832900169,0.9721311475409836
2441,0,prediction,GPS hea (1),mitte-EL,0.2830279075338364,
2442,0,prediction,GPS hea (1),mitte-EL,0.0036144578313253013,
2443,0,upfront,GPS hea (1),EL,1.2119355570683004,1.2804878048780488
2444,0,upfront,GPS hea (1),EL,0.9420879333720705,1.0622222222222222
2445,0,prediction,GPS halb (0),mitte-EL,1.0,
2446,0,prediction,GPS hea (1),mitte-EL,1.7747497219132369,
2447,0,upfront,GPS hea (1),EL,1.5080772885650935,1.2384615384615385
2448,0,upfront,GPS hea (1),EL,1.781332628239027,1.4342105263157896
2449,0,upfront,GPS hea (1),EL,2.2737835875090777,1.765625
2450,1,prediction,GPS hea (1),mitte-EL,1.030543973625521,
2451,0,prediction,GPS hea (1),mitte-EL,1.1556974459724951,
2452,0,upfront,GPS hea (1),EL,1.1683075480543834,1.2285714285714286
2453,0,prediction,GPS halb (0),mitte-EL,1.0,
2454,0,prediction,GPS halb (0),mitte-EL,1.0,
2455,0,prediction,GPS hea (1),mitte-EL,1.0053658536585366,
2456,0,upfront,GPS hea (1),EL,0.8247344461305007,0.8447368421052632
2457,0,upfront,GPS hea (1),EL,0.9966745843230403,1.0021276595744681
2458,1,prediction,GPS halb (0),mitte-EL,0.7823706848396828,
2459,0,upfront,GPS hea (1),EL,1.3376102646351242,1.085
2460,0,upfront,GPS hea (1),EL,0.39718804920913886,0.5211538461538461
2461,0,prediction,GPS halb (0),mitte-EL,1.1310921828536868,
2462,1,prediction,GPS hea (1),mitte-EL,1.0168526785714285,
2463,0,prediction,GPS hea (1),mitte-EL,0.0,
2464,0,upfront,GPS hea (1),EL,0.9663911845730028,0.9909090909090909
2465,0,upfront,GPS hea (1),EL,0.9812827551784378,0.9243902439024391
2466,0,upfront,GPS hea (1),EL,1.1030907475066654,1.2205128205128204
2467,0,prediction,GPS hea (1),mitte-EL,0.7958753948101814,
2468,0,upfront,GPS halb (0),EL,0.9108979705309981,1.0122448979591836
2469,0,prediction,GPS halb (0),mitte-EL,1.0,
2470,1,prediction,GPS halb (0),mitte-EL,0.18426505240919802,
2471,0,upfront,GPS hea (1),EL,1.508616187989556,1.3533333333333333
2472,1,prediction,GPS hea (1),mitte-EL,1.3019076422007676,
2473,0,upfront,GPS hea (1),EL,1.1533923303834808,1.3275862068965518
2474,0,prediction,GPS halb (0),mitte-EL,1.0,
2475,0,upfront_waypoint_changed,GPS hea (1),EL,0.9853999588731236,
2476,0,prediction,GPS hea (1),mitte-EL,0.13877755511022044,
2477,0,upfront,GPS hea (1),EL,1.3741285824941905,1.2574468085106383
2478,0,upfront,GPS hea (1),EL,1.1906532129580456,1.2375
2479,1,upfront,GPS hea (1),EL,1.4886420999495205,1.5372093023255815
2480,1,prediction,GPS hea (1),mitte-EL,1.014903129657228,
2481,0,upfront,GPS hea (1),EL,0.9770751847023034,1.154878048780488
2482,0,upfront,GPS hea (1),EL,0.8774051676745465,0.8969230769230769
2483,0,upfront,GPS hea (1),EL,0.9848193697156034,1.2827586206896553
2484,0,upfront,GPS hea (1),EL,0.8516073478760046,0.8946236559139784
2485,0,upfront,GPS hea (1),EL,0.723741979061128,0.782608695652174
2486,0,prediction,GPS hea (1),mitte-EL,0.89536436474628,
2487,0,upfront,GPS halb (0),EL,1.0420188960716061,1.3744186046511628
2488,0,upfront,GPS hea (1),EL,0.8292527353908051,1.0196428571428573
2489,1,upfront,GPS halb (0),EL,2.3965387999869634,
2490,0,upfront_destination_changed,GPS hea (1),EL,2.014799154334038,
2491,0,upfront,GPS hea (1),EL,1.0446444326804305,1.0326530612244897
2492,1,prediction,GPS halb (0),mitte-EL,1.0,
2493,0,upfront,GPS hea (1),EL,1.7503628447024673,1.0
2494,0,upfront,GPS hea (1),EL,1.000091642228739,1.0085365853658537
2495,0,upfront,GPS hea (1),EL,1.821969696969697,1.5585365853658537
2496,0,prediction,GPS halb (0),mitte-EL,0.6374685045205276,
2497,0,upfront,GPS hea (1),EL,0.69125,0.77
2498,0,upfront,GPS hea (1),EL,1.3797216699801194,1.26
2499,0,prediction,GPS hea (1),mitte-EL,1.0717222076445378,
2500,0,prediction,GPS hea (1),mitte-EL,1.0392958189248664,
2501,0,upfront,GPS hea (1),EL,1.1037524502940352,1.0522727272727272
2502,0,upfront,GPS hea (1),EL,1.042947127314373,1.3175675675675675
2503,0,prediction,GPS halb (0),mitte-EL,0.7818355412340374,
2504,0,upfront,GPS hea (1),EL,1.3952155001977067,1.2294117647058822
2505,0,upfront,GPS hea (1),EL,1.0066932270916336,0.7972222222222222
2506,0,upfront,GPS hea (1),EL,1.607043040804919,1.2181818181818183
2507,0,upfront,GPS hea (1),EL,0.7942352198611403,0.89
2508,0,upfront,GPS hea (1),EL,1.32225656877898,1.271153846153846
2509,0,prediction,GPS halb (0),mitte-EL,1.0,
2510,0,prediction,GPS halb (0),mitte-EL,2.419952148132737,
2511,0,upfront,GPS hea (1),EL,1.2283620518914637,1.2069767441860466
2512,0,upfront,GPS hea (1),EL,0.3803408545367259,0.43815789473684214
2513,0,upfront,GPS hea (1),EL,0.9957282071819517,0.9533333333333334
2514,0,prediction,GPS hea (1),mitte-EL,0.2830784341237547,
2515,0,upfront,GPS hea (1),EL,1.3334601001457818,1.2044943820224718
2516,0,prediction,GPS hea (1),mitte-EL,2.115561118064247,
2517,0,prediction,GPS hea (1),mitte-EL,1.0564853556485356,
2518,0,prediction,GPS halb (0),mitte-EL,1.0,
2519,0,prediction,GPS hea (1),mitte-EL,0.0521978021978022,
2520,0,prediction,GPS hea (1),mitte-EL,0.8820490744726647,
2521,0,upfront,GPS hea (1),EL,1.1047975501871385,1.367741935483871
2522,0,prediction,GPS halb (0),mitte-EL,1.0,
2523,0,upfront,GPS hea (1),EL,1.1054707852623744,1.1496153846153847
2524,0,upfront,GPS hea (1),EL,1.2603822388274177,1.286
2525,0,upfront,GPS hea (1),EL,1.0352862849533955,1.0127272727272727
2526,0,upfront,GPS hea (1),EL,1.2682492581602374,1.3333333333333333
2527,0,prediction,GPS halb (0),mitte-EL,0.6119708288865172,
2528,0,upfront,GPS hea (1),EL,1.0474563401670463,1.0194444444444444
2529,0,upfront,GPS hea (1),EL,0.9947393591582975,0.9894736842105263
2530,0,upfront_destination_changed,GPS hea (1),EL,2.0212847801000127,
2531,1,prediction,GPS hea (1),mitte-EL,0.9600205549845837,
2532,0,upfront,GPS hea (1),EL,1.1715428857214303,1.2366666666666666
2533,0,upfront,GPS hea (1),EL,1.517615971814445,1.3037037037037036
2534,0,upfront,GPS hea (1),EL,0.997338065661047,1.16625
2535,0,upfront_destination_changed,GPS hea (1),EL,1.160092807424594,
2536,0,prediction,GPS halb (0),mitte-EL,0.7629107981220657,
2537,0,upfront,GPS hea (1),EL,0.0,1.0
2538,0,upfront,GPS hea (1),EL,0.8350448247758762,0.8390243902439025
2539,0,upfront,GPS hea (1),EL,1.4792261750194755,1.3666666666666667
2540,1,prediction,GPS halb (0),mitte-EL,4.066249021143305,
2541,0,prediction,GPS hea (1),mitte-EL,1.1318051575931232,
2542,0,upfront,GPS hea (1),EL,1.3372340425531914,1.2279069767441861
2543,0,upfront,GPS hea (1),EL,1.1047904191616766,1.2433333333333334
2544,0,prediction,GPS hea (1),mitte-EL,1.3193395694804464,
2545,0,prediction,GPS hea (1),mitte-EL,0.9735077129443327,
2546,0,upfront,GPS hea (1),EL,0.973284200829111,1.0136363636363634
2547,0,prediction,GPS hea (1),mitte-EL,1.14659839063643,
2548,1,prediction,GPS hea (1),mitte-EL,2.2460531552646708,
2549,1,prediction,GPS hea (1),mitte-EL,0.7663755458515283,
2550,0,prediction,GPS hea (1),mitte-EL,0.0,
2551,0,upfront,GPS hea (1),EL,1.0272741124485754,1.428
2552,0,upfront,GPS hea (1),EL,1.1516551193225557,1.2161290322580645
2553,0,upfront,GPS hea (1),EL,1.5495991983967936,1.8035714285714286
2554,0,prediction,GPS hea (1),mitte-EL,0.9929095658664013,
2555,0,prediction,GPS hea (1),mitte-EL,1.1008923049739376,
2556,0,prediction,GPS halb (0),mitte-EL,0.8994690265486726,
2557,0,prediction,GPS halb (0),mitte-EL,1.0,
2558,0,prediction,GPS hea (1),mitte-EL,0.006823443401973925,
2559,0,prediction,GPS hea (1),mitte-EL,1.0795171237370424,
2560,0,upfront,GPS hea (1),EL,0.0031498219665844975,0.4166666666666667
2561,0,upfront,GPS hea (1),EL,1.1609442060085837,1.1295081967213114
2562,0,upfront,GPS hea (1),EL,1.0083469965717693,1.0258064516129033
2563,0,upfront,GPS hea (1),EL,0.015339233038348082,0.36764705882352944
2564,0,upfront,GPS hea (1),EL,1.0086375779162957,1.0225352112676056
2565,0,upfront,GPS hea (1),EL,0.8906367041198502,1.0
2566,0,upfront,GPS hea (1),EL,1.0029544081111932,0.9421686746987952
2567,0,prediction,GPS hea (1),mitte-EL,0.12973378327709037,
2568,0,upfront,GPS hea (1),EL,1.1854504756575266,1.1926470588235294
2569,0,upfront,GPS hea (1),EL,1.0185406698564594,1.0
2570,0,upfront,GPS hea (1),EL,1.0506517690875232,1.0029411764705882
2571,0,prediction,GPS halb (0),mitte-EL,1.0,
2572,0,upfront,GPS hea (1),EL,1.3644938758271152,1.337179487179487
2573,0,upfront,GPS hea (1),EL,0.6659887005649717,1.21969696969697
2574,0,prediction,GPS hea (1),mitte-EL,0.2572855104952109,
2575,0,upfront,GPS hea (1),EL,1.0044354838709677,1.0129411764705882
2576,0,upfront,GPS hea (1),EL,0.4183944187874619,0.6947368421052632
2577,0,upfront,GPS hea (1),EL,0.9930673873450444,1.1107142857142858
2578,0,upfront,GPS hea (1),EL,0.5763907734056988,0.7142857142857143
2579,0,upfront,GPS hea (1),EL,0.6937787911218649,0.7255474452554744
2580,0,prediction,GPS hea (1),mitte-EL,1.057944495272949,
2581,0,prediction,GPS hea (1),mitte-EL,1.106677785618064,
2582,0,upfront,GPS hea (1),EL,0.9171045171045171,0.9635802469135802
2583,0,upfront,GPS hea (1),EL,1.004346476249612,1.1010989010989012
2584,0,upfront,GPS halb (0),EL,1.0026477146042363,
2585,0,upfront_destination_changed,GPS hea (1),EL,1.3379647014645137,
2586,0,upfront,GPS hea (1),EL,0.9498834498834499,0.9372881355932203
2587,0,prediction,GPS halb (0),mitte-EL,1.0,
2588,0,prediction,GPS halb (0),mitte-EL,1.0,
2589,1,prediction,GPS halb (0),mitte-EL,2.9765413903217883,
2590,0,upfront,GPS hea (1),EL,1.1344430217669654,1.1690140845070425
2591,0,upfront,GPS hea (1),EL,0.8237374003905219,0.8952380952380952
2592,0,prediction,GPS hea (1),mitte-EL,0.05086285195277021,
2593,0,prediction,GPS hea (1),mitte-EL,0.2505771621381637,
2594,0,upfront,GPS hea (1),EL,0.6556836902800659,1.0
2595,0,upfront,GPS hea (1),EL,1.0252424114671164,1.0024793388429754
2596,0,upfront,GPS hea (1),EL,1.0300920727599372,1.1056338028169015
2597,0,upfront,GPS hea (1),EL,0.9729825808745112,0.9745283018867925
2598,0,upfront,GPS hea (1),EL,1.0832929782082323,0.9976744186046512
2599,0,upfront,GPS hea (1),EL,1.645316253002402,1.2950980392156866
2600,0,upfront,GPS hea (1),EL,1.0199055151547323,1.0886107634543178
2601,0,prediction,GPS hea (1),mitte-EL,1.053300658600092,
2602,0,upfront,GPS hea (1),EL,1.0661552145875028,1.06
2603,0,upfront,GPS hea (1),EL,1.051809856083733,0.9831460674157303
2604,0,upfront,GPS hea (1),EL,0.853461987063938,0.8276923076923077
2605,0,prediction,GPS hea (1),mitte-EL,1.0056553559547572,
2606,0,prediction,GPS hea (1),mitte-EL,3.130823961441359,
2607,0,upfront,GPS hea (1),EL,0.9905850706119704,1.036764705882353
2608,0,upfront,GPS hea (1),EL,1.0177309520750353,1.0183673469387755
2609,0,upfront,GPS hea (1),EL,1.2045592091991124,1.2633333333333334
2610,0,prediction,GPS hea (1),mitte-EL,1.0637019230769231,
2611,0,prediction,GPS halb (0),mitte-EL,0.597679533356708,
2612,0,upfront,GPS hea (1),EL,1.4414564493098525,1.4225
2613,0,upfront_destination_changed,GPS hea (1),EL,1.62157606405394,
2614,0,upfront_destination_changed,GPS hea (1),EL,3.5073024054982818,
2615,0,upfront,GPS hea (1),EL,0.7214111922141119,1.0
2616,0,upfront,GPS halb (0),EL,1.044537880557502,1.0147368421052632
2617,0,upfront,GPS hea (1),EL,0.9227766936158349,0.8982456140350877
2618,0,upfront,GPS hea (1),EL,1.015220012055455,1.2391304347826089
2619,0,upfront,GPS hea (1),EL,0.9483419589802569,0.915686274509804
2620,0,upfront,GPS halb (0),EL,1.1039316790203029,1.14
2621,0,prediction,GPS hea (1),mitte-EL,0.09320500759823432,
2622,0,prediction,GPS hea (1),mitte-EL,1.0339924028440635,
2623,0,prediction,GPS halb (0),mitte-EL,1.0,
2624,0,upfront,GPS halb (0),EL,0.9835539510629764,1.3091603053435115
2625,0,upfront,GPS hea (1),EL,0.9295896328293737,0.9576923076923077
2626,0,upfront,GPS hea (1),EL,1.00903305276124,1.0545454545454545
2627,0,prediction,GPS hea (1),mitte-EL,0.8698167791706847,
2628,0,upfront,GPS hea (1),EL,1.2922741517917973,1.3
2629,0,upfront,GPS hea (1),EL,0.8616071428571429,1.4740740740740739
2630,0,upfront,GPS hea (1),EL,1.4840159840159841,1.4588235294117649
2631,0,upfront,GPS hea (1),EL,1.0864479315263909,1.1058823529411765
2632,0,upfront,GPS hea (1),EL,1.2724361027480622,1.2352941176470589
2633,0,upfront,GPS hea (1),EL,1.4544205222171325,1.3285714285714285
2634,0,upfront,GPS hea (1),EL,1.0242075362610292,1.0258823529411765
2635,0,upfront,GPS hea (1),EL,1.0,1.0409090909090908
2636,0,upfront_destination_changed,GPS hea (1),EL,1.034518860194823,
2637,0,upfront,GPS hea (1),EL,1.173686321700762,1.310843373493976
2638,1,prediction,GPS halb (0),mitte-EL,2.1031175059952036,
2639,0,upfront,GPS hea (1),EL,0.9769260852561595,0.9831325301204819
2640,1,prediction,GPS hea (1),mitte-EL,0.0017509301816590063,
2641,0,upfront,GPS hea (1),EL,0.11260268483269886,0.5263157894736842
2642,0,upfront,GPS hea (1),EL,1.0656698915274112,1.3403508771929824
2643,0,upfront,GPS hea (1),EL,1.6124168514412416,1.2444444444444445
2644,0,prediction,GPS hea (1),mitte-EL,1.0055123674911661,
2645,0,upfront,GPS hea (1),EL,0.8060483870967742,0.7065217391304348
2646,0,upfront,GPS hea (1),EL,1.2674418604651163,1.2212121212121214
2647,0,prediction,GPS hea (1),mitte-EL,0.003487966515521451,
2648,0,prediction,GPS halb (0),mitte-EL,1.0,
2649,0,upfront,GPS hea (1),EL,1.0852805280528053,0.9859374999999999
2650,0,prediction,GPS hea (1),mitte-EL,4.7486702127659575,
2651,0,prediction,GPS halb (0),mitte-EL,1.0,
2652,0,prediction,GPS halb (0),mitte-EL,1.0,
2653,0,prediction,GPS hea (1),mitte-EL,0.6695850113815444,
2654,0,prediction,GPS halb (0),mitte-EL,1.0,
2655,0,prediction,GPS hea (1),mitte-EL,0.9693766937669377,
2656,0,upfront,GPS hea (1),EL,0.96495505104373,0.9571428571428573
2657,0,upfront,GPS hea (1),EL,0.9453494482396216,1.0163265306122449
2658,0,upfront_destination_changed,GPS hea (1),EL,1.004041628776397,
2659,0,upfront,GPS hea (1),EL,1.0362892466423552,1.3000000000000003
2660,0,upfront,GPS hea (1),EL,0.9169204001739887,0.9259259259259258
2661,0,upfront,GPS hea (1),EL,1.038465264993702,1.040506329113924
2662,0,prediction,GPS hea (1),mitte-EL,1.1208085056665498,
2663,0,upfront,GPS hea (1),EL,0.9915151515151515,0.9434782608695652
2664,0,prediction,GPS hea (1),mitte-EL,0.9314263322884012,
2665,0,upfront,GPS hea (1),EL,1.2377049180327868,1.5325581395348837
2666,0,prediction,GPS hea (1),mitte-EL,3.9908256880733943,
2667,0,upfront,GPS hea (1),EL,0.9932913613375993,1.2516853932584269
2668,0,prediction,GPS hea (1),mitte-EL,1.5891083934357688,
2669,0,prediction,GPS hea (1),mitte-EL,1.0793190172180305,
2670,0,upfront,GPS hea (1),EL,1.0211150213002407,1.2783333333333333
2671,0,upfront,GPS hea (1),EL,1.7959697732997482,1.7028571428571428
2672,0,prediction,GPS hea (1),mitte-EL,2.57902601372003,
2673,0,upfront,GPS hea (1),EL,1.1012799109627156,1.0
2674,0,prediction,GPS halb (0),mitte-EL,0.8987213142518418,
2675,0,puudub,GPS hea (1),EL,,
2676,0,prediction,GPS halb (0),mitte-EL,1.0,
2677,0,prediction,GPS halb (0),mitte-EL,1.0,
2678,0,prediction,GPS halb (0),mitte-EL,1.021410058971566,
2679,0,upfront,GPS hea (1),EL,1.101906884596335,1.139622641509434
2680,0,prediction,GPS hea (1),mitte-EL,2.6727005870841487,
2681,0,upfront,GPS hea (1),EL,1.1060914855072463,1.311214953271028
2682,0,prediction,GPS hea (1),mitte-EL,1.046770601336303,
2683,0,prediction,GPS hea (1),mitte-EL,1.7621184919210053,
2684,0,upfront,GPS hea (1),EL,1.0546419650291423,1.0533333333333335
2685,0,upfront,GPS hea (1),EL,1.1810560114163395,1.2333333333333334
2686,1,prediction,GPS hea (1),mitte-EL,1.3608621425522833,
2687,0,prediction,GPS hea (1),mitte-EL,0.9204258390472754,
2688,0,upfront,GPS hea (1),EL,1.4842961944062356,1.2777777777777777
2689,0,upfront,GPS hea (1),EL,0.8793076804203369,0.8976744186046511
2690,0,upfront,GPS hea (1),EL,0.9140362659503022,0.9806451612903225
2691,1,prediction,GPS halb (0),mitte-EL,3.5727482678983833,
2692,0,prediction,GPS hea (1),mitte-EL,1.0118061309030655,
2693,0,upfront,GPS hea (1),EL,1.0824160577189899,1.0455696202531646
2694,0,upfront,GPS hea (1),EL,1.3646093471280771,1.3545454545454545
2695,0,upfront,GPS hea (1),EL,1.6678745470448582,1.6136363636363638
2696,0,upfront,GPS hea (1),EL,0.8394446422214311,0.8620689655172414
2697,0,prediction,GPS hea (1),mitte-EL,0.07924874026568941,
2698,0,upfront_destination_changed,GPS hea (1),EL,1.1539442521406449,
2699,0,upfront,GPS hea (1),EL,0.9046656073956377,1.11
2700,0,prediction,GPS hea (1),mitte-EL,1.0966113914924298,
2701,0,upfront,GPS hea (1),EL,0.20350404312668463,1.0
2702,1,prediction,GPS halb (0),mitte-EL,5.179169038133182,
2703,0,prediction,GPS halb (0),mitte-EL,1.0,
2704,0,prediction,GPS hea (1),mitte-EL,1.1076970348747888,
2705,0,upfront,GPS hea (1),EL,1.5547594677584442,1.0
2706,0,prediction,GPS hea (1),mitte-EL,0.9314695964320678,
2707,0,prediction,GPS hea (1),mitte-EL,1.0843205574912893,
2708,0,prediction,GPS halb (0),mitte-EL,1.0,
2709,0,prediction,GPS hea (1),mitte-EL,1.084006233177504,
2710,0,upfront,GPS hea (1),EL,1.118607816449543,1.0816326530612244
2711,0,upfront_destination_changed,GPS hea (1),EL,3.2069064748201437,
2712,1,prediction,GPS halb (0),mitte-EL,5.364403263725626,
2713,0,upfront,GPS hea (1),EL,1.4845033112582782,1.2023809523809523
2714,0,upfront,GPS hea (1),EL,1.4949464012251148,1.4999999999999998
2715,0,prediction,GPS halb (0),mitte-EL,0.9867890729959695,
2716,0,upfront,GPS hea (1),EL,2.0425696594427243,1.416
2717,0,upfront,GPS hea (1),EL,1.3987427031881454,1.217857142857143
2718,0,upfront,GPS hea (1),EL,0.9621249385145105,0.9432432432432433
2719,0,upfront,GPS hea (1),EL,0.9951615420633682,1.150877192982456
2720,0,upfront,GPS hea (1),EL,0.9650721336370539,1.0
2721,0,prediction,GPS hea (1),mitte-EL,1.3853995994902604,
2722,0,upfront,GPS hea (1),EL,1.24613987284287,1.17
2723,0,upfront,GPS hea (1),EL,0.8543776727436417,0.9479166666666666
2724,0,upfront,GPS hea (1),EL,1.0312537612838515,1.0062857142857142
2725,0,upfront,GPS hea (1),EL,1.299048882990489,1.2825
2726,0,prediction,GPS halb (0),mitte-EL,8.03239278802078,
2727,1,prediction,GPS halb (0),mitte-EL,1.0587361974575484,
2728,0,prediction,GPS halb (0),mitte-EL,1.0,
2729,0,upfront,GPS hea (1),EL,1.0742629807201878,1.0444444444444445
2730,0,upfront,GPS hea (1),EL,0.9833810888252149,1.0289855072463767
2731,0,upfront,GPS hea (1),EL,1.5766590389016018,1.2323529411764707
2732,0,prediction,GPS halb (0),mitte-EL,0.04098464661844944,
2733,0,upfront_destination_changed,GPS hea (1),EL,1.0794505790465931,
2734,0,prediction,GPS halb (0),mitte-EL,1.1610818933132983,
2735,0,upfront,GPS hea (1),EL,0.9858302818022607,0.9812500000000001
2736,0,prediction,GPS hea (1),mitte-EL,1.03639795093017,
2737,0,upfront,GPS hea (1),EL,1.435897435897436,1.2656249999999998
2738,0,upfront,GPS hea (1),EL,1.4085163007318695,1.2217391304347827
2739,0,upfront,GPS hea (1),EL,1.5105918322777898,1.388235294117647
2740,0,upfront,GPS hea (1),EL,1.0227556109725686,1.1527272727272726
2741,0,upfront,GPS hea (1),EL,1.1541515622302778,1.22875
2742,0,upfront,GPS hea (1),EL,1.6424006668519033,1.6875
2743,1,prediction,GPS hea (1),mitte-EL,1.0541322314049586,
2744,0,upfront,GPS hea (1),EL,0.9944661897691996,1.0058823529411764
2745,0,upfront,GPS hea (1),EL,0.8140313766966332,0.9076923076923076
2746,0,prediction,GPS hea (1),mitte-EL,1.0713897937024972,
2747,0,upfront,GPS hea (1),EL,1.2406022954617248,1.2697368421052633
2748,0,upfront,GPS halb (0),EL,1.1591095105581928,1.0703703703703704
2749,0,prediction,GPS hea (1),mitte-EL,1.5558419243986255,
2750,0,upfront,GPS hea (1),EL,0.7381546134663342,0.884313725490196
2751,0,upfront,GPS hea (1),EL,1.2160562338142804,1.2057142857142857
2752,0,upfront,GPS hea (1),EL,0.9802041660918748,0.9222222222222223
2753,0,upfront,GPS hea (1),EL,1.2921751615218953,1.2103448275862068
2754,0,upfront,GPS hea (1),EL,0.7748201438848921,0.9500000000000001
2755,0,upfront,GPS hea (1),EL,1.1694915254237288,1.051219512195122
2756,0,upfront,GPS hea (1),EL,0.9843381609969687,1.2566666666666666
2757,0,upfront,GPS hea (1),EL,1.1726669824727618,1.2483870967741935
2758,0,upfront,GPS hea (1),EL,1.049436253252385,0.9954545454545454
2759,0,prediction,GPS halb (0),mitte-EL,1.0,
2760,0,upfront,GPS hea (1),EL,1.0710556991536162,1.1622340425531916
2761,0,prediction,GPS hea (1),mitte-EL,1.397909577053962,
2762,0,upfront,GPS hea (1),EL,0.711228238300591,0.8425925925925926
2763,0,prediction,GPS halb (0),mitte-EL,1.3155797582680302,
2764,0,upfront,GPS halb (0),EL,58.8988326848249,3.9305555555555554
2765,1,prediction,GPS halb (0),mitte-EL,0.4518005975782356,
2766,1,prediction,GPS hea (1),mitte-EL,1.185773840541949,
2767,0,prediction,GPS hea (1),mitte-EL,1.0550821667681072,
2768,0,upfront,GPS hea (1),EL,1.0230897529448557,1.0353846153846153
2769,0,prediction,GPS hea (1),mitte-EL,0.9975031210986267,
2770,1,prediction,GPS halb (0),mitte-EL,1.454535274356103,
2771,0,upfront,GPS hea (1),EL,1.783882783882784,1.47
2772,0,prediction,GPS hea (1),mitte-EL,1.2664238499932552,
2773,0,upfront,GPS hea (1),EL,0.999611575063119,1.0
2774,0,upfront,GPS hea (1),EL,1.3875495376486129,1.245
2775,0,prediction,GPS hea (1),mitte-EL,1.1567648527209187,
2776,0,upfront,GPS hea (1),EL,1.352781954887218,1.2678571428571428
2777,0,upfront,GPS hea (1),EL,1.016748845581905,1.102272727272727
2778,0,upfront,GPS hea (1),EL,1.0162737508796622,1.0280821917808218
2779,0,prediction,GPS halb (0),mitte-EL,0.2509022438412051,
2780,0,upfront,GPS hea (1),EL,1.4945572227125625,1.3583333333333334
2781,0,upfront,GPS hea (1),EL,1.0057815403675407,0.9983606557377049
2782,0,upfront,GPS hea (1),EL,0.9916805324459235,0.9975
2783,0,upfront,GPS hea (1),EL,1.854901536463969,1.8904761904761904
2784,0,upfront,GPS hea (1),EL,0.5519465010747552,0.6754545454545454
2785,0,upfront,GPS hea (1),EL,0.9964621202879103,0.973076923076923
2786,0,upfront,GPS hea (1),EL,0.9832359664719329,0.9978260869565218
2787,0,upfront,GPS hea (1),EL,0.9882046188229451,0.9582278481012658
2788,0,upfront,GPS hea (1),EL,1.048070412999323,0.9486842105263158
2789,0,upfront,GPS hea (1),EL,0.9263157894736842,1.04
2790,0,upfront,GPS hea (1),EL,1.0903562119895742,1.0493506493506493
2791,0,prediction,GPS hea (1),mitte-EL,0.9803331978870378,
2792,0,upfront,GPS hea (1),EL,0.7271436683702441,0.8090909090909091
2793,0,upfront,GPS hea (1),EL,1.0420963412911428,1.0472727272727271
2794,0,upfront,GPS hea (1),EL,0.630784708249497,1.0
2795,0,upfront,GPS hea (1),EL,0.8788512879717151,0.8652777777777778
2796,0,upfront,GPS hea (1),EL,1.016439763678397,0.9742857142857143
2797,0,upfront_destination_changed,GPS halb (0),EL,2.3612756264236903,
2798,0,upfront,GPS hea (1),EL,1.2046724225495176,1.0815789473684212
2799,0,upfront,GPS hea (1),EL,1.3166392584840783,1.3166666666666667
2800,0,upfront,GPS hea (1),EL,0.9965345598891059,0.9944444444444444
2801,0,upfront,GPS hea (1),EL,1.034586971121558,0.9887096774193548
2802,0,upfront,GPS hea (1),EL,1.1562992125984253,1.175
2803,0,upfront_destination_changed,GPS hea (1),EL,1.5475845847656957,
2804,0,upfront_destination_changed,GPS hea (1),EL,1.225251677852349,
2805,0,prediction,GPS hea (1),mitte-EL,1.14508182298082,
2806,1,prediction,GPS hea (1),mitte-EL,1.0839326073556605,
2807,0,upfront,GPS hea (1),EL,0.5877880184331797,1.9894736842105263
2808,0,prediction,GPS hea (1),mitte-EL,1.1140087699053773,
2809,0,upfront,GPS hea (1),EL,0.6602514754939697,0.7107692307692308
2810,0,upfront,GPS hea (1),EL,1.0376816222257703,1.0896551724137933
2811,0,upfront,GPS hea (1),EL,0.49115288913464195,0.5734042553191488
2812,0,upfront,GPS hea (1),EL,1.3777468276075517,1.3483870967741933
2813,0,upfront,GPS hea (1),EL,0.9568944403624786,1.1716666666666666
2814,0,upfront,GPS hea (1),EL,1.0355297157622738,1.0
2815,0,upfront,GPS hea (1),EL,1.0529190850119494,1.0266666666666666
2816,0,prediction,GPS hea (1),mitte-EL,2.6803260630094736,
2817,0,upfront,GPS hea (1),EL,1.0949295774647887,1.1685714285714286
2818,0,upfront,GPS hea (1),EL,1.0506697728596388,1.1075471698113208
2819,0,upfront,GPS hea (1),EL,1.147580402765254,1.3660377358490567
2820,1,prediction,GPS halb (0),mitte-EL,1.4259977827050998,
2821,0,upfront,GPS hea (1),EL,1.0093768032313906,0.9844444444444443
2822,0,upfront,GPS hea (1),EL,1.0641058581706064,0.9865671641791045
2823,0,prediction,GPS halb (0),mitte-EL,0.12565395224959575,
2824,0,upfront,GPS hea (1),EL,0.9962476547842402,0.9804347826086957
2825,0,prediction,GPS halb (0),mitte-EL,1.0,
2826,0,upfront,GPS hea (1),EL,1.4169527330340639,1.4
2827,0,prediction,GPS hea (1),mitte-EL,1.0247116968698518,
2828,1,prediction,GPS halb (0),mitte-EL,1.0,
2829,0,prediction,GPS halb (0),mitte-EL,0.019312030731622142,
2830,0,prediction,GPS hea (1),mitte-EL,1.0687970974044096,
2831,0,prediction,GPS hea (1),mitte-EL,5.91961167347422e-05,
2832,1,prediction,GPS halb (0),mitte-EL,3.392787524366472,
2833,0,prediction,GPS halb (0),mitte-EL,0.9311007411474059,
2834,0,prediction,GPS halb (0),mitte-EL,1.0065139263252472,
2835,0,upfront_destination_changed,GPS hea (1),EL,1.7154915590863953,
2836,0,upfront,GPS hea (1),EL,0.9373236173707932,1.0389261744966443
2837,1,prediction,GPS halb (0),mitte-EL,1.0,
2838,0,prediction,GPS halb (0),mitte-EL,1.3838131942870098,
2839,0,prediction,GPS hea (1),mitte-EL,1.1997914661533526,
2840,0,prediction,GPS halb (0),mitte-EL,1.0,
2841,0,prediction,GPS hea (1),mitte-EL,1.3737139917695473,
2842,0,prediction,GPS halb (0),mitte-EL,2.380246134427264,
2843,0,prediction,GPS hea (1),mitte-EL,1.0891351083181744,
2844,1,prediction,GPS hea (1),mitte-EL,1.4622754491017964,
2845,0,prediction,GPS halb (0),mitte-EL,1.0,
2846,0,prediction,GPS halb (0),mitte-EL,0.8985743115682573,
2847,0,upfront,GPS hea (1),EL,0.9975741893749495,0.9735632183908047
2848,0,upfront,GPS hea (1),EL,1.237751256281407,1.2259259259259259
2849,0,prediction,GPS halb (0),mitte-EL,1.0,
2850,0,prediction,GPS hea (1),mitte-EL,1.3661929693343307,
2851,0,prediction,GPS hea (1),mitte-EL,0.9114037958115183,
2852,1,prediction,GPS halb (0),mitte-EL,1.0,
2853,0,upfront,GPS hea (1),EL,1.3243369008841321,1.2
2854,0,upfront,GPS hea (1),EL,1.0692549842602308,1.083076923076923
2855,0,upfront,GPS hea (1),EL,0.9761764126796614,0.9425925925925925
2856,0,prediction,GPS hea (1),mitte-EL,2.4535056542810985,
2857,0,prediction,GPS hea (1),mitte-EL,1.076224206960271,
2858,0,upfront_destination_changed,GPS hea (1),EL,1.3535220539828834,
2859,0,prediction,GPS halb (0),mitte-EL,0.05991541353383459,
2860,0,prediction,GPS hea (1),mitte-EL,1.0416162368494553,
2861,0,upfront,GPS hea (1),EL,1.0233463035019454,1.010344827586207
2862,0,prediction,GPS hea (1),mitte-EL,0.05179153094462541,
2863,0,prediction,GPS halb (0),mitte-EL,0.0015316541865214432,
2864,0,upfront,GPS hea (1),EL,0.9409937888198758,0.9370370370370369
2865,0,upfront,GPS hea (1),EL,1.0026657780739754,0.9805555555555555
2866,0,upfront,GPS hea (1),EL,0.9936626281453868,0.9730769230769231
2867,1,prediction,GPS halb (0),mitte-EL,1.0,
2868,0,upfront,GPS hea (1),EL,1.0024504798856442,0.922
2869,0,upfront,GPS hea (1),EL,0.8553872053872054,0.9693877551020408
2870,0,upfront,GPS hea (1),EL,1.0567391667130221,0.9041666666666666
2871,0,prediction,GPS hea (1),mitte-EL,1.078803947562233,
2872,0,prediction,GPS halb (0),mitte-EL,,
2873,0,upfront,GPS hea (1),EL,1.0339814328253634,1.276
2874,0,upfront,GPS hea (1),EL,1.0845096582466567,1.1162790697674418
2875,0,upfront,GPS hea (1),EL,1.0015810276679842,1.0851851851851853
2876,0,upfront,GPS hea (1),EL,0.3525371150011079,0.5978260869565218
2877,0,prediction,GPS halb (0),mitte-EL,0.882316979978603,
2878,0,upfront,GPS hea (1),EL,0.2283923941227312,4.943589743589744
2879,0,upfront,GPS halb (0),EL,0.8307400758029124,
2880,0,upfront,GPS hea (1),EL,2.040568799665412,1.8909090909090909
2881,0,upfront,GPS hea (1),EL,0.847978067169294,0.835593220338983
2882,0,prediction,GPS hea (1),mitte-EL,1.1063651591289783,
2883,0,prediction,GPS hea (1),mitte-EL,0.5105569554261882,
2884,0,upfront,GPS hea (1),EL,1.4145467574346113,1.3178571428571428
2885,1,prediction,GPS halb (0),mitte-EL,1.4473920863309353,
2886,0,upfront,GPS hea (1),EL,1.2519966951253099,1.4629032258064516
2887,0,prediction,GPS hea (1),mitte-EL,1.1331967213114753,
2888,0,upfront,GPS hea (1),EL,0.02884004573751747,0.425531914893617
2889,0,upfront,GPS hea (1),EL,1.1264145977717344,1.125609756097561
2890,0,upfront,GPS hea (1),EL,1.1255748142907676,1.0629629629629629
2891,0,upfront,GPS hea (1),EL,1.2588438308886971,1.2354838709677418
2892,0,prediction,GPS halb (0),mitte-EL,1.1214993169398908,
2893,0,upfront_destination_changed,GPS hea (1),EL,1.157829181494662,
2894,0,upfront,GPS hea (1),EL,1.0918045705279749,1.0
2895,0,upfront,GPS hea (1),EL,0.9444444444444444,1.0
2896,0,upfront,GPS hea (1),EL,1.0026030820491463,0.9847457627118644
2897,0,upfront,GPS hea (1),EL,0.9454923511064904,1.0104166666666667
2898,0,upfront,GPS hea (1),EL,1.0064158903146423,1.0776470588235294
2899,0,upfront,GPS hea (1),EL,1.4422497141074955,1.3357142857142856
2900,0,prediction,GPS halb (0),mitte-EL,1.0,
2901,0,upfront,GPS hea (1),EL,0.9055809055809055,0.9183673469387754
2902,0,upfront,GPS halb (0),EL,2.0734791956494245,2.0456140350877194
2903,0,prediction,GPS halb (0),mitte-EL,3.1606029589652924,
2904,0,upfront,GPS hea (1),EL,1.4866364831312984,1.4876404494382023
2905,0,upfront,GPS hea (1),EL,1.3959372772630079,1.24
2906,0,upfront_destination_changed,GPS hea (1),EL,0.9114765820521988,
2907,0,prediction,GPS hea (1),mitte-EL,1.1479289940828403,
2908,0,upfront,GPS hea (1),EL,1.0217197418813284,0.9991935483870968
2909,0,prediction,GPS hea (1),mitte-EL,1.4420368364030336,
2910,0,upfront,GPS hea (1),EL,7.140816909454442e-05,0.2857142857142857
2911,0,upfront,GPS hea (1),EL,0.9857494590763262,0.9494623655913977
2912,0,upfront,GPS hea (1),EL,1.0940136601044597,1.6936507936507936
2913,0,upfront,GPS hea (1),EL,2.512120177534995,2.3020408163265302
2914,0,upfront,GPS hea (1),EL,1.0270175701682038,1.0559670781893005
2915,0,upfront,GPS hea (1),EL,1.068208092485549,1.0575757575757576
2916,0,upfront,GPS hea (1),EL,0.9822834645669292,1.0112676056338028
2917,0,upfront,GPS hea (1),EL,0.0,1.0
2918,0,upfront,GPS hea (1),EL,0.8425312729948492,0.9821428571428572
2919,0,upfront_destination_changed,GPS hea (1),EL,0.12254946658156288,
2920,0,prediction,GPS hea (1),mitte-EL,0.9971059661620659,
2921,0,upfront,GPS hea (1),EL,0.044053630506703814,0.5333333333333333
2922,0,prediction,GPS hea (1),mitte-EL,1.4485434050651442,
2923,0,prediction,GPS hea (1),mitte-EL,1.3908351810790835,
2924,0,upfront,GPS hea (1),EL,1.1375961538461539,1.0706666666666667
2925,0,upfront,GPS hea (1),EL,0.9699688473520249,1.011111111111111
2926,0,upfront,GPS hea (1),EL,0.9587132979256439,0.9293103448275862
2927,0,upfront_destination_changed,GPS hea (1),EL,7.0980153203342615,
2928,0,upfront,GPS hea (1),EL,1.0001783166904423,0.9901639344262295
2929,0,upfront,GPS halb (0),EL,1.1202236719478098,
2930,0,prediction,GPS hea (1),mitte-EL,0.9101251422070534,
2931,0,upfront,GPS hea (1),EL,1.0024114264514932,1.2194805194805196
2932,0,upfront,GPS hea (1),EL,0.9968305347629645,1.0366197183098593
2933,0,upfront_destination_changed,GPS hea (1),EL,0.8087410306588388,
2934,0,upfront,GPS hea (1),EL,0.8964869938321266,0.9487804878048781
2935,0,upfront,GPS hea (1),EL,0.8263058527375708,1.0
2936,0,prediction,GPS halb (0),mitte-EL,1.0,
2937,0,prediction,GPS halb (0),mitte-EL,1.0,
2938,0,prediction,GPS halb (0),mitte-EL,0.8749646243101741,
2939,0,prediction,GPS halb (0),mitte-EL,1.0,
2940,0,prediction,GPS hea (1),mitte-EL,1.068775062419611,
2941,0,prediction,GPS hea (1),mitte-EL,1.1989732696052398,
2942,0,prediction,GPS halb (0),mitte-EL,1.0751524200572353,
2943,0,upfront,GPS hea (1),EL,0.0031218641989073474,0.390625
2944,1,prediction,GPS halb (0),mitte-EL,1.0,
2945,0,upfront,GPS hea (1),EL,1.0617574957571185,0.9789115646258504
2946,1,prediction,GPS hea (1),mitte-EL,1.4230215827338129,
2947,0,upfront,GPS hea (1),EL,0.9709503885236103,0.9669565217391304
2948,0,prediction,GPS hea (1),mitte-EL,0.984945427173504,
2949,0,upfront,GPS hea (1),EL,1.3584265852831467,1.236842105263158
2950,0,upfront,GPS hea (1),EL,0.8636994448850119,0.9274725274725275
2951,0,prediction,GPS halb (0),mitte-EL,1.0,
2952,0,upfront_destination_changed,GPS hea (1),EL,0.9862068965517241,
2953,1,prediction,GPS halb (0),mitte-EL,1.0,
2954,1,prediction,GPS hea (1),mitte-EL,1.0214242968282465,
2955,1,prediction,GPS hea (1),mitte-EL,1.7453231292517006,
2956,0,upfront,GPS hea (1),EL,0.00040510431436094796,0.5612244897959183
2957,0,upfront,GPS hea (1),EL,2.084257206208426,1.2576923076923077
2958,0,upfront,GPS hea (1),EL,0.9635719706551986,0.9711864406779661
2959,0,upfront,GPS hea (1),EL,1.1943327974276527,0.9541666666666667
2960,0,upfront,GPS hea (1),EL,1.0041489123121776,1.1132075471698115
2961,0,upfront,GPS hea (1),EL,1.5430900621118013,1.5658536585365854
2962,0,prediction,GPS hea (1),mitte-EL,1.0671757414785303,
2963,0,prediction,GPS halb (0),mitte-EL,2.582403246847369,
2964,1,prediction,GPS hea (1),mitte-EL,0.958908766413122,
2965,1,prediction,GPS hea (1),mitte-EL,0.8522727272727273,
2966,0,prediction,GPS hea (1),mitte-EL,1.117326313810285,
2967,0,prediction,GPS hea (1),mitte-EL,0.5485112936344969,
2968,1,prediction,GPS halb (0),mitte-EL,1.017726374520516,
2969,0,prediction,GPS hea (1),mitte-EL,0.48542713567839196,
2970,1,prediction,GPS halb (0),mitte-EL,1.0758714127355586,
2971,0,upfront,GPS halb (0),EL,0.8599357257632566,0.9147540983606558
2972,1,prediction,GPS halb (0),mitte-EL,1.1280875372113606,
2973,0,prediction,GPS halb (0),mitte-EL,9.502090459901178e-05,
2974,1,prediction,GPS hea (1),mitte-EL,1.2436289500509683,
2975,0,prediction,GPS hea (1),mitte-EL,1.1569969700370328,
2976,0,upfront,GPS hea (1),EL,1.894736842105263,1.6866666666666665
2977,0,upfront,GPS hea (1),EL,1.6103509815585961,1.4777777777777779
2978,0,upfront_destination_changed,GPS hea (1),EL,1.2308576062715415,
2979,0,upfront,GPS hea (1),EL,1.2783872737246298,1.2037037037037037
2980,0,upfront,GPS hea (1),EL,1.0870466321243524,1.1108695652173914
2981,0,upfront,GPS hea (1),EL,1.0208253579358395,1.356953642384106
2982,1,prediction,GPS halb (0),mitte-EL,1.0,
2983,0,prediction,GPS hea (1),mitte-EL,1.1316978124169692,
2984,0,prediction,GPS hea (1),mitte-EL,0.20627615062761506,
2985,0,upfront,GPS hea (1),EL,0.8125929598413485,0.8142857142857143
2986,1,prediction,GPS halb (0),mitte-EL,1.0,
2987,0,prediction,GPS hea (1),mitte-EL,1.0115097034361085,
2988,1,prediction,GPS hea (1),mitte-EL,1.0225678560536748,
2989,1,prediction,GPS hea (1),mitte-EL,2.42134750754202,
2990,0,prediction,GPS hea (1),mitte-EL,0.2132007233273056,
2991,0,upfront,GPS hea (1),EL,0.79745889387145,1.0
2992,0,upfront_destination_changed,GPS hea (1),EL,2.086326402016383,
2993,0,upfront,GPS hea (1),EL,1.0057286892758937,0.9886363636363634
2994,0,upfront,GPS hea (1),EL,1.5995334370139969,1.424
2995,0,prediction,GPS halb (0),mitte-EL,1.0,
2996,0,upfront,GPS hea (1),EL,1.2808048835631924,1.4566666666666668
2997,0,upfront,GPS hea (1),EL,1.0109054857898216,0.9938775510204081
2998,0,prediction,GPS hea (1),mitte-EL,1.2703822507350975,
2999,0,upfront,GPS hea (1),EL,0.023834393694805812,0.1801801801801802
3000,0,prediction,GPS halb (0),mitte-EL,2.344903446590076,
3001,0,upfront,GPS hea (1),EL,1.0262112787926927,1.0
3002,0,prediction,GPS halb (0),mitte-EL,0.049271339347675226,
3003,0,upfront,GPS hea (1),EL,1.0460329341317365,1.005
3004,0,prediction,GPS hea (1),mitte-EL,0.9385382059800664,
3005,0,upfront,GPS hea (1),EL,2.00401376146789,1.36
3006,1,prediction,GPS halb (0),mitte-EL,1.0,
3007,1,prediction,GPS halb (0),mitte-EL,1.0,
3008,0,upfront,GPS hea (1),EL,1.0446332544633254,1.0269230769230768
3009,0,prediction,GPS hea (1),mitte-EL,1.8351568198395332,
3010,0,prediction,GPS hea (1),mitte-EL,0.9738721988452882,
3011,0,upfront,GPS hea (1),EL,0.4909210960713107,0.7142857142857143
3012,0,upfront,GPS hea (1),EL,1.0358565737051793,1.02
3013,0,upfront,GPS hea (1),EL,1.1715022566086395,1.0058823529411764
3014,0,prediction,GPS hea (1),mitte-EL,0.9098939929328622,
3015,0,upfront,GPS hea (1),EL,1.0530850472484714,1.0121951219512197
3016,0,upfront,GPS hea (1),EL,1.4825625473843822,1.208955223880597
3017,1,prediction,GPS halb (0),mitte-EL,1.0,
3018,0,upfront,GPS hea (1),EL,0.7146229345260281,0.7462585034013606
3019,0,prediction,GPS hea (1),mitte-EL,1.0002985965959987,
3020,0,prediction,GPS halb (0),mitte-EL,0.7033321999319959,
3021,0,upfront,GPS hea (1),EL,0.7592939288579834,0.85
3022,0,upfront,GPS hea (1),EL,0.9826048565121412,0.9484210526315789
3023,0,upfront,GPS hea (1),EL,1.045,1.107843137254902
3024,0,prediction,GPS hea (1),mitte-EL,0.881965051104517,
3025,0,upfront,GPS hea (1),EL,0.7794638340920587,0.7425531914893617
3026,0,upfront,GPS hea (1),EL,0.001146131805157593,1.0
3027,0,upfront,GPS hea (1),EL,1.9339848424411648,1.5487179487179488
3028,0,prediction,GPS halb (0),mitte-EL,1.0,
3029,0,upfront,GPS hea (1),EL,1.8032482598607888,1.476
3030,0,upfront,GPS halb (0),EL,4.010852713178295,
3031,0,upfront,GPS hea (1),EL,0.9692492698848995,0.9397727272727271
3032,1,prediction,GPS halb (0),mitte-EL,1.0,
3033,0,upfront,GPS hea (1),EL,0.5555683785343335,0.6486111111111111
3034,0,prediction,GPS halb (0),mitte-EL,1.0869092227728756,
3035,0,upfront,GPS hea (1),EL,0.9616596638655462,1.0
3036,0,prediction,GPS halb (0),mitte-EL,1.0,
3037,0,prediction,GPS hea (1),mitte-EL,1.7792080593255912,
3038,1,prediction,GPS halb (0),mitte-EL,2.00667231518746,
3039,0,prediction,GPS hea (1),mitte-EL,1.010206251328939,
3040,0,upfront,GPS hea (1),EL,1.0189662359316383,1.6870967741935485
3041,0,upfront,GPS hea (1),EL,2.536467751657625,1.4921052631578948
3042,0,upfront,GPS hea (1),EL,1.0004732607666824,1.1147058823529412
3043,0,prediction,GPS hea (1),mitte-EL,0.668543120918712,
3044,0,upfront,GPS hea (1),EL,0.934816247582205,0.8588235294117648
3045,0,prediction,GPS hea (1),mitte-EL,1.143652561247216,
3046,0,upfront,GPS hea (1),EL,0.6881551362683438,1.0
3047,0,prediction,GPS hea (1),mitte-EL,0.893516841724013,
3048,0,prediction,GPS hea (1),mitte-EL,1.2621154656552886,
3049,0,prediction,GPS halb (0),mitte-EL,1.0,
3050,0,prediction,GPS halb (0),mitte-EL,0.12144132787057464,
3051,0,prediction,GPS hea (1),mitte-EL,0.8652453740949316,
3052,1,prediction,GPS halb (0),mitte-EL,1.0,
3053,0,prediction,GPS hea (1),mitte-EL,2.056838593790095,
3054,0,prediction,GPS hea (1),mitte-EL,1.895131086142322,
3055,0,upfront,GPS hea (1),EL,0.9982432168651181,0.9659090909090908
3056,0,prediction,GPS halb (0),mitte-EL,0.9724752074478851,
3057,0,upfront,GPS hea (1),EL,0.9766447368421053,0.9131147540983607
3058,0,upfront,GPS hea (1),EL,2.148105625717566,1.5030303030303032
3059,0,upfront,GPS hea (1),EL,0.7944177093359,0.748611111111111
3060,0,prediction,GPS halb (0),mitte-EL,1.0,
3061,0,upfront,GPS hea (1),EL,1.0086466165413535,0.9827586206896552
3062,0,upfront,GPS hea (1),EL,0.9442148760330579,1.0
3063,0,upfront,GPS hea (1),EL,1.72,1.6424242424242426
3064,0,prediction,GPS hea (1),mitte-EL,0.9893497757847534,
3065,0,prediction,GPS halb (0),mitte-EL,1.0,
3066,0,puudub,GPS hea (1),EL,,
3067,0,prediction,GPS hea (1),mitte-EL,1.0602578040068333,
3068,0,prediction,GPS halb (0),mitte-EL,1.1085143186623103,
3069,0,upfront,GPS hea (1),EL,2.5383290267011196,1.3439999999999999
3070,0,upfront,GPS hea (1),EL,0.9026286560533135,0.8521739130434783
3071,1,prediction,GPS hea (1),mitte-EL,0.08782742681047766,
3072,0,upfront,GPS hea (1),EL,1.1096916299559472,1.572972972972973
3073,0,upfront,GPS hea (1),EL,1.1059095763616946,1.1743902439024392
3074,0,prediction,GPS hea (1),mitte-EL,1.4017800381436745,
3075,0,upfront,GPS hea (1),EL,1.1517762660619804,1.234
3076,0,prediction,GPS hea (1),mitte-EL,0.06781193490054249,
3077,0,prediction,GPS hea (1),mitte-EL,1.6411917098445596,
3078,0,prediction,GPS hea (1),mitte-EL,1.0618530674072204,
3079,0,prediction,GPS hea (1),mitte-EL,1.7384702710373208,
3080,0,prediction,GPS hea (1),mitte-EL,1.0998439937597504,
3081,0,upfront,GPS hea (1),EL,0.9992437133673663,0.9851063829787233
3082,0,upfront,GPS hea (1),EL,0.9688598694123556,0.9500000000000001
3083,0,upfront,GPS hea (1),EL,0.900168255748738,0.9411764705882354
3084,0,upfront,GPS hea (1),EL,0.014423076923076924,0.39682539682539686
3085,0,upfront,GPS hea (1),EL,1.0126446635233606,0.9454545454545455
3086,0,upfront,GPS hea (1),EL,1.0213980028530671,1.2276315789473684
3087,1,prediction,GPS halb (0),mitte-EL,1.0,
3088,1,prediction,GPS hea (1),mitte-EL,0.9632507349853003,
3089,0,upfront,GPS hea (1),EL,1.5622051154705736,1.448717948717949
3090,0,prediction,GPS halb (0),mitte-EL,1.0,
3091,0,upfront,GPS hea (1),EL,1.6044776119402986,1.21
3092,0,upfront,GPS hea (1),EL,0.934900859799965,0.8470588235294119
3093,0,upfront,GPS hea (1),EL,1.0385610447209561,1.066153846153846
3094,0,upfront,GPS hea (1),EL,1.0104642593957258,0.9943089430894309
3095,0,upfront,GPS hea (1),EL,0.6036022400484334,0.6749999999999999
3096,0,upfront,GPS hea (1),EL,1.365943136655457,1.2319767441860467
3097,0,upfront_destination_changed,GPS hea (1),EL,1.4248221343873517,
3098,0,upfront,GPS hea (1),EL,1.1360153256704981,1.0695652173913044
3099,0,prediction,GPS hea (1),mitte-EL,1.385609893198426,
3100,0,prediction,GPS halb (0),mitte-EL,1.082863614813254,
3101,0,upfront,GPS hea (1),EL,0.9962537462537463,0.9052631578947369
3102,0,prediction,GPS hea (1),mitte-EL,1.0276477631435725,
3103,0,upfront,GPS hea (1),EL,0.9596153846153846,0.85
3104,0,upfront,GPS hea (1),EL,1.0035097981866044,0.923913043478261
3105,0,prediction,GPS hea (1),mitte-EL,2.332089552238806,
3106,0,upfront,GPS hea (1),EL,1.0009604917717871,1.0148148148148148
3107,0,upfront,GPS hea (1),EL,0.00034429333792391115,0.4716981132075472
3108,0,upfront,GPS hea (1),EL,1.0874003591795582,1.1546666666666667
3109,0,prediction,GPS hea (1),mitte-EL,0.13079988613720467,
3110,0,prediction,GPS halb (0),mitte-EL,1.0,
3111,0,upfront,GPS hea (1),EL,1.5062711526975912,1.4028571428571428
3112,0,prediction,GPS halb (0),mitte-EL,0.6464992614475628,
3113,0,upfront,GPS hea (1),EL,1.2145653876272513,1.331372549019608
3114,0,prediction,GPS halb (0),mitte-EL,1.0,
3115,0,prediction,GPS hea (1),mitte-EL,1.117186856625216,
3116,0,prediction,GPS hea (1),mitte-EL,0.9416652817018448,
3117,1,prediction,GPS halb (0),mitte-EL,1.0787742843021708,
3118,0,prediction,GPS halb (0),mitte-EL,1.0,
3119,0,prediction,GPS hea (1),mitte-EL,0.8265622450644478,
3120,0,upfront,GPS hea (1),EL,1.4098451327433628,1.225806451612903
3121,0,prediction,GPS hea (1),mitte-EL,1.5686514886164624,
3122,0,upfront,GPS hea (1),EL,1.572006940427993,1.559090909090909
3123,0,prediction,GPS hea (1),mitte-EL,0.16591752980261873,
3124,0,upfront,GPS hea (1),EL,0.9818496110630942,0.9821428571428572
3125,0,upfront,GPS hea (1),EL,1.3817879098360655,1.215492957746479
3126,0,upfront,GPS hea (1),EL,1.471356783919598,1.3277777777777777
3127,0,upfront_destination_changed,GPS hea (1),EL,1.2898688663282571,
3128,0,upfront,GPS hea (1),EL,1.4859495256846251,1.3830188679245283
3129,0,upfront,GPS hea (1),EL,1.0722135007849294,1.0106382978723405
3130,0,upfront,GPS hea (1),EL,0.9672926777801224,0.9977777777777779
3131,0,upfront,GPS hea (1),EL,1.516285853184249,1.4886363636363635
3132,0,upfront,GPS hea (1),EL,1.1697802197802198,1.0728571428571427
3133,0,prediction,GPS halb (0),mitte-EL,2.1578690127077222,
3134,0,upfront,GPS hea (1),EL,0.9896698204286541,0.9478260869565217
3135,1,prediction,GPS halb (0),mitte-EL,1.0,
3136,0,prediction,GPS halb (0),mitte-EL,0.9260083449235049,
3137,0,upfront,GPS hea (1),EL,0.9924252404162824,0.965
3138,0,prediction,GPS hea (1),mitte-EL,1.6159144196951933,
3139,0,upfront_destination_changed,GPS hea (1),EL,2.030036887405586,
3140,0,upfront_destination_changed,GPS hea (1),EL,1.2007285703665156,
3141,0,upfront,GPS hea (1),EL,0.0,0.44642857142857145
3142,0,upfront,GPS hea (1),EL,1.0504316698252263,1.0492957746478875
3143,0,prediction,GPS hea (1),mitte-EL,1.029337196667874,
3144,0,upfront,GPS hea (1),EL,1.3273691186216037,1.2793103448275862
3145,0,upfront,GPS hea (1),EL,1.0599161174355902,1.0727272727272725
3146,0,upfront,GPS hea (1),EL,0.0951111111111111,0.27173913043478265
3147,0,upfront,GPS hea (1),EL,0.9987103430487491,0.858974358974359
3148,0,upfront,GPS hea (1),EL,1.6534267912772587,1.422857142857143
3149,0,upfront,GPS hea (1),EL,1.0053008809914887,0.9745283018867925
3150,0,upfront,GPS hea (1),EL,1.2562825983878616,1.1897435897435897
3151,0,prediction,GPS hea (1),mitte-EL,0.36262000243042897,
3152,0,upfront,GPS hea (1),EL,1.02630971613201,0.9441860465116279
3153,0,upfront,GPS hea (1),EL,1.020694662955343,1.05
3154,0,prediction,GPS hea (1),mitte-EL,0.00042927666881305,
3155,0,upfront,GPS hea (1),EL,1.3476190476190477,1.6125
3156,0,upfront,GPS hea (1),EL,1.1023726809076797,1.2233333333333334
3157,0,upfront,GPS hea (1),EL,0.9359350327092263,0.9230769230769231
3158,0,upfront,GPS hea (1),EL,1.0312207889325107,1.1620689655172414
3159,0,upfront,GPS hea (1),EL,1.4667391304347825,1.2585365853658539
3160,0,upfront,GPS hea (1),EL,0.006080875646093037,0.7307692307692307
3161,0,upfront,GPS hea (1),EL,2.2344138273786514,1.719205298013245
3162,0,upfront,GPS hea (1),EL,1.2707087959009393,1.2394736842105263
3163,0,upfront,GPS hea (1),EL,1.3407821229050279,1.3736842105263158
3164,0,upfront,GPS hea (1),EL,1.6013462976813762,1.340625
3165,0,upfront,GPS hea (1),EL,1.2347560975609757,1.3145454545454547
3166,0,prediction,GPS hea (1),mitte-EL,0.8693320331545588,
3167,0,upfront,GPS hea (1),EL,1.8054810843014597,1.4046874999999999
3168,0,upfront,GPS hea (1),EL,1.7258709308966305,1.39
3169,0,upfront,GPS hea (1),EL,1.4089403973509933,1.2971428571428572
3170,0,upfront,GPS hea (1),EL,2.112050739957717,1.7830188679245282
3171,0,upfront,GPS hea (1),EL,1.2011036174126304,0.9821428571428572
3172,0,upfront,GPS hea (1),EL,1.0762030130174054,0.988135593220339
3173,0,upfront,GPS hea (1),EL,0.8774983157421963,0.8638461538461539
3174,0,upfront,GPS hea (1),EL,1.122224664761486,1.123076923076923
3175,0,upfront,GPS hea (1),EL,1.4531360112755463,1.036
3176,0,upfront_destination_changed,GPS hea (1),EL,1.1008340595045438,
3177,0,prediction,GPS hea (1),mitte-EL,1.320297951582868,
3178,0,prediction,GPS halb (0),mitte-EL,0.9951472372339252,
3179,0,upfront,GPS hea (1),EL,1.006895831156619,1.0084210526315789
3180,0,upfront,GPS halb (0),EL,0.41289231347491073,0.5813953488372093
3181,0,prediction,GPS hea (1),mitte-EL,1.11316555384352,
3182,0,upfront,GPS hea (1),EL,0.8926080892608089,0.9038461538461539
3183,0,prediction,GPS halb (0),mitte-EL,1.0237245433550284,
3184,0,upfront,GPS hea (1),EL,1.008503963011889,0.9586956521739132
3185,0,upfront,GPS hea (1),EL,1.0412054120541205,1.0
3186,0,upfront,GPS hea (1),EL,0.9523047900262467,0.9493150684931507
3187,0,upfront,GPS hea (1),EL,1.0411099691675232,1.125
3188,0,upfront_destination_changed,GPS halb (0),EL,2.0415140415140414,
3189,0,prediction,GPS hea (1),mitte-EL,0.9160804020100503,
3190,1,prediction,GPS hea (1),mitte-EL,0.8108663729809105,
3191,0,prediction,GPS hea (1),mitte-EL,1.163691852399889,
3192,0,prediction,GPS hea (1),mitte-EL,0.0018428184281842818,
3193,0,upfront,GPS hea (1),EL,0.7589202606267452,0.7400000000000001
3194,1,prediction,GPS hea (1),mitte-EL,0.8023722018042099,
3195,0,prediction,GPS hea (1),mitte-EL,1.1826099579039049,
3196,0,prediction,GPS halb (0),mitte-EL,1.0364856171307784,
3197,0,upfront,GPS hea (1),EL,1.1907032181168058,1.036
3198,0,upfront,GPS hea (1),EL,1.0997090203685742,1.3472727272727274
3199,0,prediction,GPS halb (0),mitte-EL,1.0112919920956056,
3200,0,upfront,GPS hea (1),EL,1.2278835386338185,1.0285714285714287
3201,0,upfront,GPS hea (1),EL,1.3631675874769797,1.2424242424242424
3202,0,prediction,GPS hea (1),mitte-EL,1.9135141710254226,
3203,0,prediction,GPS halb (0),mitte-EL,0.9094956433250652,
3204,0,prediction,GPS halb (0),mitte-EL,0.759728692792546,
3205,0,prediction,GPS hea (1),mitte-EL,2.2236286919831225,
3206,1,prediction,GPS halb (0),mitte-EL,2.2093408413381916,
3207,0,prediction,GPS hea (1),mitte-EL,0.03575592693354061,
3208,1,prediction,GPS halb (0),mitte-EL,2.6493738819320214,
3209,0,upfront,GPS hea (1),EL,0.8864770459081837,0.8717948717948718
3210,0,upfront,GPS hea (1),EL,1.029798078808077,1.609375
3211,0,upfront,GPS hea (1),EL,1.4893242903793016,1.2692307692307694
3212,1,prediction,GPS halb (0),mitte-EL,3.0964205095130604,
3213,0,prediction,GPS hea (1),mitte-EL,1.1162658317916607,
3214,0,upfront,GPS hea (1),EL,0.002196666235947797,0.4310344827586207
3215,0,upfront,GPS hea (1),EL,0.8664160401002506,0.8657142857142857
3216,0,prediction,GPS hea (1),mitte-EL,1.0857890388322775,
3217,0,upfront,GPS hea (1),EL,0.9788732394366197,1.0
3218,0,prediction,GPS hea (1),mitte-EL,0.005084207181442644,
3219,0,upfront,GPS hea (1),EL,0.9351017254699975,0.9717171717171716
3220,1,upfront,GPS hea (1),EL,1.085446247464503,2.2875
3221,0,upfront,GPS hea (1),EL,0.9995176848874598,0.9470588235294118
3222,0,upfront,GPS hea (1),EL,0.0025482344375682563,0.5555555555555556
3223,0,upfront,GPS hea (1),EL,1.2885375494071147,1.3250000000000002
3224,0,upfront,GPS hea (1),EL,0.7907523510971787,1.0
3225,0,prediction,GPS halb (0),mitte-EL,0.8647807842569816,
3226,0,upfront,GPS hea (1),EL,0.49926492208174067,1.0032258064516129
3227,0,prediction,GPS halb (0),mitte-EL,1.022804054054054,
3228,0,prediction,GPS hea (1),mitte-EL,0.9645192936559843,
3229,0,upfront,GPS hea (1),EL,1.1028658603029313,1.06
3230,0,upfront,GPS hea (1),EL,1.0228793438376862,1.0333333333333334
3231,0,upfront,GPS hea (1),EL,0.23104786545924968,0.3787878787878788
3232,0,upfront,GPS hea (1),EL,0.9953775038520801,1.0
3233,0,prediction,GPS hea (1),mitte-EL,0.24500788229111928,
3234,0,upfront,GPS hea (1),EL,0.9371793093884343,0.94
3235,0,upfront,GPS hea (1),EL,0.9689564423438423,1.0111940298507462
3236,0,upfront,GPS hea (1),EL,1.2102637996009753,1.2517857142857143
3237,0,upfront,GPS hea (1),EL,0.8339622641509434,1.0
3238,0,upfront,GPS hea (1),EL,0.8286991603969033,0.8492537313432836
3239,0,prediction,GPS hea (1),mitte-EL,1.0786609159991785,
3240,0,prediction,GPS halb (0),mitte-EL,1.0,
3241,1,prediction,GPS halb (0),mitte-EL,0.5339115597895635,
3242,0,upfront,GPS hea (1),EL,1.083106884057971,1.0875
3243,0,prediction,GPS halb (0),mitte-EL,1.0,
3244,0,upfront,GPS hea (1),EL,1.4281041792852815,1.2963636363636364
3245,0,upfront,GPS hea (1),EL,1.3088455772113943,1.2285714285714286
3246,0,upfront,GPS hea (1),EL,1.0101966496722505,0.9166666666666666
3247,0,upfront,GPS hea (1),EL,1.1439405664757778,1.1413793103448275
3248,0,upfront,GPS hea (1),EL,1.7955812955812955,1.3347826086956522
3249,0,upfront,GPS hea (1),EL,0.9201508959446715,0.9593749999999999
3250,0,upfront,GPS hea (1),EL,1.9293941660433807,1.347945205479452
3251,0,upfront,GPS hea (1),EL,1.0089547856723429,1.0960784313725491
3252,0,upfront,GPS hea (1),EL,0.939016670183583,0.9673913043478262
3253,0,upfront,GPS halb (0),EL,1.163208423660576,
3254,0,upfront,GPS hea (1),EL,1.0493646138807429,1.0285714285714287
3255,0,upfront,GPS hea (1),EL,1.0643662906436628,1.0642857142857143
3256,0,upfront,GPS hea (1),EL,1.0011374715632109,1.0072727272727273
3257,0,upfront_destination_changed,GPS hea (1),EL,1.340913921360255,
3258,0,prediction,GPS hea (1),mitte-EL,1.646078431372549,
3259,0,prediction,GPS halb (0),mitte-EL,0.7821080602302923,
3260,0,prediction,GPS hea (1),mitte-EL,1.0556179775280898,
3261,0,prediction,GPS halb (0),mitte-EL,1.0,
3262,1,prediction,GPS hea (1),mitte-EL,1.0042632792447905,
3263,0,upfront,GPS hea (1),EL,0.8725294650951949,0.9203389830508474
3264,0,upfront,GPS hea (1),EL,0.8044786096256684,0.768421052631579
3265,0,prediction,GPS hea (1),mitte-EL,0.0731066686122866,
3266,0,upfront,GPS hea (1),EL,1.3305042436345482,1.174074074074074
3267,0,upfront,GPS hea (1),EL,0.9868542520586389,0.9580459770114944
3268,0,prediction,GPS halb (0),mitte-EL,1.0,
3269,0,prediction,GPS hea (1),mitte-EL,1.7466811162286644,
3270,0,upfront,GPS hea (1),EL,1.1382143509220377,1.1918367346938774
3271,0,upfront,GPS hea (1),EL,1.5349002849002849,1.4755102040816326
3272,1,prediction,GPS halb (0),mitte-EL,0.9092512956224501,
3273,0,upfront,GPS hea (1),EL,1.0446766348405692,1.0951219512195123
3274,0,upfront,GPS hea (1),EL,1.3570743979873008,1.7480314960629921
3275,0,upfront_destination_changed,GPS halb (0),EL,0.22839410395655546,
3276,0,prediction,GPS halb (0),mitte-EL,1.0,
3277,0,upfront,GPS hea (1),EL,1.7080082135523613,1.2384615384615385
3278,0,upfront,GPS hea (1),EL,1.0439858587519526,1.1372340425531915
3279,0,upfront,GPS hea (1),EL,0.9195243839393418,0.8208333333333333
3280,0,upfront,GPS hea (1),EL,0.37265273737106586,0.490625
3281,0,upfront,GPS hea (1),EL,0.9498953244940684,1.1303030303030304
3282,0,prediction,GPS hea (1),mitte-EL,0.5891083183722322,
3283,0,prediction,GPS halb (0),mitte-EL,1.0,
3284,0,upfront_destination_changed,GPS hea (1),EL,0.9654494841984608,
3285,0,prediction,GPS hea (1),mitte-EL,0.7438120763045878,
3286,0,upfront,GPS hea (1),EL,1.1897332177597997,1.2537313432835822
3287,0,upfront,GPS hea (1),EL,0.9660278745644599,1.2136363636363634
3288,1,upfront,GPS hea (1),EL,1.67797513321492,2.2463414634146344
3289,0,upfront,GPS hea (1),EL,1.2264719517848863,1.2619047619047619
3290,0,upfront,GPS hea (1),EL,0.9787426503844414,0.8583333333333334
3291,0,upfront_destination_changed,GPS hea (1),EL,0.998125058591919,
3292,0,upfront,GPS hea (1),EL,1.0808276753960555,1.034375
3293,0,upfront,GPS hea (1),EL,0.9979898150629858,1.2999999999999998
3294,0,prediction,GPS hea (1),mitte-EL,1.092495270128232,
3295,0,prediction,GPS hea (1),mitte-EL,1.0064313277118766,
3296,0,prediction,GPS halb (0),mitte-EL,0.3964815353300378,
3297,0,upfront,GPS hea (1),EL,1.0023039578704847,0.9732558139534884
3298,1,prediction,GPS hea (1),mitte-EL,0.9920765435790103,
3299,0,upfront,GPS hea (1),EL,1.1295779413008542,1.2142857142857144
3300,0,prediction,GPS halb (0),mitte-EL,1.0059241706161137,
3301,0,prediction,GPS hea (1),mitte-EL,1.2303046570930076,
3302,0,upfront,GPS hea (1),EL,1.3055555555555556,1.3071428571428572
3303,0,prediction,GPS hea (1),mitte-EL,0.8933333333333333,
3304,0,prediction,GPS hea (1),mitte-EL,0.026094276094276093,
3305,0,puudub,GPS hea (1),EL,,
3306,0,upfront,GPS hea (1),EL,0.8452866861030126,0.96
3307,0,prediction,GPS hea (1),mitte-EL,2.048053024026512,
3308,0,upfront,GPS hea (1),EL,1.9540094339622642,1.4954545454545454
3309,0,upfront,GPS hea (1),EL,1.0301186492242167,0.990625
3310,1,prediction,GPS hea (1),mitte-EL,0.09105364074264603,
3311,0,upfront,GPS hea (1),EL,0.9361431870669746,0.8852941176470588
3312,1,prediction,GPS hea (1),mitte-EL,1.3219237435008666,
3313,0,upfront_destination_changed,GPS hea (1),EL,3.9455973483210838,
3314,0,upfront,GPS hea (1),EL,1.7486421243210621,1.5692307692307692
3315,0,upfront,GPS hea (1),EL,1.2130982367758187,1.2340425531914894
3316,0,upfront_destination_changed,GPS hea (1),EL,4.1946022727272725,
3317,0,upfront,GPS hea (1),EL,1.1154471544715447,1.0
3318,0,upfront,GPS hea (1),EL,1.0474318014254116,1.0243243243243243
3319,0,upfront,GPS hea (1),EL,1.0114302461899178,0.9677419354838709
3320,0,puudub,GPS halb (0),EL,,
3321,0,prediction,GPS hea (1),mitte-EL,2.129417111691853,
3322,0,prediction,GPS halb (0),mitte-EL,1.0,
3323,1,prediction,GPS halb (0),mitte-EL,1.0794908314046645,
3324,0,upfront,GPS hea (1),EL,1.035893477421845,1.0853333333333335
3325,0,prediction,GPS hea (1),mitte-EL,0.01846223978118827,
3326,0,prediction,GPS halb (0),mitte-EL,0.5353728489483748,
3327,0,upfront,GPS hea (1),EL,2.5821692686935087,1.82875
3328,0,upfront,GPS hea (1),EL,1.412313070499126,1.3487179487179486
3329,0,upfront,GPS hea (1),EL,1.3735527117611213,1.3224489795918368
3330,0,prediction,GPS halb (0),mitte-EL,0.9179487179487179,
3331,0,upfront,GPS hea (1),EL,0.992912665752172,0.9938775510204081
3332,0,prediction,GPS hea (1),mitte-EL,4.562367864693446,
3333,0,prediction,GPS hea (1),mitte-EL,0.9780765368738146,
3334,0,upfront_destination_changed,GPS hea (1),EL,2.9410699919549477,
3335,0,upfront,GPS hea (1),EL,1.0657739267428121,1.152777777777778
3336,0,upfront,GPS hea (1),EL,1.197967632668423,1.2043478260869567
3337,0,upfront,GPS hea (1),EL,1.0861438439658675,1.058064516129032
3338,0,upfront,GPS hea (1),EL,0.7157561361836896,0.8333333333333334
3339,0,prediction,GPS hea (1),mitte-EL,0.703672075149445,
3340,0,upfront,GPS hea (1),EL,0.9915159276452697,1.0242105263157895
3341,0,prediction,GPS halb (0),mitte-EL,1.0,
3342,0,upfront,GPS hea (1),EL,1.0125391849529781,0.9906976744186047
3343,0,upfront,GPS hea (1),EL,1.003321339606975,0.9594594594594593
3344,0,upfront,GPS hea (1),EL,1.0821786908743432,0.9892857142857143
3345,0,prediction,GPS hea (1),mitte-EL,0.857950974230044,
3346,0,upfront,GPS hea (1),EL,1.41923474663909,1.2333333333333334
3347,0,prediction,GPS hea (1),mitte-EL,1.0553960479648707,
3348,0,upfront,GPS hea (1),EL,0.9875285605483626,0.9604651162790698
3349,0,upfront,GPS hea (1),EL,1.620976116303219,1.3660377358490567
3350,0,upfront,GPS hea (1),EL,1.0001483459427385,0.9254237288135593
3351,0,upfront,GPS hea (1),EL,1.2361396303901437,1.54375
3352,0,upfront,GPS halb (0),EL,1.013877551020408,
3353,0,prediction,GPS halb (0),mitte-EL,1.2072676896845695,
3354,0,upfront,GPS hea (1),EL,0.8301615798922801,0.7771428571428572
3355,0,upfront,GPS hea (1),EL,1.1859335038363172,1.198076923076923
3356,0,prediction,GPS hea (1),mitte-EL,1.9512989170154806,
3357,0,upfront,GPS hea (1),EL,1.1044061302681993,1.2096774193548387
3358,0,upfront,GPS hea (1),EL,0.9573752612923748,0.9193877551020407
3359,1,prediction,GPS hea (1),mitte-EL,1.1439984022368683,
3360,1,prediction,GPS hea (1),mitte-EL,0.9117448303824841,
3361,0,upfront_destination_changed,GPS hea (1),EL,3.730458221024259,
3362,1,prediction,GPS hea (1),mitte-EL,1.0088960393697062,
3363,0,upfront,GPS hea (1),EL,1.0068337129840548,1.0
3364,0,upfront,GPS hea (1),EL,1.0027618440620352,0.9128205128205129
3365,0,prediction,GPS hea (1),mitte-EL,0.7163895486935867,
3366,0,upfront,GPS hea (1),EL,1.1887867409037938,1.3618181818181818
3367,0,upfront,GPS hea (1),EL,0.9782642089093702,1.233103448275862
3368,1,prediction,GPS halb (0),mitte-EL,0.8700353045013239,
3369,0,upfront,GPS hea (1),EL,1.2802500616928518,1.2139784946236558
3370,0,upfront_destination_changed,GPS hea (1),EL,0.8486918604651162,
3371,0,upfront,GPS hea (1),EL,1.227546714888487,1.2525
3372,0,upfront,GPS hea (1),EL,1.0167226890756302,1.2971698113207548
3373,0,upfront,GPS hea (1),EL,1.6246527270068722,1.5129629629629628
3374,0,upfront,GPS hea (1),EL,1.1266471449487554,1.12
3375,0,upfront,GPS hea (1),EL,0.9155816526253084,0.9511363636363634
3376,0,upfront,GPS hea (1),EL,1.3357469512195121,1.3972222222222224
3377,0,prediction,GPS hea (1),mitte-EL,0.6044468844359044,
3378,1,prediction,GPS halb (0),mitte-EL,4.084769609567358,
3379,0,upfront,GPS hea (1),EL,1.5690874035989717,1.4657894736842108
3380,0,upfront,GPS hea (1),EL,1.4053821929573433,1.422857142857143
3381,0,upfront_destination_changed,GPS hea (1),EL,1.1228846153846155,
3382,1,prediction,GPS hea (1),mitte-EL,0.6985294117647058,
3383,0,upfront,GPS hea (1),EL,0.4742428972837964,0.7317073170731708
3384,0,prediction,GPS hea (1),mitte-EL,0.0025089132444209693,
3385,1,prediction,GPS halb (0),mitte-EL,1.0,
3386,0,upfront,GPS hea (1),EL,1.0424745040905525,0.9644736842105264
3387,0,upfront,GPS hea (1),EL,0.5787575511676134,0.764179104477612
3388,0,upfront,GPS hea (1),EL,0.9017770597738287,0.8030927835051547
3389,0,upfront,GPS hea (1),EL,0.9175717070453913,0.9027777777777778
3390,0,prediction,GPS halb (0),mitte-EL,1.1066988950276244,
3391,0,upfront,GPS hea (1),EL,1.0694520798973794,1.010204081632653
3392,0,prediction,GPS hea (1),mitte-EL,1.0173380928097908,
3393,0,prediction,GPS halb (0),mitte-EL,1.0,
3394,0,upfront,GPS hea (1),EL,1.2262732140822605,1.1044776119402986
3395,0,prediction,GPS hea (1),mitte-EL,0.8543728135932034,
3396,1,prediction,GPS halb (0),mitte-EL,2.3961356126993247,
3397,0,upfront,GPS hea (1),EL,0.9964788732394366,1.008
3398,0,upfront_destination_changed,GPS hea (1),EL,1.836056427831354,
3399,0,prediction,GPS hea (1),mitte-EL,0.15708872750236816,
3400,0,upfront,GPS hea (1),EL,0.9777889111556446,0.8653061224489795
3401,0,upfront,GPS hea (1),EL,0.9202282520088506,0.9454545454545455
3402,0,prediction,GPS halb (0),mitte-EL,0.6257850018470632,
3403,0,prediction,GPS halb (0),mitte-EL,0.7031749414020882,
3404,0,prediction,GPS halb (0),mitte-EL,1.1435115709659585,
3405,0,prediction,GPS hea (1),mitte-EL,1.0196471531676023,
3406,0,upfront,GPS hea (1),EL,0.9371448863636364,1.0222222222222221
3407,0,upfront,GPS hea (1),EL,1.4283029947152084,1.2272727272727273
3408,0,upfront,GPS hea (1),EL,1.5897435897435896,1.096
3409,0,upfront,GPS hea (1),EL,0.9990817263544536,0.982258064516129
3410,0,prediction,GPS halb (0),mitte-EL,0.609061135371179,
3411,0,prediction,GPS halb (0),mitte-EL,1.075561797752809,
3412,0,upfront,GPS hea (1),EL,0.9503105590062112,0.9731707317073172
3413,0,prediction,GPS halb (0),mitte-EL,1.0,
3414,0,upfront,GPS hea (1),EL,1.029314482132434,1.0125
3415,0,prediction,GPS hea (1),mitte-EL,0.9471212739893834,
3416,0,upfront_destination_changed,GPS hea (1),EL,4.021069182389937,
3417,0,upfront,GPS hea (1),EL,0.9904871720957048,0.9199999999999999
3418,0,upfront,GPS hea (1),EL,1.452755905511811,1.2131578947368422
3419,0,upfront,GPS halb (0),EL,1.1803242769500437,1.0714285714285714
3420,0,upfront,GPS hea (1),EL,1.0016418621895027,1.0
3421,0,upfront_destination_changed,GPS hea (1),EL,1.1767204757858964,
3422,0,upfront,GPS hea (1),EL,0.9194224499301351,0.9109375
3423,0,upfront,GPS hea (1),EL,1.4121777510281874,1.2710526315789474
3424,0,prediction,GPS hea (1),mitte-EL,0.3939720129171152,
3425,0,upfront,GPS hea (1),EL,1.2452455293783706,1.2456896551724137
3426,0,upfront,GPS hea (1),EL,0.9341015484335614,0.8976190476190475
3427,0,upfront,GPS hea (1),EL,1.5296770701786035,1.2710526315789474
3428,0,upfront,GPS hea (1),EL,0.4164923291492329,0.9304347826086958
3429,0,prediction,GPS hea (1),mitte-EL,3.524965002333178,
3430,0,upfront,GPS hea (1),EL,1.1850687622789784,1.25
3431,0,upfront,GPS hea (1),EL,0.3320154195907878,0.4544303797468354
3432,0,upfront_destination_changed,GPS hea (1),EL,0.7854074542008844,
3433,0,upfront,GPS hea (1),EL,0.9758949880668257,0.8634146341463416
3434,0,prediction,GPS hea (1),mitte-EL,1.2385358004827032,
3435,0,upfront,GPS hea (1),EL,1.1201381315885133,1.073913043478261
3436,0,prediction,GPS halb (0),mitte-EL,1.0,
3437,0,upfront,GPS hea (1),EL,1.2131610819539766,1.1375
3438,0,upfront_destination_changed,GPS hea (1),EL,1.0912863070539418,
3439,0,prediction,GPS hea (1),mitte-EL,0.025414717141641854,
3440,0,upfront,GPS hea (1),EL,1.451219512195122,1.2827586206896553
3441,0,prediction,GPS hea (1),mitte-EL,0.08260416666666667,
3442,0,prediction,GPS halb (0),mitte-EL,1.0,
3443,0,upfront,GPS hea (1),EL,1.2049608355091384,1.0
3444,0,upfront,GPS hea (1),EL,0.999761620977354,1.022857142857143
3445,0,upfront,GPS hea (1),EL,0.7740058195926285,1.0
3446,0,upfront,GPS hea (1),EL,1.0807844968480038,1.0211267605633803
3447,0,upfront,GPS hea (1),EL,1.0338365434669443,1.0320512820512822
3448,0,upfront,GPS hea (1),EL,1.811332375282283,1.7095808383233535
3449,0,upfront,GPS hea (1),EL,1.016688339835284,0.9901960784313726
3450,0,upfront,GPS hea (1),EL,0.952755905511811,0.8861538461538461
3451,0,upfront_destination_changed,GPS hea (1),EL,1.1774520319389823,
3452,0,upfront,GPS hea (1),EL,1.1185237757274662,0.9065217391304349
3453,0,upfront,GPS hea (1),EL,1.0096039838747926,1.0755102040816324
3454,0,upfront_destination_changed,GPS hea (1),EL,1.6570812365204888,
3455,0,upfront,GPS hea (1),EL,1.3153219837157661,1.73
3456,0,upfront,GPS hea (1),EL,0.9621716287215412,0.9421875
3457,0,upfront,GPS hea (1),EL,0.9245490541135064,0.941095890410959
3458,0,upfront,GPS hea (1),EL,1.1605019815059445,1.2759259259259257
3459,0,prediction,GPS halb (0),mitte-EL,0.5986212718064153,
3460,0,upfront,GPS hea (1),EL,1.1019505646371317,1.0061111111111112
3461,0,upfront,GPS hea (1),EL,1.1356209150326797,0.9895833333333334
3462,0,upfront,GPS hea (1),EL,0.17733411626541398,0.463768115942029
3463,0,upfront,GPS hea (1),EL,0.9911802853437095,0.9027777777777778
3464,0,upfront_destination_changed,GPS hea (1),EL,,
3465,0,upfront,GPS hea (1),EL,1.5461824420932229,1.3736842105263158
3466,0,prediction,GPS halb (0),mitte-EL,0.01170046801872075,
3467,0,upfront,GPS hea (1),EL,1.2415433403805496,1.2142857142857142
3468,0,upfront,GPS hea (1),EL,0.9068994181213632,0.9305970149253732
3469,0,upfront_destination_changed,GPS hea (1),EL,2.1479420731707317,
3470,0,upfront,GPS hea (1),EL,1.7772191673212883,1.4136363636363638
3471,0,prediction,GPS halb (0),mitte-EL,1.0,
3472,0,prediction,GPS hea (1),mitte-EL,2.524392455567646,
3473,0,prediction,GPS hea (1),mitte-EL,3.35,
3474,0,upfront,GPS hea (1),EL,1.0275585914497702,0.8925373134328358
3475,0,prediction,GPS hea (1),mitte-EL,1.1709514518535522,
3476,1,prediction,GPS halb (0),mitte-EL,0.1665448343079922,
3477,0,upfront,GPS hea (1),EL,1.1736471460340994,1.0871794871794873
3478,0,upfront,GPS hea (1),EL,1.0165809033733562,1.0391891891891891
3479,0,prediction,GPS hea (1),mitte-EL,0.8381469831283958,
3480,0,upfront,GPS hea (1),EL,1.613299232736573,1.26
3481,0,prediction,GPS hea (1),mitte-EL,0.2844731977818854,
3482,0,prediction,GPS hea (1),mitte-EL,1.0961858915015739,
3483,0,prediction,GPS halb (0),mitte-EL,0.4952685777901475,
3484,0,prediction,GPS halb (0),mitte-EL,0.9686875416389074,
3485,0,upfront_destination_changed,GPS hea (1),EL,1.666754547851305,
3486,0,upfront_destination_changed,GPS hea (1),EL,2.0416829418001226,
3487,1,prediction,GPS halb (0),mitte-EL,0.7153507285665875,
3488,0,upfront,GPS hea (1),EL,1.1877418356291596,1.306
3489,0,prediction,GPS halb (0),mitte-EL,1.0,
3490,0,upfront,GPS hea (1),EL,1.1276080226140799,1.337313432835821
3491,0,prediction,GPS halb (0),mitte-EL,1.0,
3492,0,prediction,GPS hea (1),mitte-EL,0.14834034177328442,
3493,0,prediction,GPS halb (0),mitte-EL,1.0,
3494,0,prediction,GPS hea (1),mitte-EL,1.1695212999560827,
3495,0,prediction,GPS hea (1),mitte-EL,1.1094987784111943,
3496,0,prediction,GPS hea (1),mitte-EL,1.1161616161616161,
3497,0,upfront,GPS hea (1),EL,1.1336975273145486,1.25
3498,0,prediction,GPS hea (1),mitte-EL,1.1097424412094066,
3499,0,upfront,GPS hea (1),EL,1.3098850012233911,1.3285714285714285
3500,0,upfront,GPS hea (1),EL,1.7409586857913448,1.3925373134328358
3501,0,upfront,GPS hea (1),EL,0.9337979094076655,0.9096774193548386
3502,1,upfront,GPS halb (0),EL,0.35168062656368976,
3503,0,upfront,GPS hea (1),EL,0.9783179118906229,0.9796610169491525
3504,0,upfront,GPS hea (1),EL,1.6680545041635124,1.3479166666666667
3505,0,prediction,GPS halb (0),mitte-EL,1.0,
3506,1,prediction,GPS hea (1),mitte-EL,0.006184770003865481,
3507,0,upfront,GPS hea (1),EL,1.8067200986436498,1.5722222222222222
3508,0,upfront,GPS hea (1),EL,0.9815505149428192,0.9733333333333333
3509,0,prediction,GPS halb (0),mitte-EL,1.0,
3510,0,upfront,GPS hea (1),EL,0.9310941828254847,0.9379310344827587
3511,0,upfront,GPS hea (1),EL,0.024864864864864864,0.4032258064516129
3512,0,prediction,GPS hea (1),mitte-EL,0.002414972831555645,
3513,0,upfront,GPS hea (1),EL,0.9690823645807569,0.7948905109489052
3514,0,upfront,GPS hea (1),EL,1.6444389151530232,1.3868421052631579
3515,0,upfront,GPS hea (1),EL,1.3121546961325967,1.2620689655172415
3516,0,upfront,GPS halb (0),EL,2.0811001410437235,1.6944444444444444
3517,0,prediction,GPS hea (1),mitte-EL,1.1357413341101077,
3518,0,upfront_destination_changed,GPS halb (0),EL,0.8904632152588556,
3519,0,upfront,GPS hea (1),EL,1.0030716068343253,1.0019607843137257
3520,0,upfront,GPS hea (1),EL,1.003253090435914,0.925
3521,0,upfront,GPS hea (1),EL,1.0345454545454544,0.9413043478260871
3522,0,upfront,GPS hea (1),EL,0.6639604659371691,0.8088235294117647
3523,0,upfront_destination_changed,GPS halb (0),EL,1.1511046269278866,
3524,1,prediction,GPS halb (0),mitte-EL,2.662245444801715,
3525,0,prediction,GPS hea (1),mitte-EL,0.7934364836897605,
3526,0,prediction,GPS halb (0),mitte-EL,1.0,
3527,0,prediction,GPS hea (1),mitte-EL,1.2798646362098138,
3528,1,prediction,GPS hea (1),mitte-EL,0.06294635442617505,
3529,0,upfront_destination_changed,GPS hea (1),EL,1.63003663003663,
3530,0,prediction,GPS hea (1),mitte-EL,1.9715121951219512,
3531,0,prediction,GPS hea (1),mitte-EL,0.21498107084910761,
3532,0,upfront_destination_changed,GPS hea (1),EL,1.1961286649587248,
3533,0,upfront,GPS hea (1),EL,1.0054878864944452,1.0033898305084745
3534,0,prediction,GPS halb (0),mitte-EL,1.0,
3535,0,upfront,GPS hea (1),EL,1.0975556997620592,1.0489583333333334
3536,0,upfront,GPS hea (1),EL,1.0961639516552812,1.2840909090909092
3537,0,prediction,GPS halb (0),mitte-EL,1.0,
3538,0,upfront,GPS halb (0),EL,2.3285415212840195,2.0478260869565217
3539,0,upfront,GPS hea (1),EL,0.9597147262914418,1.0113636363636362
3540,0,prediction,GPS hea (1),mitte-EL,0.9093893630991464,
3541,0,upfront,GPS hea (1),EL,1.3583308494783906,1.2637168141592918
3542,0,upfront,GPS hea (1),EL,1.429304713019132,1.25
3543,1,prediction,GPS hea (1),mitte-EL,0.832391713747646,
3544,0,prediction,GPS halb (0),mitte-EL,1.551310861423221,
3545,0,upfront,GPS hea (1),EL,0.9234752589182968,1.0
3546,0,upfront,GPS hea (1),EL,1.2657851940889486,1.285344827586207
3547,0,prediction,GPS hea (1),mitte-EL,0.8182187881252542,
3548,0,prediction,GPS hea (1),mitte-EL,0.0001973164956590371,
3549,0,upfront_destination_changed,GPS hea (1),EL,1.4933380707052764,
3550,0,upfront,GPS hea (1),EL,6.955436720142602,4.1033333333333335
3551,0,upfront,GPS hea (1),EL,0.993849938499385,0.9571428571428573
3552,0,upfront_destination_changed,GPS hea (1),EL,3.6222222222222222,
3553,0,upfront,GPS hea (1),EL,1.0008246936852025,1.0193548387096774
3554,0,upfront,GPS hea (1),EL,1.0025867538679292,1.0062992125984251
3555,0,upfront,GPS hea (1),EL,0.9732023224653863,0.9866666666666667
3556,0,upfront,GPS hea (1),EL,0.9868625125444759,0.9244897959183673
3557,0,upfront,GPS hea (1),EL,1.7447112883648344,1.7295652173913043
3558,0,upfront,GPS hea (1),EL,1.0338983050847457,1.0
3559,0,prediction,GPS halb (0),mitte-EL,1.1039435248296008,
3560,0,upfront,GPS hea (1),EL,1.3151382823871907,1.2093023255813955
3561,0,prediction,GPS halb (0),mitte-EL,0.9068898277543062,
3562,0,upfront,GPS hea (1),EL,1.0572605561277033,1.0214285714285714
3563,0,upfront,GPS hea (1),EL,1.543030303030303,3.2342857142857144
3564,0,upfront,GPS hea (1),EL,1.072064609650031,1.0567164179104478
3565,0,upfront,GPS hea (1),EL,1.0869181279172448,1.0799999999999998
3566,0,upfront_destination_changed,GPS hea (1),EL,1.5360146556749106,
3567,0,upfront,GPS hea (1),EL,0.8959985580389329,0.8440677966101695
3568,0,upfront_destination_changed,GPS halb (0),EL,0.9788418708240535,
3569,0,upfront,GPS hea (1),EL,1.36953116842435,1.2465116279069768
3570,0,upfront,GPS halb (0),EL,1.219672684325966,
3571,0,prediction,GPS hea (1),mitte-EL,1.0090485454463196,
3572,0,upfront,GPS hea (1),EL,0.3827288428324698,1.1862745098039216
3573,0,upfront,GPS hea (1),EL,0.9900073117231294,0.9590163934426229
3574,0,upfront,GPS hea (1),EL,0.1261564339781329,0.9615384615384615
3575,0,prediction,GPS halb (0),mitte-EL,0.4850858692377222,
3576,0,upfront,GPS hea (1),EL,0.5374945817078457,0.935
3577,0,upfront,GPS hea (1),EL,1.0746304530705444,1.0047619047619047
3578,0,upfront,GPS hea (1),EL,1.0455997676444961,1.0711111111111111
3579,0,upfront,GPS hea (1),EL,1.3926141885325558,1.2415384615384615
3580,0,upfront,GPS hea (1),EL,1.0302069173840809,1.0613636363636363
3581,0,upfront,GPS hea (1),EL,1.0395364689843218,0.9857142857142858
3582,0,prediction,GPS hea (1),mitte-EL,0.38028407169428474,
3583,0,prediction,GPS hea (1),mitte-EL,1.0823725424858381,
3584,0,upfront,GPS hea (1),EL,0.6640612007317479,0.8125
3585,0,upfront,GPS hea (1),EL,0.8724620540114331,0.9023809523809524
3586,0,upfront,GPS hea (1),EL,1.3823334803705338,1.383673469387755
3587,0,prediction,GPS halb (0),mitte-EL,0.8775807305452621,
3588,0,prediction,GPS hea (1),mitte-EL,1.0346255686061512,
3589,0,upfront,GPS hea (1),EL,0.9729656381779467,0.9853881278538813
3590,0,prediction,GPS halb (0),mitte-EL,0.0012550988390335738,
3591,0,prediction,GPS hea (1),mitte-EL,0.0054293994643970795,
3592,0,prediction,GPS halb (0),mitte-EL,0.07290480065093571,
3593,0,upfront,GPS hea (1),EL,1.0049278423090462,1.017241379310345
3594,0,upfront,GPS hea (1),EL,0.6551961459050241,0.8184210526315789
3595,0,upfront,GPS hea (1),EL,0.9944040290990487,0.9846153846153846
3596,0,prediction,GPS halb (0),mitte-EL,1.1457336290416715,
3597,0,upfront,GPS hea (1),EL,1.2951155308569757,1.3257142857142856
3598,0,upfront,GPS hea (1),EL,0.9713871201740952,0.9555555555555555
3599,0,upfront,GPS hea (1),EL,0.7526897353881943,0.8612244897959183
3600,0,prediction,GPS halb (0),mitte-EL,0.05696140693698095,
3601,0,prediction,GPS halb (0),mitte-EL,0.44266904081345765,
3602,0,upfront,GPS hea (1),EL,1.5642223260158805,1.377272727272727
3603,0,prediction,GPS hea (1),mitte-EL,1.0534286406590745,
3604,0,upfront_destination_changed,GPS hea (1),EL,7.575,
3605,0,prediction,GPS hea (1),mitte-EL,0.0,
3606,0,upfront,GPS hea (1),EL,2.4282868525896415,1.468
3607,0,upfront,GPS hea (1),EL,1.3553133514986375,1.24
3608,0,upfront,GPS hea (1),EL,0.9184962406015038,0.8962962962962963
3609,1,prediction,GPS hea (1),mitte-EL,0.9982708310818112,
3610,0,upfront,GPS hea (1),EL,1.1291291291291292,1.0490196078431373
3611,0,upfront,GPS hea (1),EL,1.3210378243201,1.2527272727272727
3612,0,upfront,GPS hea (1),EL,1.175909504865072,1.1906040268456375
3613,0,upfront,GPS hea (1),EL,0.3472945891783567,0.5555555555555556
3614,0,upfront,GPS hea (1),EL,0.967032967032967,0.9491525423728813
3615,0,prediction,GPS hea (1),mitte-EL,0.009288730107177656,
3616,0,prediction,GPS hea (1),mitte-EL,1.1013085993672707,
3617,0,prediction,GPS hea (1),mitte-EL,0.8708245736977341,
3618,0,prediction,GPS hea (1),mitte-EL,1.86079727137071,
3619,0,prediction,GPS halb (0),mitte-EL,1.0,
3620,0,upfront,GPS halb (0),EL,1.0336477987421384,1.0699999999999998
3621,0,prediction,GPS hea (1),mitte-EL,1.0236011667992575,
3622,0,prediction,GPS halb (0),mitte-EL,1.0,
3623,0,prediction,GPS hea (1),mitte-EL,1.3018298813593405,
3624,0,upfront,GPS hea (1),EL,1.012247974373469,1.008108108108108
3625,0,upfront,GPS hea (1),EL,1.1099168525654026,1.056521739130435
3626,0,prediction,GPS hea (1),mitte-EL,0.15853943980650698,
3627,0,upfront,GPS hea (1),EL,1.3918869974646868,1.2648648648648648
3628,0,upfront,GPS hea (1),EL,1.0619591554170993,1.1217391304347828
3629,0,prediction,GPS halb (0),mitte-EL,1.0,
3630,0,prediction,GPS hea (1),mitte-EL,0.08293333333333333,
3631,0,upfront,GPS hea (1),EL,0.054190585533869115,0.3731343283582089
3632,0,prediction,GPS hea (1),mitte-EL,1.1271281222815956,
3633,0,upfront,GPS hea (1),EL,0.5238095238095238,0.9883720930232559
3634,0,prediction,GPS hea (1),mitte-EL,0.13586309523809523,
3635,1,prediction,GPS hea (1),mitte-EL,0.40345368916797486,
3636,0,upfront,GPS hea (1),EL,0.433255556920054,0.3777777777777778
3637,0,upfront,GPS hea (1),EL,1.0206506424410657,1.1854545454545453
3638,0,prediction,GPS hea (1),mitte-EL,1.1405149647887325,
3639,0,upfront,GPS hea (1),EL,1.0354041416165665,1.276271186440678
3640,1,prediction,GPS hea (1),mitte-EL,0.4729219143576826,
3641,0,upfront,GPS hea (1),EL,1.0209823557463042,0.9964285714285716
3642,0,prediction,GPS hea (1),mitte-EL,1.5055179779280883,
3643,0,prediction,GPS hea (1),mitte-EL,1.1298358927041454,
3644,0,upfront,GPS hea (1),EL,1.1576790537394057,1.1531645569620252
3645,0,prediction,GPS hea (1),mitte-EL,0.21614716402657128,
3646,0,upfront,GPS hea (1),EL,0.3962140992167102,0.47966101694915253
3647,0,upfront,GPS halb (0),EL,0.36040395539659165,
3648,0,prediction,GPS hea (1),mitte-EL,1.392574558734023,
3649,0,prediction,GPS hea (1),mitte-EL,0.14709236031927023,
3650,0,upfront,GPS hea (1),EL,1.0034965034965035,1.0214285714285714
3651,0,prediction,GPS hea (1),mitte-EL,1.0871730083234246,
3652,1,prediction,GPS hea (1),mitte-EL,0.8442358011389872,
3653,0,prediction,GPS halb (0),mitte-EL,1.0,
3654,0,upfront,GPS hea (1),EL,1.382315249893208,1.3479729729729728
3655,0,upfront,GPS hea (1),EL,1.2771482530689329,1.3061224489795917
3656,0,prediction,GPS halb (0),mitte-EL,0.016352322608653706,
3657,0,upfront,GPS hea (1),EL,1.331306990881459,1.276315789473684
3658,0,upfront,GPS hea (1),EL,1.7578290704928259,1.7785714285714285
3659,0,prediction,GPS halb (0),mitte-EL,0.7462825278810409,
3660,0,upfront,GPS hea (1),EL,0.9674523007856342,1.0030303030303032
3661,1,prediction,GPS halb (0),mitte-EL,1.0,
3662,0,prediction,GPS hea (1),mitte-EL,0.01511879049676026,
3663,0,prediction,GPS halb (0),mitte-EL,0.16960458276465273,
3664,1,prediction,GPS hea (1),mitte-EL,1.681335166895862,
3665,0,prediction,GPS hea (1),mitte-EL,2.751196172248804,
3666,0,prediction,GPS hea (1),mitte-EL,0.022765802857834826,
3667,0,upfront,GPS hea (1),EL,1.1404724409448819,1.1314814814814815
3668,0,upfront,GPS hea (1),EL,1.3697878566203365,1.2393939393939395
3669,0,upfront,GPS hea (1),EL,1.2779661016949153,1.3666666666666665
3670,0,upfront,GPS hea (1),EL,1.621223021582734,1.3703703703703702
3671,0,prediction,GPS hea (1),mitte-EL,1.2184170471841704,
3672,0,upfront,GPS hea (1),EL,1.0120566545709937,0.9356164383561644
3673,0,upfront,GPS hea (1),EL,1.0047546272711836,0.978723404255319
3674,0,upfront,GPS hea (1),EL,1.373427277302466,1.2675675675675677
3675,0,upfront_destination_changed,GPS hea (1),EL,0.9977355861348197,
3676,0,prediction,GPS halb (0),mitte-EL,1.1837899543378996,
3677,0,upfront,GPS halb (0),EL,1.3743132788422887,1.3909090909090909
3678,0,upfront,GPS hea (1),EL,0.963705423085039,0.9804347826086957
3679,1,prediction,GPS halb (0),mitte-EL,3.432834088006502,
3680,0,prediction,GPS hea (1),mitte-EL,0.8235604860010565,
3681,0,prediction,GPS hea (1),mitte-EL,1.0114423851732475,
3682,0,upfront,GPS hea (1),EL,0.9531315678856662,0.9333333333333335
3683,0,upfront,GPS hea (1),EL,0.9739303787762613,1.0057692307692307
3684,0,prediction,GPS hea (1),mitte-EL,0.001120378438939375,
3685,0,prediction,GPS hea (1),mitte-EL,1.82640586797066,
3686,0,prediction,GPS halb (0),mitte-EL,1.0,
3687,0,prediction,GPS halb (0),mitte-EL,0.00539448429134256,
3688,0,prediction,GPS hea (1),mitte-EL,0.12694075270152777,
3689,0,upfront,GPS hea (1),EL,1.1216044681391215,0.9318181818181817
3690,1,prediction,GPS halb (0),mitte-EL,1.0,
3691,0,upfront,GPS hea (1),EL,1.1569872958257714,1.512162162162162
3692,1,prediction,GPS halb (0),mitte-EL,0.9093235831809872,
3693,1,prediction,GPS halb (0),mitte-EL,6.827287246178416,
3694,0,upfront_destination_changed,GPS hea (1),EL,0.6963323929212618,
3695,1,prediction,GPS halb (0),mitte-EL,1.01395592864638,
3696,0,prediction,GPS hea (1),mitte-EL,0.0,
3697,0,prediction,GPS halb (0),mitte-EL,1.0,
3698,0,upfront,GPS hea (1),EL,1.6185725249424405,1.2666666666666666
3699,0,upfront,GPS hea (1),EL,1.10515793682527,1.0147540983606558
3700,0,prediction,GPS hea (1),mitte-EL,1.2172131147540983,
3701,0,upfront,GPS hea (1),EL,0.9921428571428571,0.9735849056603774
3702,0,prediction,GPS halb (0),mitte-EL,1.438469769930444,
3703,0,upfront,GPS hea (1),EL,0.0,0.4081632653061224
3704,0,prediction,GPS hea (1),mitte-EL,116.72727272727273,
3705,0,upfront,GPS hea (1),EL,1.2151105245793468,1.2607142857142857
3706,0,upfront,GPS hea (1),EL,0.7957044496968452,0.8426829268292684
3707,0,upfront,GPS hea (1),EL,0.9874865927779765,1.2354838709677418
3708,0,upfront,GPS hea (1),EL,0.9896265560165975,1.293548387096774
3709,0,upfront,GPS hea (1),EL,1.4276985743380854,1.2162162162162162
3710,0,upfront,GPS hea (1),EL,1.0153195985208663,1.0012987012987014
3711,0,upfront,GPS hea (1),EL,1.0279540387583606,0.9838983050847456
3712,0,upfront,GPS hea (1),EL,1.2087254063301967,1.0
3713,0,prediction,GPS hea (1),mitte-EL,0.21131468185194355,
3714,0,prediction,GPS hea (1),mitte-EL,0.2551834130781499,
3715,0,prediction,GPS halb (0),mitte-EL,1.0,
3716,0,prediction,GPS halb (0),mitte-EL,1.0,
3717,0,upfront,GPS hea (1),EL,0.4498525073746313,0.6097560975609757
3718,0,prediction,GPS hea (1),mitte-EL,0.27583672924043023,
3719,1,prediction,GPS halb (0),mitte-EL,3.2058724832214764,
3720,0,prediction,GPS hea (1),mitte-EL,1.1412192393736018,
3721,0,upfront,GPS hea (1),EL,1.066465256797583,0.9957446808510637
3722,0,upfront,GPS hea (1),EL,1.3507266678340046,1.3355555555555556
3723,0,upfront,GPS hea (1),EL,0.9885885885885886,0.9821428571428572
3724,0,upfront,GPS hea (1),EL,1.6502702702702703,1.2387096774193547
3725,0,prediction,GPS hea (1),mitte-EL,1.0422983731394946,
3726,0,prediction,GPS halb (0),mitte-EL,0.21908589587811944,
3727,0,prediction,GPS halb (0),mitte-EL,1.7762535477767265,
3728,0,upfront_destination_changed,GPS hea (1),EL,6083.0,
3729,0,upfront,GPS hea (1),EL,0.9910979228486647,0.9821428571428572
3730,0,upfront,GPS hea (1),EL,0.9466900995899239,0.9461538461538461
3731,0,prediction,GPS hea (1),mitte-EL,0.28125,
3732,0,upfront,GPS hea (1),EL,0.9473789917654147,0.8942857142857142
3733,1,prediction,GPS halb (0),mitte-EL,1.0,
3734,1,prediction,GPS hea (1),mitte-EL,0.8544684339983603,
3735,0,upfront,GPS hea (1),EL,1.5236315086782377,1.211764705882353
3736,0,upfront,GPS hea (1),EL,1.0135840141746235,1.2916666666666667
3737,1,prediction,GPS halb (0),mitte-EL,1.2100587672543393,
3738,0,upfront,GPS hea (1),EL,1.020487581549731,1.0318181818181817
3739,0,upfront_destination_changed,GPS hea (1),EL,0.33619812280900147,
3740,0,prediction,GPS halb (0),mitte-EL,1.0,
3741,0,upfront,GPS hea (1),EL,1.5607832472124015,1.225
3742,0,upfront,GPS hea (1),EL,1.3335351089588379,1.26
3743,0,prediction,GPS hea (1),mitte-EL,0.7123155093152673,
3744,0,upfront,GPS hea (1),EL,1.0652441526466967,0.9428571428571428
3745,0,upfront,GPS hea (1),EL,1.3713001704633503,1.3018867924528303
3746,0,upfront,GPS hea (1),EL,1.1409727947238253,0.9821428571428572
3747,0,upfront,GPS halb (0),EL,1.3671809841534612,1.1725
3748,0,upfront,GPS hea (1),EL,0.9525324051848296,1.0035087719298246
3749,0,prediction,GPS hea (1),mitte-EL,1.367494277161472,
3750,0,upfront,GPS hea (1),EL,1.0224925185828748,1.0530864197530865
3751,0,upfront,GPS hea (1),EL,1.0569922784654981,1.2527777777777778
3752,0,prediction,GPS hea (1),mitte-EL,0.1693080357142857,
3753,0,upfront,GPS hea (1),EL,1.4685163443119322,1.3191304347826087
3754,0,prediction,GPS hea (1),mitte-EL,1.1557810644499622,
3755,0,upfront,GPS hea (1),EL,0.3725864629747507,0.5322222222222223
3756,0,prediction,GPS hea (1),mitte-EL,0.9051672099480864,
3757,1,upfront,GPS halb (0),EL,2.0798621085894857,
3758,0,upfront,GPS hea (1),EL,1.4107858243451463,1.337142857142857
3759,0,upfront,GPS hea (1),EL,1.9274008270791851,1.4483333333333333
3760,0,prediction,GPS halb (0),mitte-EL,0.06950242581518673,
3761,0,upfront,GPS hea (1),EL,0.9866190083402071,0.940506329113924
3762,0,prediction,GPS hea (1),mitte-EL,0.7406894162480513,
3763,1,prediction,GPS hea (1),mitte-EL,1.0184997179921038,
3764,0,upfront,GPS hea (1),EL,0.9787253386671516,1.0037974683544304
3765,0,prediction,GPS halb (0),mitte-EL,1.0,
3766,0,prediction,GPS hea (1),mitte-EL,1.1237021655295165,
3767,0,upfront,GPS hea (1),EL,1.4213441101631492,1.4755555555555555
3768,0,prediction,GPS hea (1),mitte-EL,1.2366562653966169,
3769,0,upfront,GPS hea (1),EL,0.7664538310412574,0.8121212121212122
3770,0,upfront,GPS hea (1),EL,1.387762980119668,1.5772727272727272
3771,0,upfront,GPS hea (1),EL,0.8941282281896441,0.8461538461538461
3772,0,prediction,GPS hea (1),mitte-EL,0.5922818791946308,
3773,0,upfront,GPS hea (1),EL,1.0143986448334275,1.0661290322580645
3774,0,upfront,GPS hea (1),EL,0.9941144264987681,0.9557377049180329
3775,0,upfront,GPS hea (1),EL,1.594022988505747,1.4074074074074072
3776,0,prediction,GPS hea (1),mitte-EL,0.7597080694023685,
3777,0,upfront,GPS hea (1),EL,0.8463721837857016,0.8945945945945946
3778,0,upfront,GPS hea (1),EL,1.0232389251997096,1.031707317073171
3779,0,upfront,GPS hea (1),EL,0.8961821835231079,0.9153846153846154
3780,0,prediction,GPS hea (1),mitte-EL,0.5774647887323944,
3781,0,upfront,GPS hea (1),EL,0.024,1.0
3782,1,prediction,GPS halb (0),mitte-EL,1.0,
3783,1,prediction,GPS halb (0),mitte-EL,1.0,
3784,0,upfront,GPS hea (1),EL,1.184969696969697,1.3157894736842106
3785,1,prediction,GPS halb (0),mitte-EL,0.9555081267443769,
3786,0,upfront,GPS hea (1),EL,1.0859581385897175,1.0924050632911393
3787,0,upfront_destination_changed,GPS halb (0),EL,0.20880091897145886,
3788,0,upfront,GPS hea (1),EL,1.4362862463421122,1.4947368421052631
3789,0,upfront,GPS hea (1),EL,0.6824013722126929,0.6877358490566038
3790,0,prediction,GPS hea (1),mitte-EL,1.0880917002759498,
3791,0,upfront,GPS hea (1),EL,1.0643863179074446,1.0439024390243905
3792,0,prediction,GPS hea (1),mitte-EL,0.050313734603764815,
3793,0,upfront,GPS hea (1),EL,1.442127606442752,1.4705128205128206
3794,0,upfront,GPS hea (1),EL,1.0141267123287672,0.9677419354838709
3795,0,upfront,GPS hea (1),EL,0.6437387116195064,0.6180555555555556
3796,0,prediction,GPS halb (0),mitte-EL,1.0,
3797,0,upfront,GPS hea (1),EL,1.0563717116501536,0.9758620689655173
3798,1,prediction,GPS halb (0),mitte-EL,2.714803187635837,
3799,0,upfront,GPS hea (1),EL,1.0188180917794651,1.3
3800,0,prediction,GPS halb (0),mitte-EL,1.2340829043619614,
3801,0,upfront,GPS hea (1),EL,1.546337817638266,1.205
3802,0,upfront,GPS hea (1),EL,1.1340937896070975,1.018
3803,0,upfront,GPS hea (1),EL,0.8771297102350454,0.8672131147540985
3804,0,upfront,GPS hea (1),EL,1.4860162959700507,1.2794871794871796
3805,0,upfront,GPS hea (1),EL,1.0145973154362415,0.9866666666666667
3806,0,upfront,GPS hea (1),EL,0.9736664415935179,1.0192771084337349
3807,0,prediction,GPS hea (1),mitte-EL,0.9297406924525569,
3808,0,prediction,GPS hea (1),mitte-EL,1.3737630232644984,
3809,0,prediction,GPS hea (1),mitte-EL,0.5986024844720497,
3810,0,upfront,GPS hea (1),EL,1.2124301216705031,1.0842105263157893
3811,0,upfront,GPS hea (1),EL,0.9455088767797504,1.338
3812,0,upfront_destination_changed,GPS hea (1),EL,1.9993089832181639,
3813,1,prediction,GPS halb (0),mitte-EL,1.0564297341291373,
3814,0,upfront,GPS hea (1),EL,1.225817156130745,1.2625
3815,0,upfront,GPS hea (1),EL,1.0026041666666667,0.9777777777777777
3816,0,upfront,GPS hea (1),EL,1.5580969807868252,1.3199999999999998
3817,0,upfront,GPS hea (1),EL,1.317915115413254,1.265020576131687
3818,0,prediction,GPS hea (1),mitte-EL,0.05283347863993025,
3819,0,prediction,GPS hea (1),mitte-EL,0.09223646723646724,
3820,0,upfront_destination_changed,GPS hea (1),EL,15.8617963314358,
3821,0,upfront,GPS hea (1),EL,1.611033193080879,1.4472727272727273
3822,0,prediction,GPS hea (1),mitte-EL,1.0696844477836214,
3823,0,upfront,GPS hea (1),EL,0.7192755498059509,0.7514285714285714
3824,0,upfront,GPS hea (1),EL,1.0055018587360596,0.9734693877551018
3825,0,upfront,GPS hea (1),EL,1.588464211257818,1.2669811320754718
3826,0,upfront,GPS hea (1),EL,1.009375,1.017777777777778
3827,0,prediction,GPS hea (1),mitte-EL,1.3189967247026375,
3828,0,upfront,GPS hea (1),EL,1.1535250463821893,1.245
3829,0,prediction,GPS hea (1),mitte-EL,3.0409429280397022,
3830,0,upfront,GPS hea (1),EL,1.0208648830556957,1.0130434782608695
3831,0,upfront,GPS hea (1),EL,1.2861094810964875,1.3927536231884057
3832,1,prediction,GPS halb (0),mitte-EL,1.407610233197268,
3833,0,upfront_destination_changed,GPS halb (0),EL,0.023538344722854973,
3834,0,prediction,GPS hea (1),mitte-EL,1.0516935904116727,
3835,0,prediction,GPS hea (1),mitte-EL,0.07768924302788845,
3836,0,upfront,GPS hea (1),EL,0.969668020062097,0.9315789473684211
3837,0,upfront,GPS hea (1),EL,1.0119930761622156,1.036734693877551
3838,0,upfront,GPS hea (1),EL,1.0375731945348081,1.076829268292683
3839,0,upfront,GPS halb (0),EL,2.3508467216673905,2.5035714285714286
3840,0,upfront,GPS hea (1),EL,1.062964705882353,1.04
3841,0,prediction,GPS halb (0),mitte-EL,0.5977384464110128,
3842,1,prediction,GPS halb (0),mitte-EL,1.0,
3843,0,upfront,GPS hea (1),EL,0.894968814968815,0.8136363636363636
3844,0,upfront,GPS hea (1),EL,1.2776869636289334,1.0853658536585367
3845,0,upfront,GPS hea (1),EL,1.0411577714572529,1.1616161616161615
3846,0,upfront,GPS hea (1),EL,1.389261744966443,1.4285714285714284
3847,0,prediction,GPS hea (1),mitte-EL,0.7670574253146778,
3848,0,upfront,GPS hea (1),EL,1.1290451992511368,1.2304347826086957
3849,0,upfront,GPS hea (1),EL,1.4627272727272727,1.4459459459459458
3850,0,upfront,GPS hea (1),EL,0.9994493392070485,0.96
3851,1,upfront,GPS hea (1),EL,1.0133176654915785,1.3487804878048781
3852,0,upfront,GPS hea (1),EL,1.0195211786372007,0.94
3853,0,upfront,GPS hea (1),EL,1.1139066788655079,1.2970588235294118
3854,0,upfront_destination_changed,GPS hea (1),EL,6.646259769259397,
3855,0,prediction,GPS halb (0),mitte-EL,1.0,
3856,0,upfront,GPS hea (1),EL,2.1353152229625834,2.053571428571429
3857,0,upfront,GPS hea (1),EL,1.8675144166789885,1.411764705882353
3858,0,upfront,GPS hea (1),EL,0.8156241073978863,0.8826086956521739
3859,0,upfront,GPS hea (1),EL,1.2794238683127572,1.2347826086956522
3860,0,upfront,GPS hea (1),EL,0.030879782482035347,0.5059523809523809
3861,0,upfront,GPS hea (1),EL,0.9240763296792529,1.236
3862,0,upfront_destination_changed,GPS halb (0),EL,0.9569859038142621,
3863,0,prediction,GPS hea (1),mitte-EL,0.0069459061250263104,
3864,0,prediction,GPS hea (1),mitte-EL,0.40743974851554315,
3865,0,upfront_destination_changed,GPS hea (1),EL,1.3002108350902923,
3866,0,prediction,GPS hea (1),mitte-EL,4.540989799773328,
3867,0,prediction,GPS halb (0),mitte-EL,1.0,
3868,0,upfront,GPS hea (1),EL,0.9832687566044381,0.850877192982456
3869,0,prediction,GPS hea (1),mitte-EL,1.2017032013877937,
3870,0,prediction,GPS halb (0),mitte-EL,1.0,
3871,0,upfront,GPS hea (1),EL,1.6215439856373428,1.2571428571428573
3872,0,upfront,GPS hea (1),EL,0.018401380103507763,1.0
3873,0,upfront,GPS hea (1),EL,1.495921696574225,1.4212765957446807
3874,0,upfront,GPS hea (1),EL,1.0226102941176471,0.9914285714285714
3875,0,upfront,GPS hea (1),EL,1.6864139020537126,1.2973684210526315
3876,0,upfront,GPS hea (1),EL,1.0418848167539267,0.9821428571428572
3877,0,upfront,GPS hea (1),EL,0.9167819727218818,0.918421052631579
3878,0,upfront,GPS hea (1),EL,0.9547557840616967,1.0
3879,0,upfront,GPS hea (1),EL,1.2130515683147263,1.2412698412698413
3880,0,puudub,GPS hea (1),EL,,
3881,0,upfront,GPS hea (1),EL,1.1626559714795008,1.0571428571428572
3882,0,upfront,GPS hea (1),EL,1.5487429451000514,1.3122641509433963
3883,0,prediction,GPS hea (1),mitte-EL,0.9315417256011316,
3884,0,upfront,GPS hea (1),EL,1.0564603691639523,1.0375
3885,0,upfront,GPS hea (1),EL,0.9959758551307847,0.9125
3886,0,prediction,GPS hea (1),mitte-EL,0.8316761363636364,
3887,0,upfront,GPS hea (1),EL,1.576997773672493,1.3489510489510488
3888,0,upfront,GPS hea (1),EL,1.0204639675399136,0.996590909090909
3889,0,prediction,GPS hea (1),mitte-EL,1.355022624434389,
3890,0,upfront,GPS hea (1),EL,0.03812893081761006,0.8695652173913044
3891,0,upfront_destination_changed,GPS hea (1),EL,1.567513797972019,
3892,0,upfront,GPS hea (1),EL,1.1461557980208068,1.3485714285714285
3893,0,upfront_destination_changed,GPS hea (1),EL,3.392445328031809,
3894,0,upfront,GPS hea (1),EL,1.0031122176773963,1.088235294117647
3895,0,upfront,GPS hea (1),EL,1.164715719063545,1.107017543859649
3896,0,upfront,GPS hea (1),EL,0.9046239024179247,0.8895622895622897
3897,0,prediction,GPS hea (1),mitte-EL,1.3714751426242868,
3898,0,upfront,GPS hea (1),EL,1.97456451364267,1.4970873786407766
3899,0,upfront,GPS halb (0),EL,1.1079309040474088,1.159722222222222
3900,0,upfront,GPS hea (1),EL,1.6021947873799727,1.2153846153846155
3901,0,upfront,GPS hea (1),EL,1.236597783767595,1.6194029850746268
3902,0,upfront,GPS hea (1),EL,2.636720282463711,1.6771929824561405
3903,0,upfront,GPS hea (1),EL,0.001642635517430188,0.423728813559322
3904,0,upfront,GPS hea (1),EL,1.2793454666889297,1.2962962962962963
3905,0,upfront,GPS hea (1),EL,0.8783409314382765,1.0119718309859156
3906,0,upfront,GPS hea (1),EL,1.014240919780507,0.9192660550458714
3907,0,upfront,GPS hea (1),EL,0.6948081264108352,0.9042553191489361
3908,0,prediction,GPS hea (1),mitte-EL,1.2778114274177266,
3909,0,upfront,GPS hea (1),EL,0.24106113033448673,0.6578947368421053
3910,0,upfront,GPS hea (1),EL,1.3720275784437879,1.2138888888888888
3911,0,upfront,GPS hea (1),EL,1.2345844504021448,1.2644736842105262
3912,0,upfront,GPS hea (1),EL,1.0129766420443203,1.290909090909091
3913,0,prediction,GPS hea (1),mitte-EL,1.2700892857142858,
3914,0,upfront,GPS hea (1),EL,0.8138989554465998,1.1951219512195124
3915,0,upfront,GPS hea (1),EL,1.54400877433507,1.2493150684931507
3916,0,prediction,GPS hea (1),mitte-EL,2.4200463773602765,
3917,1,prediction,GPS halb (0),mitte-EL,2.6396538158929976,
3918,0,upfront,GPS hea (1),EL,0.014673743365594755,0.4629629629629629
3919,0,upfront,GPS hea (1),EL,1.4718242597898759,1.2254545454545456
3920,0,upfront,GPS hea (1),EL,1.1747066492829206,1.0
3921,0,prediction,GPS hea (1),mitte-EL,0.09461568474444011,
3922,0,upfront,GPS hea (1),EL,1.0261331155573703,1.0191176470588235
3923,0,prediction,GPS halb (0),mitte-EL,2.3787085514834208,
3924,0,prediction,GPS halb (0),mitte-EL,0.8598427369292316,
3925,1,prediction,GPS halb (0),mitte-EL,1.1497378368491646,
3926,0,upfront,GPS hea (1),EL,1.0303611935089863,0.9722222222222222
3927,0,prediction,GPS hea (1),mitte-EL,0.9794643929386334,
3928,0,upfront,GPS hea (1),EL,1.0087924970691677,0.9904761904761905
3929,0,upfront,GPS hea (1),EL,1.3637530864197531,1.2278481012658227
3930,1,upfront,GPS hea (1),EL,1.631419105466593,1.6533333333333333
3931,0,prediction,GPS halb (0),mitte-EL,0.8509335782063054,
3932,0,prediction,GPS halb (0),mitte-EL,1.2565940366972477,
3933,0,upfront,GPS hea (1),EL,0.9190104166666667,0.8133333333333334
3934,0,upfront,GPS hea (1),EL,1.0045877659574467,0.987150837988827
3935,0,upfront,GPS hea (1),EL,1.384960331148672,1.2857142857142858
3936,0,upfront,GPS hea (1),EL,1.02313743637205,1.0758620689655174
3937,0,upfront,GPS hea (1),EL,1.0165582495564756,1.0
3938,0,upfront,GPS hea (1),EL,1.2135416666666667,1.2142857142857142
3939,0,upfront,GPS hea (1),EL,0.9848207754206291,0.9605263157894737
3940,0,upfront,GPS hea (1),EL,0.9877583556340033,0.9639705882352941
3941,0,upfront,GPS hea (1),EL,1.0063852882957665,0.9651428571428572
3942,0,upfront,GPS hea (1),EL,1.8769914783253057,1.3957142857142857
3943,0,upfront,GPS hea (1),EL,1.4644343174162868,1.2661016949152541
3944,0,prediction,GPS hea (1),mitte-EL,1.3397417503586802,
3945,0,upfront,GPS hea (1),EL,0.6576127320954908,0.7641509433962264
3946,0,upfront,GPS hea (1),EL,1.012318886832195,0.9951807228915661
3947,0,prediction,GPS halb (0),mitte-EL,1.0,
3948,0,upfront,GPS hea (1),EL,1.5435658914728683,1.2205882352941178
3949,0,prediction,GPS hea (1),mitte-EL,0.002745367192862045,
3950,0,prediction,GPS hea (1),mitte-EL,0.0,
3951,0,upfront,GPS hea (1),EL,1.0163290540786267,1.025595238095238
3952,0,upfront,GPS hea (1),EL,0.9559462254395036,0.9164556962025316
3953,0,upfront,GPS hea (1),EL,0.9927272727272727,0.9765306122448979
3954,0,upfront,GPS halb (0),EL,1.0020255863539445,0.98
3955,0,upfront,GPS hea (1),EL,0.9854049527455437,1.0210526315789474
3956,0,upfront,GPS hea (1),EL,1.0035874439461883,1.2163793103448275
3957,0,upfront,GPS hea (1),EL,1.2488411807757989,1.2273972602739727
3958,0,upfront,GPS hea (1),EL,1.0580395528804816,1.2318840579710144
3959,0,upfront_destination_changed,GPS hea (1),EL,1.7322526551145891,
3960,0,upfront,GPS hea (1),EL,0.9924176144648585,1.0898734177215188
3961,0,prediction,GPS hea (1),mitte-EL,1.4185823754789273,
3962,0,upfront,GPS hea (1),EL,1.5424596549805232,1.31
3963,0,upfront,GPS hea (1),EL,0.9070596624673164,0.8037037037037036
3964,0,upfront,GPS hea (1),EL,1.2970707825076757,1.4139784946236558
3965,0,upfront_destination_changed,GPS halb (0),EL,1.1354663914333634,
3966,0,upfront,GPS hea (1),EL,0.9691516709511568,0.8827586206896553
3967,1,prediction,GPS halb (0),mitte-EL,2.90668236679423,
3968,1,prediction,GPS halb (0),mitte-EL,1.6049353811575202,
3969,1,prediction,GPS halb (0),mitte-EL,0.8629734313171283,
3970,0,upfront,GPS hea (1),EL,1.444568868980963,1.3207547169811322
3971,1,prediction,GPS hea (1),mitte-EL,1.9230769230769231,
3972,0,prediction,GPS halb (0),mitte-EL,1.0,
3973,0,upfront,GPS hea (1),EL,0.807402625349688,0.8019607843137255
3974,0,prediction,GPS hea (1),mitte-EL,0.9996940492580695,
3975,0,upfront,GPS hea (1),EL,1.0499440924338428,0.9914893617021276
3976,0,upfront_destination_changed,GPS hea (1),EL,1.628286014721346,
3977,0,prediction,GPS halb (0),mitte-EL,0.8307593307593307,
3978,0,prediction,GPS hea (1),mitte-EL,1.2169160702667534,
3979,0,upfront,GPS hea (1),EL,1.8331622176591376,1.4923076923076923
3980,0,upfront,GPS hea (1),EL,0.9833600394428694,1.0285714285714287
3981,0,upfront,GPS hea (1),EL,0.0010180337405468296,0.4435483870967742
3982,0,upfront,GPS hea (1),EL,0.999072786277237,1.0090909090909093
3983,0,prediction,GPS halb (0),mitte-EL,1.0,
3984,0,upfront,GPS hea (1),EL,1.2855564761115714,1.2698412698412698
3985,0,upfront,GPS hea (1),EL,1.4424629878869448,1.411111111111111
3986,1,prediction,GPS halb (0),mitte-EL,2.1275012286737343,
3987,0,prediction,GPS hea (1),mitte-EL,0.26294820717131473,
3988,0,upfront,GPS hea (1),EL,1.5399529964747356,1.3977272727272727
3989,0,prediction,GPS hea (1),mitte-EL,0.9672509225092251,
3990,0,upfront,GPS hea (1),EL,1.0311158798283262,0.9848484848484849
3991,0,prediction,GPS hea (1),mitte-EL,1.8937076476282673,
3992,0,prediction,GPS halb (0),mitte-EL,2.471264367816092,
3993,0,upfront,GPS hea (1),EL,0.9959737232464505,0.9666666666666667
3994,0,prediction,GPS halb (0),mitte-EL,1.0,
3995,0,prediction,GPS halb (0),mitte-EL,1.0,
3996,0,upfront,GPS hea (1),EL,1.3709444100020665,1.2888888888888888
3997,0,prediction,GPS hea (1),mitte-EL,1.7534210176697222,
3998,0,upfront,GPS hea (1),EL,0.7800687285223368,0.8053191489361702
3999,0,upfront,GPS hea (1),EL,1.3876667868734223,1.2925925925925925
4000,0,upfront,GPS hea (1),EL,1.3591695501730103,1.2785714285714285
4001,0,upfront,GPS hea (1),EL,1.150240228541748,1.2435897435897436
4002,0,prediction,GPS hea (1),mitte-EL,0.38113714370989404,
4003,0,upfront,GPS hea (1),EL,1.015741507870754,1.2328358208955223
4004,0,upfront_destination_changed,GPS hea (1),EL,1.009984399375975,
4005,0,upfront,GPS hea (1),EL,0.9666077738515901,1.31375
4006,0,upfront,GPS hea (1),EL,1.0208373904576435,1.0047619047619047
4007,0,upfront,GPS hea (1),EL,1.1933949062412539,1.1378378378378378
4008,0,upfront,GPS hea (1),EL,1.0954805856142584,1.0209302325581395
4009,0,prediction,GPS halb (0),mitte-EL,1.0145827175091142,
4010,0,upfront,GPS hea (1),EL,1.343959282078757,1.3151515151515152
4011,0,prediction,GPS hea (1),mitte-EL,1.0480231836058786,
4012,0,upfront,GPS hea (1),EL,1.2188460225332878,1.2980392156862746
4013,0,upfront,GPS hea (1),EL,0.9965585054080629,1.0333333333333334
4014,0,upfront,GPS hea (1),EL,0.9588059701492537,1.0
4015,0,upfront,GPS hea (1),EL,1.196078431372549,1.241025641025641
4016,0,upfront,GPS hea (1),EL,0.739268680445151,0.8333333333333334
4017,0,prediction,GPS hea (1),mitte-EL,0.01955104996379435,
4018,0,upfront,GPS hea (1),EL,1.4822974036191974,1.3459677419354839
4019,0,prediction,GPS hea (1),mitte-EL,1.0950351587470701,
4020,0,upfront,GPS hea (1),EL,1.026061057334326,1.026315789473684
4021,0,prediction,GPS halb (0),mitte-EL,0.36935041171088745,
4022,0,upfront,GPS hea (1),EL,2.207643312101911,1.5131578947368423
4023,0,prediction,GPS hea (1),mitte-EL,0.213898916967509,
4024,0,upfront,GPS hea (1),EL,1.1031291317761127,1.5648648648648649
4025,0,upfront,GPS halb (0),EL,1.0669080876013106,1.1771739130434784
4026,0,upfront,GPS hea (1),EL,1.139434595112602,1.0680851063829786
4027,0,prediction,GPS hea (1),mitte-EL,1.0683556798552274,
4028,0,prediction,GPS halb (0),mitte-EL,2.5529437609841827,
4029,0,prediction,GPS halb (0),mitte-EL,0.3183885640025991,
4030,0,upfront,GPS hea (1),EL,1.0756340579710144,1.293103448275862
4031,0,upfront,GPS hea (1),EL,1.6946334089191233,1.0
4032,0,prediction,GPS hea (1),mitte-EL,1.095225499272583,
4033,0,upfront,GPS hea (1),EL,0.959892016968762,0.9237113402061857
4034,0,upfront,GPS hea (1),EL,1.2818035426731078,1.526315789473684
4035,0,upfront,GPS hea (1),EL,0.020546372819100094,0.3252032520325203
4036,0,upfront,GPS hea (1),EL,1.0294117647058822,1.0450980392156863
4037,0,upfront,GPS hea (1),EL,11.266584766584767,2.641860465116279
4038,0,prediction,GPS hea (1),mitte-EL,1.0668595796527567,
4039,0,upfront,GPS hea (1),EL,1.7512615811817478,1.8027522935779814
4040,0,upfront,GPS hea (1),EL,1.001735809755251,0.9557692307692307
4041,0,upfront_destination_changed,GPS halb (0),EL,0.0045525205418609814,
4042,0,prediction,GPS halb (0),mitte-EL,1.0,
4043,0,prediction,GPS halb (0),mitte-EL,1.0,
4044,0,upfront,GPS hea (1),EL,0.8476678349959558,0.8288888888888889
4045,0,prediction,GPS hea (1),mitte-EL,1.2796787148594377,
4046,0,prediction,GPS halb (0),mitte-EL,1.0,
4047,0,upfront,GPS hea (1),EL,1.488693648278842,1.3243243243243243
4048,1,prediction,GPS halb (0),mitte-EL,0.5759946168727396,
4049,0,prediction,GPS hea (1),mitte-EL,0.0,
4050,0,upfront,GPS hea (1),EL,0.9754658097209776,0.9750708215297452
4051,0,upfront,GPS hea (1),EL,1.0315113791091228,1.0135135135135134
4052,0,upfront,GPS hea (1),EL,2.313100375887512,2.2724137931034485
4053,0,upfront,GPS hea (1),EL,1.0086563053314972,0.9344262295081968
4054,0,upfront,GPS hea (1),EL,1.2182081856268128,1.169021739130435
4055,0,upfront,GPS hea (1),EL,1.291926433915212,1.5704918032786885
4056,0,upfront,GPS hea (1),EL,1.9396681749622926,1.4777777777777779
4057,0,prediction,GPS hea (1),mitte-EL,0.0599008834302952,
4058,0,upfront,GPS hea (1),EL,1.0,1.0
4059,0,prediction,GPS halb (0),mitte-EL,1.8588807785888077,
4060,0,prediction,GPS hea (1),mitte-EL,1.1089627176583698,
4061,0,prediction,GPS halb (0),mitte-EL,1.9405600722673892,
4062,0,upfront,GPS hea (1),EL,1.003790271636134,0.9848484848484849
4063,0,prediction,GPS hea (1),mitte-EL,1.1044776119402986,
4064,0,upfront,GPS hea (1),EL,0.24701723376049492,0.5555555555555556
4065,1,upfront,GPS hea (1),EL,2.047330850403476,2.2676767676767677
4066,0,prediction,GPS hea (1),mitte-EL,1.1694762868060238,
4067,0,upfront,GPS hea (1),EL,1.04857621440536,1.0145454545454546
4068,0,prediction,GPS hea (1),mitte-EL,1.1219401631912964,
4069,0,upfront,GPS hea (1),EL,1.2080987181023122,1.2311688311688311
4070,0,upfront,GPS halb (0),EL,0.06692283061159142,0.22727272727272727
4071,1,upfront,GPS hea (1),EL,1.0066239091578173,2.0190476190476194
4072,0,prediction,GPS halb (0),mitte-EL,1.0,
4073,0,upfront,GPS hea (1),EL,1.3507928388746804,1.255128205128205
4074,0,upfront,GPS hea (1),EL,1.402421069851137,1.2611111111111108
4075,0,upfront,GPS hea (1),EL,0.009619631901840491,0.18382352941176472
4076,0,upfront,GPS hea (1),EL,0.08064743138634764,0.390625
4077,0,prediction,GPS hea (1),mitte-EL,0.9448110377924415,
4078,0,upfront,GPS hea (1),EL,2.069452980946527,1.3
4079,0,prediction,GPS hea (1),mitte-EL,1.2118537200504413,
4080,0,upfront,GPS hea (1),EL,1.310190754425159,1.188095238095238
4081,0,upfront,GPS hea (1),EL,1.8143270157404432,1.4756756756756757
4082,0,upfront,GPS hea (1),EL,1.638588912886969,1.4388888888888889
4083,1,prediction,GPS halb (0),mitte-EL,1.0,
4084,0,upfront,GPS hea (1),EL,1.2951909292323733,1.2016393442622952
4085,0,upfront,GPS hea (1),EL,1.06849663235481,1.0390625
4086,0,prediction,GPS hea (1),mitte-EL,1.1826050242769686,
4087,0,upfront,GPS hea (1),EL,0.9728483606557377,1.001111111111111
4088,0,upfront,GPS hea (1),EL,1.0878201777313121,0.9982142857142857
4089,0,upfront_destination_changed,GPS hea (1),EL,2.389025245441795,
4090,0,upfront,GPS hea (1),EL,1.1111997871774408,1.0229166666666667
4091,0,upfront,GPS hea (1),EL,1.006464250734574,1.2428571428571427
4092,0,prediction,GPS halb (0),mitte-EL,1.308904109589041,
4093,0,prediction,GPS hea (1),mitte-EL,0.9355107135427502,
4094,0,prediction,GPS halb (0),mitte-EL,0.012635909491625037,
4095,0,prediction,GPS halb (0),mitte-EL,1.0,
4096,0,upfront,GPS hea (1),EL,1.4576271186440677,1.444
4097,0,upfront,GPS hea (1),EL,1.3251406573882143,1.2529411764705882
4098,0,upfront,GPS hea (1),EL,0.9223985890652557,1.0285714285714287
4099,0,upfront,GPS hea (1),EL,0.9989664082687338,0.9500000000000001
4100,0,prediction,GPS halb (0),mitte-EL,1.0,
4101,0,prediction,GPS halb (0),mitte-EL,1.0,
4102,1,prediction,GPS halb (0),mitte-EL,1.0,
4103,0,prediction,GPS hea (1),mitte-EL,0.9017600918308781,
4104,0,upfront,GPS hea (1),EL,1.149789029535865,1.3828571428571428
4105,0,prediction,GPS halb (0),mitte-EL,1.0,
4106,0,prediction,GPS hea (1),mitte-EL,0.00045421511627906976,
4107,0,upfront,GPS halb (0),EL,1.5833333333333333,1.8277777777777777
4108,1,prediction,GPS hea (1),mitte-EL,1.8168022872223444,
4109,0,upfront,GPS hea (1),EL,1.061860465116279,1.1404761904761904
4110,0,upfront,GPS hea (1),EL,1.0003775009437523,0.9333333333333332
4111,1,prediction,GPS hea (1),mitte-EL,0.00023798191337458352,
4112,0,upfront,GPS hea (1),EL,1.5083000630384535,1.5216216216216216
4113,0,puudub,GPS hea (1),EL,,
4114,0,upfront,GPS hea (1),EL,1.4541977433543698,1.4680851063829787
4115,0,upfront,GPS hea (1),EL,1.4047533309326612,1.2823529411764707
4116,0,upfront,GPS hea (1),EL,1.1432978261917386,1.255737704918033
4117,0,prediction,GPS hea (1),mitte-EL,0.9848379226211224,
4118,0,upfront,GPS hea (1),EL,0.977362607391245,0.8911764705882352
4119,0,upfront,GPS hea (1),EL,0.9113948539369318,0.922680412371134
4120,0,upfront,GPS hea (1),EL,1.0251057443034521,0.9672897196261683
4121,0,upfront,GPS hea (1),EL,0.8452200303490136,0.806
4122,0,upfront,GPS hea (1),EL,1.1593810444874275,1.2044776119402985
4123,0,upfront,GPS hea (1),EL,0.411888782358581,0.45454545454545453
4124,0,prediction,GPS hea (1),mitte-EL,0.002393162393162393,
4125,0,prediction,GPS hea (1),mitte-EL,0.0006794632240529981,
4126,0,prediction,GPS hea (1),mitte-EL,0.9905929983329365,
4127,0,prediction,GPS hea (1),mitte-EL,1.1019908797686575,
4128,0,upfront,GPS hea (1),EL,1.0623646600259853,1.1418181818181818
4129,0,prediction,GPS halb (0),mitte-EL,1.0,
4130,0,upfront,GPS hea (1),EL,1.0977249224405377,1.3171428571428572
4131,0,prediction,GPS hea (1),mitte-EL,1.5344225352112677,
4132,0,upfront_destination_changed,GPS halb (0),EL,6.624353225250086,
4133,0,prediction,GPS halb (0),mitte-EL,1.0,
4134,0,upfront,GPS hea (1),EL,0.8436467061265278,0.8956521739130434
4135,0,upfront,GPS hea (1),EL,0.0006697923643670462,1.0
4136,0,prediction,GPS hea (1),mitte-EL,0.9434222258247548,
4137,0,upfront,GPS hea (1),EL,1.367161845191556,1.3594936708860759
4138,0,upfront,GPS hea (1),EL,1.1117701671136786,1.134108527131783
4139,0,upfront,GPS hea (1),EL,1.0292397660818713,1.025925925925926
4140,0,upfront,GPS hea (1),EL,1.30698506725904,1.194915254237288
4141,0,upfront,GPS hea (1),EL,1.5864280891289668,1.4352941176470588
4142,0,upfront,GPS hea (1),EL,0.972299454227165,0.9545454545454546
4143,0,prediction,GPS halb (0),mitte-EL,1.0,
4144,0,upfront,GPS hea (1),EL,1.5887949260042282,1.2115384615384615
4145,0,prediction,GPS hea (1),mitte-EL,0.9228776232835305,
4146,0,upfront,GPS hea (1),EL,1.2531728478267061,1.2732409381663115
4147,0,upfront,GPS hea (1),EL,0.8722980659840728,0.925
4148,0,prediction,GPS halb (0),mitte-EL,1.0,
4149,0,upfront,GPS hea (1),EL,8.14270724029381,2.484848484848485
4150,0,upfront,GPS halb (0),EL,1.2287814129919392,1.18955223880597
4151,0,upfront,GPS hea (1),EL,1.0014961101137043,1.2356060606060606
4152,0,upfront,GPS hea (1),EL,0.5624683864441072,0.911111111111111
4153,0,upfront,GPS hea (1),EL,1.0007309941520468,0.98
4154,0,upfront,GPS hea (1),EL,0.5802192326856004,0.7027027027027027
4155,0,prediction,GPS hea (1),mitte-EL,0.8733260338583341,
4156,0,upfront,GPS hea (1),EL,0.8710569105691057,0.9072192513368984
4157,0,upfront,GPS hea (1),EL,0.6891348088531187,1.0
4158,0,prediction,GPS hea (1),mitte-EL,0.11106165145782328,
4159,0,prediction,GPS hea (1),mitte-EL,0.002651152514912733,
4160,0,upfront_destination_changed,GPS hea (1),EL,0.38713219148001754,
4161,0,upfront,GPS hea (1),EL,1.3111898435193385,1.2475409836065574
4162,0,upfront,GPS hea (1),EL,0.8994574548451343,0.90625
4163,0,upfront,GPS hea (1),EL,1.5154194369783562,1.4344086021505376
4164,0,upfront,GPS hea (1),EL,1.6062992125984252,1.3666666666666667
4165,0,upfront,GPS hea (1),EL,0.9907252546753839,0.9629213483146067
